page_number,status,source_tokens,stored_tokens,tokens_match,chunk_id,has_embedding,embedding_dim,retrievable,first_source_token,first_stored_token,last_source_token,last_stored_token
1,EMPTY_PAGE,0,0,true,,false,,false,"","","",""
2,PASS,76,76,true,f4922def-7a18-4c23-8554-5ac5c557f645,true,768,true,"table","table","12","12"
3,EMPTY_PAGE,0,0,true,,false,,false,"","","",""
4,EMPTY_PAGE,0,0,true,,false,,false,"","","",""
5,EMPTY_PAGE,0,0,true,,false,,false,"","","",""
6,PASS,5,5,true,4ce6523f-5f84-4d12-9af6-1b6af2e70e9e,true,768,true,"the","the","parva","parva"
7,PASS,7,7,true,cc529ee9-f34d-4b29-add7-7185b028b940,true,768,true,"the","the","menon","menon"
8,PASS,213,213,true,4db32caf-8277-4ff1-837d-b3deb720dc18,true,768,true,"first","first",".","."
9,PASS,11,11,true,59dd7001-8a12-4fdf-b79a-ea5cb7f58cf7,true,768,true,"for","for","publisher","publisher"
10,PASS,193,193,true,4e1e904c-660d-402d-b6b5-12a34ee2376e,true,768,true,"contents","contents","continued","continued"
11,PASS,223,223,true,07f354e3-bb81-41cb-94ee-7eaa5f3e3581,true,768,true,"canto","canto","continued","continued"
12,PASS,259,259,true,bfe78ab9-eac9-41ce-9c91-31f0158aa84c,true,768,true,"canto","canto","continued","continued"
13,PASS,269,269,true,459a2f96-59a8-4d11-9bb3-3dfbe39915fe,true,768,true,"canto","canto","continued","continued"
14,PASS,223,223,true,eb4ac04e-405e-4e75-bec2-75b01f1626e6,true,768,true,"canto","canto","continued","continued"
15,PASS,258,258,true,b496259f-914f-48f2-8a46-1e5ec3862b5f,true,768,true,"canto","canto","continued","continued"
16,PASS,150,150,true,ab2f4fcf-838a-4437-b0c4-5d67b0cb1e66,true,768,true,"canto","canto","continued","continued"
17,PASS,335,335,true,58fe161a-f572-443b-bc09-63a5976c0ab6,true,768,true,"a","a","editor","editor"
18,PASS,38,38,true,d3b10536-195b-4fbb-b3f6-70be334e4d96,true,768,true,"a","a",".","."
19,PASS,382,382,true,6a98a5b5-2061-438a-b0ce-c18296efde0e,true,768,true,"canto","canto","finished","finished"
20,PASS,502,502,true,5bfb2344-6617-48b5-955f-028737e6b400,true,768,true,"your","your","at","at"
21,PASS,511,511,true,9191e511-0e58-4599-9b77-3a295e578593,true,768,true,"the","the",".","."
22,PASS,523,523,true,36cb8a0b-bb91-4c05-b2d0-473381957c9e,true,768,true,"the","the","art","art"
23,PASS,516,516,true,cc96f398-b9f4-461a-94bb-155d09743645,true,768,true,"of","of","as","as"
24,PASS,496,496,true,90f99404-3633-4b6c-b2d7-f9a578ae84bc,true,768,true,"the","the","dharma","dharma"
25,PASS,508,508,true,5bee7424-f768-4ef7-8052-a3cb51c6a3be,true,768,true,"of","of","the","the"
26,PASS,457,457,true,6edf1055-31b3-4f7f-99db-6254bd2f4945,true,768,true,"sons","sons",".","."
27,PASS,483,483,true,9e4afe0f-73b2-4711-8c61-4317559ec348,true,768,true,"and","and",".","."
28,PASS,529,529,true,71305b87-2f9a-4a25-8d9b-8762d82e9d8d,true,768,true,"hear","hear","invincible","invincible"
29,PASS,577,577,true,1bc0dad2-654a-45e0-b14b-39a01ed901b1,true,768,true,"brothers","brothers","had","had"
30,PASS,586,586,true,81234461-9cf9-4c6c-a30e-36486cb5ca0a,true,768,true,"no","no","varieties","varieties"
31,PASS,576,576,true,bff6c0a7-ab9c-4cd0-85ae-f286cb7d7107,true,768,true,"of","of","of","of"
32,PASS,562,562,true,540df7bb-4872-4f0f-8ecb-bd988668f8d5,true,768,true,"victory","victory","the","the"
33,PASS,490,490,true,b1c81c81-d407-46ba-bcd4-06815009f071,true,768,true,"achievement","achievement",",",","
34,PASS,523,523,true,28601796-bd1e-48a3-9d87-8c9919f5a281,true,768,true,"pundra","pundra",";",";"
35,PASS,520,520,true,d70d3ec4-4cae-4ffb-845e-5401cee3d6f2,true,768,true,"likewise","likewise","has","has"
36,PASS,138,138,true,ddbd71d3-138c-47bc-90db-94aee34f0f96,true,768,true,"been","been",".","."
37,PASS,413,413,true,05f2e65b-1888-4eab-99ff-f6de905767e0,true,768,true,"canto","canto",",",","
38,PASS,538,538,true,1f63477b-3aa6-4d84-9db3-1d47315fd848,true,768,true,"eager","eager","provides","provides"
39,PASS,537,537,true,01e34be0-e9c8-4261-8f45-86aea9d312c6,true,768,true,"the","the",",",","
40,PASS,531,531,true,21402f91-1605-487e-8fdc-8372ab300f27,true,768,true,"mriga","mriga","that","that"
41,PASS,472,472,true,d44c16bc-0740-40d5-be27-ee46d50e0984,true,768,true,"tells","tells",",",","
42,PASS,482,482,true,0a02e6aa-a706-4a81-a349-84a119495785,true,768,true,"avians","avians","other","other"
43,PASS,424,424,true,2208f359-c70e-4ce7-81c0-55b529f92ffa,true,768,true,"crowned","crowned",".","."
44,PASS,496,496,true,1eac6db7-384f-4f2c-b8a2-2bda19eb1504,true,768,true,"the","the","the","the"
45,PASS,514,514,true,6deb55d5-845c-463b-bb21-2148cafc1739,true,768,true,"pandavas","pandavas","the","the"
46,PASS,521,521,true,b7896111-07c6-4514-82a9-be908b680225,true,768,true,"yakshas","yakshas",";",";"
47,PASS,532,532,true,b620a44a-64c5-417e-8122-e213e835b024,true,768,true,"virata","virata","of","of"
48,PASS,515,515,true,7b739fe8-cd6a-4416-8204-99c09a586725,true,768,true,"yoga","yoga","razes","razes"
49,PASS,508,508,true,042d4ee1-9370-4f05-84ce-b293bc605af1,true,768,true,"seven","seven","tremendous","tremendous"
50,PASS,548,548,true,1c1b4818-bbc1-4e7b-87db-0b9cfba567a0,true,768,true,"force","force","and","and"
51,PASS,499,499,true,c495f6af-4d06-413e-beaa-4f648616a3df,true,768,true,"give","give","the","the"
52,PASS,502,502,true,86e9c0cc-a992-40f8-b740-de1ef5332f58,true,768,true,"unequalled","unequalled","the","the"
53,PASS,502,502,true,bf82995d-cbb2-4e97-b878-52bea445c365,true,768,true,"extermination","extermination","then","then"
54,PASS,501,501,true,45ad088b-598c-4d7c-9c14-d33f81b8374a,true,768,true,"yudhishtira","yudhishtira","the","the"
55,PASS,84,84,true,d0cb3720-ffa8-4d1a-9543-91fb26d0cd0c,true,768,true,"first","first","'","'"
56,PASS,378,378,true,41a25854-9841-46b5-a4e7-c3341378902f,true,768,true,"canto","canto",""","""
57,PASS,519,519,true,632335f7-5107-4152-bacd-58e4f8e396d2,true,768,true,"the","the",".","."
58,PASS,541,541,true,41adadf3-65b2-4623-890b-c49cbcce100e,true,768,true,"upamanyu","upamanyu",""","""
59,PASS,512,512,true,d54c7704-ece6-43ff-94b9-00ebec33cba7,true,768,true,"upamanyu","upamanyu","every","every"
60,PASS,527,527,true,c1a7e488-442a-4f67-a753-7bc33e198932,true,768,true,"battle","battle","!","!"
61,PASS,511,511,true,8f500cbb-0b70-473f-aa50-fa63adbab0ea,true,768,true,"you","you",".","."
62,PASS,522,522,true,2a41a913-73ab-477e-b1a2-57e0e1e09e0c,true,768,true,"the","the","the","the"
63,PASS,500,500,true,b3d1419a-97e8-4ca7-9e1f-6752dc0966ba,true,768,true,"brahmanas","brahmanas",".","."
64,PASS,479,479,true,211450c7-6899-4c2f-acc6-af80b9bf13db,true,768,true,"having","having",""","""
65,PASS,536,536,true,f3214671-0e97-4d02-8ff3-ca023ac069c8,true,768,true,"paushya","paushya","?","?"
66,PASS,496,496,true,635be9f7-a987-48bb-b4a5-b9c14d475c74,true,768,true,"when","when","i","i"
67,PASS,536,536,true,1fb0d995-6810-4f32-851a-7c50329d5df1,true,768,true,"give","give","from","from"
68,PASS,456,456,true,6644657b-a6d3-4293-9933-33074736f3e5,true,768,true,"takshashila","takshashila","gigantea","gigantea"
69,PASS,374,374,true,a3858311-0af1-49cd-a45a-38272c8b02dd,true,768,true,"canto","canto",".","."
70,PASS,392,392,true,9449edc7-5c01-4366-9eca-00c78489d4bb,true,768,true,"canto","canto",".","."
71,PASS,558,558,true,8317c1c3-6bc7-420d-8a93-689ad0488c81,true,768,true,"at","at","i","i"
72,PASS,21,21,true,ded262d5-e0c5-47b3-8e8f-936c7ee1676d,true,768,true,"dare","dare","'","'"
73,PASS,410,410,true,114073be-65fc-40bf-8b81-1b3207a0a905,true,768,true,"canto","canto","'","'"
74,PASS,11,11,true,18a65857-fc98-4ecd-8b89-b65694c6e4f2,true,768,true,"—","—","osprey","osprey"
75,PASS,429,429,true,c6ea911d-1e42-4392-8819-c758e404551d,true,768,true,"canto","canto",".","."
76,PASS,501,501,true,0efebf81-2469-43fa-a09b-d7647e95c0cf,true,768,true,"the","the","'","'"
77,PASS,405,405,true,b7e27265-e672-4a64-89a0-6220f333fc73,true,768,true,"canto","canto",".","."
78,PASS,261,261,true,b4f68eb9-e91b-4f85-bf4a-a82524edfb71,true,768,true,"a","a","'","'"
79,PASS,395,395,true,6e20769f-074f-4da6-a36c-1024f5cded58,true,768,true,"canto","canto",",",","
80,PASS,255,255,true,37c11904-e537-4a94-91c7-eed64b852252,true,768,true,""",""","'","'"
81,PASS,263,263,true,0ebeb389-47a8-485e-906f-c851f27c064c,true,768,true,"canto","canto",""","""
82,PASS,397,397,true,dccaa1d2-ae6d-437e-afb8-107b4d3725be,true,768,true,"canto","canto","is","is"
83,PASS,69,69,true,26ee25bf-0463-483e-9d29-b38b512ec922,true,768,true,"not","not","'","'"
84,PASS,154,154,true,7e0f09fe-4ad5-4e72-b452-060f1ba4024a,true,768,true,"canto","canto","'","'"
85,PASS,407,407,true,2b77ebd1-3265-4718-9f59-11f8f42d2a3a,true,768,true,"canto","canto","that","that"
86,PASS,392,392,true,6636d368-50d6-4081-8f1f-95e59cf5f50a,true,768,true,"lives","lives","'","'"
87,PASS,199,199,true,579b4da3-ce41-48be-a100-2b5f5319715e,true,768,true,"canto","canto","'","'"
88,PASS,339,339,true,0dabf637-e4dd-4a8f-bf79-4205dc97fed7,true,768,true,"canto","canto","'","'"
89,PASS,393,393,true,0ba692f8-5209-4ec3-9fc4-4359bfbfc086,true,768,true,"canto","canto","the","the"
90,PASS,188,188,true,da393087-3a8d-4805-ab3e-e6a76cd72e28,true,768,true,"lower","lower","'","'"
91,PASS,342,342,true,c987083a-9473-47ad-a906-d2d41301b56c,true,768,true,"canto","canto","'","'"
92,PASS,410,410,true,6fa4b18e-ecb7-4c16-b44c-fc8bcba2901a,true,768,true,"canto","canto",".","."
93,PASS,464,464,true,705a5ebf-11dd-4b5f-96c5-471ae39a7bdf,true,768,true,"then","then",""","""
94,PASS,206,206,true,f005e430-084d-434e-8a0c-c48cf74056a1,true,768,true,"airavata","airavata","'","'"
95,PASS,393,393,true,194fd9aa-c5f9-42dc-ad52-e091fabf5d51,true,768,true,"canto","canto",".","."
96,PASS,512,512,true,7211b9a3-24a7-4d61-8919-fbe88f5bb33e,true,768,true,"and","and","the","the"
97,PASS,48,48,true,00522140-ca64-46f3-8a4e-f87792d1a40d,true,768,true,"devas","devas","'","'"
98,PASS,380,380,true,242c4b64-8da6-425a-8a48-8395ae7e141c,true,768,true,"canto","canto","away","away"
99,PASS,94,94,true,5104e2fa-7ebf-4ea0-ab57-c2852c7f57e6,true,768,true,"to","to","'","'"
100,PASS,356,356,true,7fa1c44a-d3e5-4858-8092-a5c00162055f,true,768,true,"canto","canto","vishnu","vishnu"
101,PASS,176,176,true,6737e823-4dce-4b9d-b2a0-6104c6509891,true,768,true,"padmanabha","padmanabha","'","'"
102,PASS,147,147,true,eb71c913-24d3-4a20-bb6d-3f28011b8820,true,768,true,"canto","canto","'","'"
103,PASS,394,394,true,a6d99b49-73a5-4b92-abe6-128e0ec47558,true,768,true,"canto","canto",""","""
104,PASS,517,517,true,d1ada3fb-f44c-429b-a726-64bd254bf52d,true,768,true,"agni","agni",".","."
105,PASS,124,124,true,a8635b60-5a34-453a-a3e1-0ed745b85b51,true,768,true,"your","your","'","'"
106,PASS,391,391,true,685f24ef-7c82-4fb5-a614-58c52eba37af,true,768,true,"canto","canto",""","""
107,PASS,150,150,true,ca8e59a9-5934-4dd2-bcf5-c91e139f41ef,true,768,true,"the","the","'","'"
108,PASS,443,443,true,498d76ae-289a-44ef-b3b4-7b1657dc7798,true,768,true,"canto","canto",",",","
109,PASS,99,99,true,f5b581c1-f7bb-43af-9dfa-2bca825c5e89,true,768,true,"teeming","teeming","'","'"
110,PASS,208,208,true,55fc4280-68b7-4858-84f8-171d3978c6cb,true,768,true,"canto","canto","'","'"
111,PASS,390,390,true,bb056a08-c95f-4889-a080-4316023756bc,true,768,true,"canto","canto",""","""
112,PASS,52,52,true,1371105e-10ba-4c37-bf8c-a78855e697dd,true,768,true,"hearing","hearing","'","'"
113,PASS,405,405,true,30868609-19a1-4622-96f8-2bcf4c5fdd3c,true,768,true,"canto","canto",".","."
114,PASS,194,194,true,439bb464-ca19-4dbc-9120-e74bf8df3402,true,768,true,"i","i","'","'"
115,PASS,410,410,true,0bdec92c-7e49-4fc9-b1ea-d30bf74b1882,true,768,true,"canto","canto",".","."
116,PASS,490,490,true,713634ce-86b2-4566-a467-e23d4aa2143a,true,768,true,"once","once","brimful","brimful"
117,PASS,292,292,true,a5869566-6007-453d-a24e-8901c0d74072,true,768,true,"of","of","'","'"
118,PASS,383,383,true,dc10c0ad-a510-4437-87c8-50ed50ed7a52,true,768,true,"canto","canto",""","""
119,PASS,484,484,true,a72460b6-bbd9-44f8-9150-d322a17e563c,true,768,true,"then","then",",",","
120,PASS,470,470,true,bb115459-2488-4f27-a858-afb1bcf567e7,true,768,true,"nothing","nothing","'","'"
121,PASS,403,403,true,e069b397-2f29-4f83-adf9-27a81a541530,true,768,true,"canto","canto","deva","deva"
122,PASS,495,495,true,af3da4f6-3a3e-4e1a-8097-2fae84667f33,true,768,true,"king","king",".","."
123,PASS,71,71,true,18e0c83e-802e-4026-b9e6-e460ef6df3e1,true,768,true,"her","her","'","'"
124,PASS,372,372,true,a19a28c0-1a2f-4e0d-8111-c81eaff37ca2,true,768,true,"canto","canto",",",","
125,PASS,218,218,true,b565dadb-4b1f-4daa-a512-7282cf2a9052,true,768,true,"and","and","'","'"
126,PASS,418,418,true,8606f4f7-33b0-40c6-b030-b022c8c2c7f5,true,768,true,"canto","canto","you","you"
127,PASS,227,227,true,204c3b4e-6238-4ce5-b322-53a11bad42f6,true,768,true,"shall","shall",""","""
128,PASS,403,403,true,e1b0a3db-f257-4f4b-be73-35855a7a8d72,true,768,true,"canto","canto",".","."
129,PASS,351,351,true,7de254f5-50e4-48d0-ad4d-8b1c98319d5d,true,768,true,"the","the","'","'"
130,PASS,335,335,true,1d83d5e4-0959-475c-aa39-fac26f4ba6ba,true,768,true,"canto","canto","'","'"
131,PASS,420,420,true,0a3f4297-b3fc-412f-bdaf-b8cbd4cac59e,true,768,true,"canto","canto","you","you"
132,PASS,341,341,true,5a006483-8681-4d59-959e-99f91d89a4ee,true,768,true,"anything","anything","'","'"
133,PASS,401,401,true,012e5f1d-2712-482a-abd1-c92a80e6138e,true,768,true,"canto","canto","must","must"
134,PASS,366,366,true,844d34af-b78c-4436-a160-b4e379da94ba,true,768,true,"depend","depend","'","'"
135,PASS,395,395,true,f55de1d9-80db-4529-be9e-9ef826082f8d,true,768,true,"canto","canto","a","a"
136,PASS,113,113,true,3e6797e6-3a52-4ca4-8b15-60c5b8b34865,true,768,true,"sister","sister","'","'"
137,PASS,302,302,true,d8d1f57c-c0ed-44af-b48f-3ea924bad48b,true,768,true,"canto","canto",""","""
138,PASS,385,385,true,eb0ad81c-9585-4bf7-8c8c-99de9a64c15b,true,768,true,"canto","canto","of","of"
139,PASS,415,415,true,d7e94234-6165-4495-ac72-1fcbbf5b17e3,true,768,true,"abhimanyu","abhimanyu","'","'"
140,PASS,426,426,true,35252f17-8859-4a06-b042-8162798100be,true,768,true,"canto","canto","break","break"
141,PASS,265,265,true,77088d57-25c7-483e-899e-5c8ade9b3f52,true,768,true,"dharma","dharma","'","'"
142,PASS,393,393,true,c4a59e53-8269-466c-b0f4-38865b7e37b5,true,768,true,"canto","canto",".","."
143,PASS,491,491,true,1a9cb167-7701-4f12-856e-77973f258d45,true,768,true,"soon","soon","knowing","knowing"
144,PASS,199,199,true,b5f94553-983d-4fa7-bb60-6a83033474d5,true,768,true,"brahmana","brahmana","'","'"
145,PASS,384,384,true,d5baab71-9418-43d6-9f4c-50ab404fdb44,true,768,true,"canto","canto",""","""
146,PASS,437,437,true,d7891607-77d4-4954-9764-0bcff880ad21,true,768,true,"kashyapa","kashyapa","'","'"
147,PASS,397,397,true,b942adb7-8e5a-40cf-8f41-ba78916c818a,true,768,true,"canto","canto","'","'"
148,PASS,391,391,true,04f075e3-25f7-48c3-91a6-637efb2a279d,true,768,true,"canto","canto",".","."
149,PASS,467,467,true,4c6fe28c-ee00-4215-8422-7f885dd4d117,true,768,true,"brahmana","brahmana","'","'"
150,PASS,450,450,true,ac54f181-6938-42db-876a-929d58ec5b03,true,768,true,"canto","canto","give","give"
151,PASS,147,147,true,ce4225c8-9185-4ee2-9cbd-fe64517d63f0,true,768,true,"her","her","'","'"
152,PASS,421,421,true,64fda2d8-9ca7-4304-817c-a823d4f8536e,true,768,true,"canto","canto",".","."
153,PASS,572,572,true,1cdfa448-7888-41a3-9e5c-336a1bdd3b11,true,768,true,"brahmana","brahmana","veda","veda"
154,PASS,22,22,true,4bd35c9c-7027-4bea-a1c7-bd3d3b0388e7,true,768,true,"and","and","'","'"
155,PASS,381,381,true,e13d0c9e-58b9-4b6d-b8a4-4a3304b7f72a,true,768,true,"canto","canto",".","."
156,PASS,146,146,true,d9006962-58f9-4cf0-be31-08404a02b289,true,768,true,"he","he","'","'"
157,PASS,371,371,true,60270740-f81e-484e-95c7-be5e2552fd57,true,768,true,"canto","canto",".","."
158,PASS,449,449,true,6a1b9500-ace3-4fcd-9418-e059a9ab174c,true,768,true,"he","he","'","'"
159,PASS,414,414,true,0fb55e62-1851-4150-9829-e1de300719e2,true,768,true,"canto","canto",".","."
160,PASS,486,486,true,b6da44d1-e1e9-4583-9aed-6b98ae205a54,true,768,true,"arriving","arriving",""","""
161,PASS,474,474,true,d450854c-5a72-4d94-a1d6-78657aefc823,true,768,true,"king","king","'","'"
162,PASS,379,379,true,d6c7ff93-2ad1-423f-b4f0-3d6a40aab5a1,true,768,true,"canto","canto","were","were"
163,PASS,42,42,true,45015fdd-9f35-4eb4-b5bf-9762cf063688,true,768,true,"taken","taken","'","'"
164,PASS,304,304,true,ee548650-2480-436a-bb68-b933c63df2f8,true,768,true,"canto","canto","'","'"
165,PASS,359,359,true,0d4b5cdc-513e-4f2d-a403-58db35316dd8,true,768,true,"canto","canto",".","."
166,PASS,267,267,true,c95d9e42-c2bf-44ef-b3f9-3a9b76a2ea77,true,768,true,"indra","indra","'","'"
167,PASS,410,410,true,257a6872-bc7e-461a-9eec-063803bff05a,true,768,true,"canto","canto",""","""
168,PASS,300,300,true,820945ab-6363-41e8-9122-c5be49228bfb,true,768,true,"he","he","'","'"
169,PASS,402,402,true,d9f8316b-2519-42f6-a898-7f11fdbbb6d6,true,768,true,"canto","canto","and","and"
170,PASS,276,276,true,2bfa7dda-ec96-4536-b250-a9ec1ad44983,true,768,true,"chitrabhanu","chitrabhanu","'","'"
171,PASS,402,402,true,5901115b-0c06-4865-a95f-18c5117ab5ed,true,768,true,"canto","canto",""","""
172,PASS,404,404,true,14990ab7-b559-4645-bf5d-667b7a020f1a,true,768,true,"the","the","'","'"
173,PASS,364,364,true,a9a4f531-4175-4703-b9c7-f49cfb4266fc,true,768,true,"canto","canto",",",","
174,PASS,183,183,true,f7948e8d-bf8a-4b8b-8f90-9275600985d9,true,768,true,"varahaka","varahaka","'","'"
175,PASS,359,359,true,f6f92b4b-0e11-49b9-b112-7a0eb0b2d46e,true,768,true,"canto","canto","his","his"
176,PASS,334,334,true,dda61de7-cc06-4f5e-bcd0-bee602773763,true,768,true,"uncle","uncle","'","'"
177,PASS,269,269,true,1091e42b-467b-4895-8596-001b2f8f5d8e,true,768,true,"canto","canto","'","'"
178,PASS,365,365,true,f9df5481-c3b3-466e-af93-e19115d3471a,true,768,true,"canto","canto","of","of"
179,PASS,272,272,true,2edc444a-a07b-4255-8aca-0aee350c16ed,true,768,true,"sacred","sacred","'","'"
180,PASS,376,376,true,477056f2-6179-41d7-a3b2-90439fc7e08c,true,768,true,"canto","canto",".","."
181,PASS,481,481,true,15d37aa2-c1f8-45e7-9d79-fd054dfb12d8,true,768,true,"while","while","those","those"
182,PASS,453,453,true,a693e40d-4ffd-4506-b3d2-0fac0aab5612,true,768,true,"bulls","bulls","sachi","sachi"
183,PASS,369,369,true,1ecffe35-5d08-43a5-aca5-a922e0a3cfdc,true,768,true,"married","married",".","."
184,PASS,333,333,true,05f86b13-9f53-48bf-8265-3bc9a4b3ea13,true,768,true,"canto","canto","the","the"
185,PASS,487,487,true,413002ac-bcec-4255-afed-2c8229e5e4d3,true,768,true,"illumined","illumined",".","."
186,PASS,470,470,true,b365e379-9e5a-4f3a-bfff-26d08fd22564,true,768,true,"the","the","exquisite","exquisite"
187,PASS,161,161,true,74d06cdd-f94f-43ca-bb28-fb16120c4a70,true,768,true,"and","and","'","'"
188,PASS,404,404,true,eb8af656-b741-4864-bfe1-d40fc1b47dea,true,768,true,"canto","canto",".","."
189,PASS,483,483,true,456b10a3-5c26-4977-964a-5708647f69ae,true,768,true,"i","i",".","."
190,PASS,509,509,true,5750ef60-177a-46c5-8873-311ab49a179d,true,768,true,"the","the",".","."
191,PASS,512,512,true,9cf3d055-9191-4e6e-a329-13bca4ad55fc,true,768,true,"the","the","'","'"
192,PASS,491,491,true,481b7afb-614b-4044-9589-be61ead6bb15,true,768,true,"parasara","parasara",".","."
193,PASS,519,519,true,c34a1c2c-3fa4-4de3-be28-02c4dab4fc24,true,768,true,"he","he",".","."
194,PASS,478,478,true,8f4295ce-b8c3-4b97-a28a-f0084cdac0c6,true,768,true,"dhrishtadyumna","dhrishtadyumna",".","."
195,PASS,49,49,true,a3adcc04-d5eb-4d53-a496-86fc3094760a,true,768,true,"why","why","'","'"
196,PASS,370,370,true,d5930e66-80ce-4899-8c7f-47aafb752e64,true,768,true,"canto","canto",".","."
197,PASS,489,489,true,42fa4dfd-c83e-4f21-9b6e-36e9a6f560a4,true,768,true,"o","o","the","the"
198,PASS,474,474,true,a56f1afc-32cd-4d43-8cec-df767d807ad5,true,768,true,"rakshasas","rakshasas","'","'"
199,PASS,219,219,true,406a8f0a-f5fb-4f0b-a343-07a47c74433f,true,768,true,"when","when",""","""
200,PASS,392,392,true,de31bbb3-9e0b-4ac9-82cb-c15c49ed4f14,true,768,true,"canto","canto",".","."
201,PASS,495,495,true,2cc5eceb-79c0-4129-bd7e-3fc7c1d4e937,true,768,true,"o","o",".","."
202,PASS,281,281,true,c761a409-c176-4f01-b37d-0c63b8324a34,true,768,true,"bhimasena","bhimasena",""","""
203,PASS,390,390,true,1eca5837-2012-4e1a-af32-b5fbf5785065,true,768,true,"canto","canto",".","."
204,PASS,508,508,true,c9c56fdf-1e53-402b-bb09-a0aa477a5fb2,true,768,true,"soma","soma",".","."
205,PASS,464,464,true,eca8ce20-4f82-404a-afec-27c1b92b29e2,true,768,true,"tvashtri","tvashtri",".","."
206,PASS,473,473,true,0de35da3-2e6c-4798-a415-2c8efdcc1507,true,768,true,"brahma","brahma",".","."
207,PASS,115,115,true,03672d47-9228-4c6f-be76-5353d89c8691,true,768,true,"surasa","surasa",""","""
208,PASS,344,344,true,52f2212e-9c02-4c3f-ad2a-d2501ce4dddf,true,768,true,"canto","canto","master","master"
209,PASS,436,436,true,3e468cf5-09b7-4992-a875-d57aa7eb094f,true,768,true,"of","of",".","."
210,PASS,467,467,true,11f8bc5a-4a7d-49fa-b7cc-a4dc8939b7a2,true,768,true,"the","the","!","!"
211,PASS,481,481,true,6365153d-e20b-4127-958f-52bd5514761b,true,768,true,"satyaki","satyaki",",",","
212,PASS,474,474,true,ca3170b5-9d78-4f77-b7f1-35a69fcf6a0d,true,768,true,"bhimabala","bhimabala",".","."
213,PASS,523,523,true,c0960ffe-1b62-4cba-8abb-2a6336c9b2d1,true,768,true,"on","on","golden","golden"
214,PASS,504,504,true,95a0bef2-417f-4153-82b8-e5d1b4a6cc93,true,768,true,"armour","armour","in","in"
215,PASS,346,346,true,f6382cd6-4c03-4d35-b3a7-984d7d59abcb,true,768,true,"this","this",".","."
216,PASS,375,375,true,6a9a8e2b-8aeb-44a9-8910-3fd3619f5744,true,768,true,"canto","canto",".","."
217,PASS,111,111,true,58b7233f-f88e-4dc5-82e6-a8c62dfaa9f9,true,768,true,"he","he",""","""
218,PASS,357,357,true,fd024c9b-0f3c-47e5-9f45-104c29687065,true,768,true,"canto","canto","chariot","chariot"
219,PASS,355,355,true,7e8b6d07-ac8b-4765-9860-f7a9a11eb418,true,768,true,"wheels","wheels",""","""
220,PASS,381,381,true,f2686b59-6af9-4845-beb0-e512d7ac3559,true,768,true,"canto","canto",".","."
221,PASS,485,485,true,f31b54b8-506d-4714-83be-6a1476d4907a,true,768,true,"their","their",",",","
222,PASS,487,487,true,6aaa49f9-6442-43df-9711-c838a6c91494,true,768,true,"whose","whose",".","."
223,PASS,126,126,true,5db49f3f-95a9-4d45-bc63-6a06f0180f24,true,768,true,"dushyanta","dushyanta",""","""
224,PASS,378,378,true,9d7aa6e6-83c6-4490-ba49-e438f02eb1cb,true,768,true,"canto","canto","'","'"
225,PASS,493,493,true,8da8d465-00db-4613-8bbb-0aeac2d56de7,true,768,true,"dushyanta","dushyanta","he","he"
226,PASS,300,300,true,9b0200dc-78cd-4fa9-8eaa-cd4424957708,true,768,true,"can","can",""","""
227,PASS,381,381,true,5bb0204e-6926-4165-a962-0a29cb13ec2f,true,768,true,"canto","canto",".","."
228,PASS,162,162,true,70f1b99e-037c-4db4-80c8-3cf4ec09f912,true,768,true,"later","later",""","""
229,PASS,378,378,true,7f88be0c-76cf-4dc4-9499-5df4644a942d,true,768,true,"canto","canto","perfectly","perfectly"
230,PASS,500,500,true,7d3d4987-f337-48da-9de6-7de8df992e2d,true,768,true,"lawful","lawful","'","'"
231,PASS,57,57,true,b998150e-aee9-4a61-8f91-e2a57c996555,true,768,true,"kanva","kanva",""","""
232,PASS,378,378,true,5c4d8264-e09a-43ff-9911-476933139dc4,true,768,true,"canto","canto",".","."
233,PASS,545,545,true,8984349b-6391-45ff-a604-fddd558813f0,true,768,true,"arriving","arriving",".","."
234,PASS,548,548,true,74584787-79f0-44ae-b3b0-a5beb24c62c8,true,768,true,"i","i",".","."
235,PASS,555,555,true,8d692f8f-5b65-4f2d-8c6d-8dc4c846062f,true,768,true,"men","men","are","are"
236,PASS,531,531,true,4e54ee4a-5d01-4311-994f-3d68d7f78fda,true,768,true,"urvasi","urvasi","at","at"
237,PASS,519,519,true,52806786-bf8b-41b8-b51f-4ee0bb3465ea,true,768,true,"will","will","among","among"
238,PASS,517,517,true,863f734b-b063-43d2-9358-a0ed40b5d75e,true,768,true,"kshatriyas","kshatriyas","accepted","accepted"
239,PASS,502,502,true,3f383b54-5c91-493d-b428-b2b83b885ace,true,768,true,"him","him",""","""
240,PASS,373,373,true,95124b0a-f09e-479e-b81f-dab8b8f910ce,true,768,true,"canto","canto","manu","manu"
241,PASS,481,481,true,e597fb33-5244-4eda-a4f2-b3baa72f44cf,true,768,true,"possesses","possesses","rules","rules"
242,PASS,537,537,true,d254cf19-3372-43fc-8989-ae60c154156b,true,768,true,"all","all","'","'"
243,PASS,136,136,true,32eeccfb-574f-4d8f-bc84-b6a0e3bf06ea,true,768,true,"after","after",""","""
244,PASS,387,387,true,901f9274-4c54-4b97-a1f7-9dfa4f07eb73,true,768,true,"canto","canto","flattering","flattering"
245,PASS,523,523,true,a9b733bb-9143-40c0-90bb-b3656a75afa6,true,768,true,"devayani","devayani","'","'"
246,PASS,558,558,true,66e28492-b5f4-46cf-a4fc-dc5faba714c8,true,768,true,"kacha","kacha","'","'"
247,PASS,534,534,true,541676f5-113b-4615-bc10-1cc0816e90b1,true,768,true,"compelled","compelled","deceived","deceived"
248,PASS,194,194,true,a3527199-18ad-4344-8916-6f0bbd1fc7a5,true,768,true,"him","him",""","""
249,PASS,425,425,true,e2db9e34-c964-4c80-92f4-314aa3dad5a6,true,768,true,"canto","canto","did","did"
250,PASS,264,264,true,3de13ec7-103a-4ee2-8f21-8ac3e6a2d509,true,768,true,"not","not",""","""
251,PASS,395,395,true,ce7c8d77-890e-446c-a810-eada9ec1f52b,true,768,true,"canto","canto","'","'"
252,PASS,544,544,true,4b19b629-522e-4235-a2f5-a64184406306,true,768,true,"devayani","devayani","to","to"
253,PASS,286,286,true,14dba76b-f65c-49b3-9792-17607c67af67,true,768,true,"me","me",""","""
254,PASS,362,362,true,cc19f82a-370d-46d5-aa7e-17e615b39b71,true,768,true,"canto","canto",""","""
255,PASS,411,411,true,0c4b4298-352e-49fe-99ea-e3d8d519ab7e,true,768,true,"c","c",",",","
256,PASS,501,501,true,a8adfa74-6ccc-4980-9b5b-8b73378bbfe2,true,768,true,"horses","horses",""","""
257,PASS,345,345,true,33440905-108f-4646-81dc-eb6eb087e453,true,768,true,"canto","canto","'","'"
258,PASS,507,507,true,9ebec570-552c-42ef-9ee9-b934f60fddfd,true,768,true,"yayati","yayati","in","in"
259,PASS,273,273,true,7b3ad4b9-e71d-400e-aed0-3c3c56468505,true,768,true,"chitraratha","chitraratha",""","""
260,PASS,399,399,true,ea4bcc1b-a9d7-45ac-8d3f-15fcf1440dde,true,768,true,"canto","canto",".","."
261,PASS,562,562,true,3451569f-9c96-4caa-84c9-3c746d64da22,true,768,true,"you","you",""","""
262,PASS,394,394,true,6d364b7b-a55c-44e3-b013-1bcd09250169,true,768,true,"canto","canto","caress","caress"
263,PASS,545,545,true,c659db6d-1886-4ebc-84fe-306a539fd22f,true,768,true,"them","them","as","as"
264,PASS,176,176,true,6d954f72-0bd7-46ef-9c82-1d210bf33862,true,768,true,"theft","theft",""","""
265,PASS,440,440,true,551a6c74-a3d1-4518-9225-e7b2a1a85fae,true,768,true,"canto","canto","'","'"
266,PASS,538,538,true,a44c624f-60ae-4244-875e-eead546071b9,true,768,true,"yayati","yayati","'","'"
267,PASS,27,27,true,a6130a8a-1efd-4975-af93-ea6cbcddf5db,true,768,true,"the","the",""","""
268,PASS,382,382,true,aec96638-fc57-41ff-b62d-2657a457f317,true,768,true,"canto","canto",".","."
269,PASS,561,561,true,e337dad8-d749-4c08-ba45-1268cb728a2a,true,768,true,"one","one","is","is"
270,PASS,219,219,true,44588f4a-48bc-474d-beeb-18fa695d9b05,true,768,true,"the","the",""","""
271,PASS,381,381,true,4638eb1c-1d91-4fbc-9825-791f31d4cd73,true,768,true,"canto","canto","and","and"
272,PASS,157,157,true,1229b335-2029-4ec9-9399-ec1f2bf61f2c,true,768,true,"offerings","offerings",""","""
273,PASS,378,378,true,893d53f8-b657-4978-be54-2c9a31c53808,true,768,true,"canto","canto",".","."
274,PASS,96,96,true,4010ae4c-5e15-4c3d-a048-475b0051a0dd,true,768,true,"he","he",""","""
275,PASS,412,412,true,5adedbc6-5119-408d-a9f8-1abbc5f16f90,true,768,true,"canto","canto","you","you"
276,PASS,92,92,true,9f37a64c-585a-4187-b7a7-96515fbe50fb,true,768,true,"no","no",""","""
277,PASS,383,383,true,e74600d0-5441-4f74-99e8-d81b30f9348d,true,768,true,"canto","canto",".","."
278,PASS,541,541,true,ee27fd81-ea7a-4799-aa43-b12cc1449f42,true,768,true,"o","o","'","'"
279,PASS,52,52,true,74067f1a-97e0-4fcc-acb1-cf9eb3ba9a8b,true,768,true,"they","they","'","'"
280,PASS,376,376,true,fa0790cd-d79f-4033-a01c-777c5404bef4,true,768,true,"canto","canto","who","who"
281,PASS,537,537,true,269f862f-21b6-46bc-a51e-da0ddf6312fb,true,768,true,"appear","appear",",",","
282,PASS,306,306,true,d9c4b1ef-b6c7-4cfc-86ec-d789b06eb7b0,true,768,true,"asceticism","asceticism",""","""
283,PASS,358,358,true,12db619b-232d-4de3-9298-3a726a9b392a,true,768,true,"canto","canto","'","'"
284,PASS,403,403,true,038d1236-3860-4940-b6be-ed398098e8f9,true,768,true,"ashtaka","ashtaka",""","""
285,PASS,338,338,true,6107add8-b424-4bfa-8eda-eefcde8f4fea,true,768,true,"canto","canto","'","'"
286,PASS,570,570,true,91652944-8ca9-4002-81c1-dce9a328d9ae,true,768,true,"yayati","yayati","i","i"
287,PASS,89,89,true,4b0d333e-47aa-439f-9c83-c5a34ffc706b,true,768,true,"would","would","'","'"
288,PASS,419,419,true,7039777f-66c1-4f36-a787-0777ff3d2545,true,768,true,"canto","canto","'","'"
289,PASS,506,506,true,672317e3-61b6-43bc-99b2-0cb2312bfcf9,true,768,true,"yayati","yayati",".","."
290,PASS,111,111,true,124ec6de-c30c-4192-9fbe-dd2fbbb4dc6e,true,768,true,"ashtaka","ashtaka",""","""
291,PASS,367,367,true,a1b96cb1-9c94-4960-af4e-5ea3d838ca3e,true,768,true,"canto","canto","son","son"
292,PASS,471,471,true,f3c1a9d1-8075-482d-af3c-381b06d3cb02,true,768,true,"matinara","matinara",".","."
293,PASS,493,493,true,10886163-1b4d-4e8c-9f01-e247efca5d76,true,768,true,"riksha","riksha",",",","
294,PASS,215,215,true,f3ac1a70-1b56-480b-b1be-da1110785273,true,768,true,"pandu","pandu",""","""
295,PASS,368,368,true,eff6b48a-dfc0-48e7-8166-08888091f4c1,true,768,true,"canto","canto",".","."
296,PASS,443,443,true,736ac0a6-4713-4125-b814-e79288f97fb4,true,768,true,"sanyati","sanyati",".","."
297,PASS,448,448,true,c09a8f0f-318f-4046-ad8d-a061e670f568,true,768,true,"their","their","'","'"
298,PASS,478,478,true,a485db75-9559-4637-8628-47aa7d2a905b,true,768,true,"she","she","'","'"
299,PASS,496,496,true,5665d47d-7137-425c-aff9-64d0c149c11f,true,768,true,"after","after",".","."
300,PASS,343,343,true,640ac533-694d-454a-94b0-807febee30b7,true,768,true,"he","he",""","""
301,PASS,396,396,true,9b8a0149-c7c6-47b1-a518-bb2867e19de8,true,768,true,"canto","canto","see","see"
302,PASS,337,337,true,0add5a17-61a1-43d3-8739-4520e2e79f66,true,768,true,"him","him",""","""
303,PASS,407,407,true,4b8ff994-e256-4683-a6e3-1e4f67185bb3,true,768,true,"canto","canto",".","."
304,PASS,538,538,true,dbcb9511-5e30-498d-96ca-44501e77ca6a,true,768,true,"the","the",".","."
305,PASS,87,87,true,a6c94d73-8bc2-462e-9028-a32b1c68397b,true,768,true,"she","she",""","""
306,PASS,412,412,true,8915ce64-e321-42f6-8781-c98744a280af,true,768,true,"canto","canto","him","him"
307,PASS,410,410,true,f649c2cd-1afa-40ed-8018-12fafa255f5c,true,768,true,"into","into",""","""
308,PASS,408,408,true,80f24c31-167f-4dc8-9e40-d15d8a44d6e4,true,768,true,"canto","canto","this","this"
309,PASS,522,522,true,3346c25f-50b7-4c67-bd40-8cf607e8aa0b,true,768,true,"tapovana","tapovana",""","""
310,PASS,180,180,true,648dd981-af3a-41a8-a7a6-6f832d51e2c3,true,768,true,"with","with",""","""
311,PASS,391,391,true,9a25d856-69e3-4a93-a809-8a4f73ab14c9,true,768,true,"canto","canto",".","."
312,PASS,516,516,true,e12c0233-f835-494b-ad59-2845aa7858bd,true,768,true,"he","he",".","."
313,PASS,508,508,true,fcfea3c8-cd12-4e04-be0b-8cdc5d327fb1,true,768,true,"shantanu","shantanu",".","."
314,PASS,534,534,true,102c6c50-4c00-43ef-9d44-cf7be43f7180,true,768,true,"shantanu","shantanu","a","a"
315,PASS,511,511,true,ca9b2921-ad12-4bea-9d22-f0e59aa1caac,true,768,true,"hundred","hundred","to","to"
316,PASS,536,536,true,a91d164b-e9b3-44b0-b54f-f0461721dbcd,true,768,true,"your","your",".","."
317,PASS,121,121,true,910a098d-342d-4d56-86a4-31f78e91c1ae,true,768,true,"bhishma","bhishma",""","""
318,PASS,369,369,true,9781e5af-2785-4ed9-b7d3-0bf46a069a4c,true,768,true,"canto","canto",""","""
319,PASS,369,369,true,7a682ef1-1a65-43f5-96aa-45d2a5cc97f9,true,768,true,"canto","canto",".","."
320,PASS,480,480,true,7820b784-4a6f-43eb-97e3-1b23f38828a1,true,768,true,"but","but","goring","goring"
321,PASS,532,532,true,715b3ef2-1d5b-41e2-a24f-5f4deb523ec9,true,768,true,"it","it","he","he"
322,PASS,312,312,true,36400a24-14cf-443b-a00d-b3b581f79a45,true,768,true,"too","too",""","""
323,PASS,382,382,true,84c4686d-1bbf-4522-a29b-61af8b9592dd,true,768,true,"canto","canto",".","."
324,PASS,445,445,true,11efd28c-238f-42fe-99d9-0be4b7a1e17f,true,768,true,"bhishma","bhishma",""","""
325,PASS,392,392,true,36be4ed0-f81b-4545-b1a3-784474212217,true,768,true,"canto","canto",""","""
326,PASS,493,493,true,5b0e6f2b-84f4-4ec4-b8f0-eb0c778c3d0e,true,768,true,"brihaspati","brihaspati",""","""
327,PASS,418,418,true,016eca92-067d-41be-b3b1-f1712481c3f2,true,768,true,"the","the",""","""
328,PASS,421,421,true,6de56938-3a2b-4c9a-8542-d29469e36592,true,768,true,"canto","canto",".","."
329,PASS,548,548,true,62905abe-bd7b-4f72-a52a-9b3cfb23ca8b,true,768,true,"if","if","to","to"
330,PASS,529,529,true,2f647e5c-5a3b-4927-be8d-3487b1318e6c,true,768,true,"continue","continue",".","."
331,PASS,118,118,true,18e54be3-0c36-4232-9f5f-042cb2a17be9,true,768,true,"do","do",""","""
332,PASS,406,406,true,4ff1274a-b763-435c-a23e-f558777111d7,true,768,true,"canto","canto",".","."
333,PASS,521,521,true,4920d8d7-2cc3-48c1-9187-b31143f5e457,true,768,true,"securing","securing","her","her"
334,PASS,80,80,true,94446262-bf5c-41a3-b0ce-000d9b1dc162,true,768,true,"how","how",""","""
335,PASS,342,342,true,42e5218d-d734-4cc5-9846-cae43deadca5,true,768,true,"canto","canto",""","""
336,PASS,396,396,true,1a527b27-db74-47f6-9649-622d5066f17c,true,768,true,"canto","canto","'","'"
337,PASS,191,191,true,4596486e-b68c-4fc5-aa99-d194e78fe855,true,768,true,"said","said",""","""
338,PASS,348,348,true,d2dfb06d-867e-4ab6-bd0a-cd06e435caa7,true,768,true,"canto","canto",".","."
339,PASS,360,360,true,6c41dca3-baae-4bc3-9d76-3be3c3cd0707,true,768,true,"o","o",""","""
340,PASS,386,386,true,1a5288ba-20bf-40b4-a10e-09a2ee5eee66,true,768,true,"canto","canto",".","."
341,PASS,155,155,true,634e49a6-9599-4f5e-9a1c-d08630d31430,true,768,true,"subala","subala",""","""
342,PASS,375,375,true,b96c279b-9a90-4c3f-a0bc-c76a6fb62a21,true,768,true,"canto","canto","'","'"
343,PASS,487,487,true,ea7fa260-12f5-4c08-8c87-2000f210e9e7,true,768,true,"surya","surya","of","of"
344,PASS,119,119,true,acf5538f-46cd-4e02-8526-467fdcb37e0b,true,768,true,"the","the",""","""
345,PASS,380,380,true,c2ea5ef7-7c3a-4d61-b1c3-98dc2fd4625c,true,768,true,"c","c",""","""
346,PASS,422,422,true,64929c9b-f57e-40d3-9747-897aed1ff394,true,768,true,"canto","canto","tradition","tradition"
347,PASS,457,457,true,0632518b-e09b-45e2-bbbe-0dd245ff9505,true,768,true,"relating","relating",",",","
348,PASS,378,378,true,838c8092-e1b3-479f-8028-6e53f647ba43,true,768,true,"and","and",""","""
349,PASS,357,357,true,32637014-7058-4316-b482-3549c40d4758,true,768,true,"canto","canto","—","—"
350,PASS,20,20,true,85f9596a-297b-43f3-b423-f37283a91fe9,true,768,true,"6","6","dhritarashtra","dhritarashtra"
351,PASS,351,351,true,3adcebd1-cf25-41f2-826d-95fd0976eb77,true,768,true,"canto","canto","'","'"
352,PASS,517,517,true,aa8c6d97-866e-4410-bdeb-59ede360f92e,true,768,true,"gandhari","gandhari",".","."
353,PASS,223,223,true,e3be202e-d127-46e6-bcf6-bdc18b9c2b2c,true,768,true,"but","but",""","""
354,PASS,423,423,true,b0894c72-1cc9-4bb4-af53-79bd5a219b65,true,768,true,"canto","canto","the","the"
355,PASS,73,73,true,640a5295-6544-4adf-abcb-960e885a8f1b,true,768,true,"others","others",""","""
356,PASS,321,321,true,61dbb708-3fcb-4469-8b3d-778dc1720249,true,768,true,"canto","canto",""","""
357,PASS,381,381,true,f769085e-020c-4619-82ba-fa049ce20b13,true,768,true,"canto","canto","must","must"
358,PASS,534,534,true,e1b56f4d-03f5-4c7e-9b2b-48029174b52d,true,768,true,"not","not",".","."
359,PASS,154,154,true,70ee1be0-8bef-4847-b0a2-886f02c15b9c,true,768,true,"you","you",""","""
360,PASS,374,374,true,eb8d8a94-895c-4555-b40a-782872f0c376,true,768,true,"canto","canto",".","."
361,PASS,547,547,true,a2bae522-8ff5-474d-a624-6ea1f4d58fd5,true,768,true,"once","once","and","and"
362,PASS,412,412,true,a75a5ff4-5135-401f-8583-95a2618e1d3e,true,768,true,"cold","cold",""","""
363,PASS,361,361,true,d14fb869-4752-4cfd-b591-491794bc6a89,true,768,true,"canto","canto",",",","
364,PASS,513,513,true,1da71835-7ab0-453c-9916-e339045205e2,true,768,true,"other","other","who","who"
365,PASS,519,519,true,cb9abbf2-134e-4f62-ba39-bd8cc2eda098,true,768,true,"expound","expound",""","""
366,PASS,377,377,true,81220625-fe8e-4ea6-95a5-b131f78f29b0,true,768,true,"canto","canto",".","."
367,PASS,545,545,true,b9a0bcc2-a99f-4b95-bf3a-48f59b2fe1bf,true,768,true,"when","when",""","""
368,PASS,63,63,true,203c7102-d929-400e-af5e-b0e31a184c05,true,768,true,"bhadra","bhadra",""","""
369,PASS,400,400,true,26c682da-09bf-4c76-b3ec-332f627e611b,true,768,true,"canto","canto","considered","considered"
370,PASS,499,499,true,200584e2-aca5-4fad-9177-77f1dffcee71,true,768,true,"sinners","sinners","'","'"
371,PASS,266,266,true,cfd1b882-6bcd-4e8f-bad1-ba5483dfeef4,true,768,true,"o","o",""","""
372,PASS,384,384,true,142128f0-02d5-43ff-85ff-3d3ca1c436eb,true,768,true,"canto","canto","'","'"
373,PASS,506,506,true,6d5214ae-1517-4755-a4a4-6dd8433dbe26,true,768,true,"smiling","smiling",".","."
374,PASS,525,525,true,059ef6e5-a144-415d-8a71-f19a84997fbb,true,768,true,"in","in","of","of"
375,PASS,477,477,true,b6d621b1-2bf8-4d51-a432-066bfa1000d3,true,768,true,"all","all",".","."
376,PASS,305,305,true,127abd74-48ad-49cf-9473-f2a291b0c0f5,true,768,true,"dhatri","dhatri",""","""
377,PASS,392,392,true,6ce33a0e-f227-44df-82ff-9f41a8e2bc7a,true,768,true,"canto","canto",".","."
378,PASS,502,502,true,c5bbb631-ca7e-43ab-afc5-3acb9a4b0815,true,768,true,"i","i","their","their"
379,PASS,87,87,true,15127ef4-5a6e-4ec2-8ea0-d193b089203b,true,768,true,"eyes","eyes",""","""
380,PASS,391,391,true,46e9dde0-a02b-4261-aa63-f1293621450c,true,768,true,"canto","canto","'","'"
381,PASS,573,573,true,a92daf08-fb73-4ec5-84fd-9642e3826c06,true,768,true,"telling","telling","among","among"
382,PASS,11,11,true,7c53e9c4-0e5b-4bcb-860c-df98709e0140,true,768,true,"men","men",""","""
383,PASS,371,371,true,c08feb1d-c9bd-4a88-99cf-6d1f2f4ba232,true,768,true,"canto","canto",".","."
384,PASS,506,506,true,697bfdb7-766c-49b7-b5f3-8ddeaafc2d3f,true,768,true,"the","the","the","the"
385,PASS,27,27,true,f98a371b-7ebb-40c6-91c2-93b7f495bb06,true,768,true,"munis","munis",""","""
386,PASS,379,379,true,f003486c-9d5e-4fef-b395-8f4fe9e47f9d,true,768,true,"canto","canto","ornamental","ornamental"
387,PASS,419,419,true,c0419628-2c62-45e4-a5d0-fa9aff98019b,true,768,true,"vessel","vessel",".","."
388,PASS,390,390,true,f0e8bae9-768b-4976-b2ab-a9b8d6b166f6,true,768,true,"canto","canto","'","'"
389,PASS,522,522,true,3a173d68-61f9-4dcf-aa3b-75e269c069c1,true,768,true,"now","now","he","he"
390,PASS,474,474,true,d5d9f30f-8941-42e2-8b06-0c1cc45c2556,true,768,true,"has","has","second","second"
391,PASS,452,452,true,1cea48b2-f43f-461a-a691-e91447118a5f,true,768,true,"pandava","pandava",""","""
392,PASS,407,407,true,50fb0788-8687-4ab7-874c-fd33f3966f0e,true,768,true,"canto","canto","'","'"
393,PASS,470,470,true,bbb201b0-e65d-4827-bc51-57fa16f70b40,true,768,true,"vidura","vidura",".","."
394,PASS,185,185,true,64b8e3cf-7c1c-4bee-9433-283d0139d4f1,true,768,true,"some","some",""","""
395,PASS,393,393,true,e8e202e0-6332-4923-90cc-ee2cf1b9dbce,true,768,true,"canto","canto","'","'"
396,PASS,185,185,true,9b180818-32ae-4f8c-8a05-a0789db3521a,true,768,true,"and","and",""","""
397,PASS,400,400,true,1f460d1f-84bb-479e-8c07-8c826fcf94cf,true,768,true,"canto","canto",".","."
398,PASS,461,461,true,e78c068b-80f1-4f9e-a850-c57db80290e4,true,768,true,"seeing","seeing",".","."
399,PASS,300,300,true,ac3ca8e5-99cb-44a4-acdd-04fdf26e5808,true,768,true,"drona","drona",""","""
400,PASS,396,396,true,2c414508-0392-44de-ab16-a9c2e7363b8e,true,768,true,"canto","canto",""","""
401,PASS,412,412,true,77f69425-abee-4d8f-bd33-c132bb5d7b15,true,768,true,"canto","canto","weapons","weapons"
402,PASS,506,506,true,66561035-7ae8-4746-8b1b-44b5df9112ae,true,768,true,"do","do",".","."
403,PASS,546,546,true,6b26b34a-12ec-4706-adf0-13b072d326ec,true,768,true,"in","in",".","."
404,PASS,437,437,true,7451e752-29bc-4373-92f5-56f3f5da8a57,true,768,true,"time","time",""","""
405,PASS,376,376,true,938c3167-21e2-4f15-937d-34d627b20b49,true,768,true,"canto","canto",".","."
406,PASS,541,541,true,7fc0e9e5-68ac-4ac9-9717-400826f92be1,true,768,true,"drona","drona",",",","
407,PASS,494,494,true,391a3e6d-14cc-4ead-a712-400045726afb,true,768,true,"and","and","ekalavya","ekalavya"
408,PASS,525,525,true,907acd73-b349-44c4-a446-029059798b35,true,768,true,"was","was","its","its"
409,PASS,289,289,true,c0f6f13f-ea60-4fcd-97d7-174ecbae5d8d,true,768,true,"head","head",".","."
410,PASS,426,426,true,06b4d727-5b12-47c0-ae74-090bfdbbf399,true,768,true,"canto","canto","like","like"
411,PASS,131,131,true,d65280c3-de41-45fc-a5b2-56128e249b0a,true,768,true,"the","the",""","""
412,PASS,378,378,true,ccc2159e-e2a3-46f3-b730-3afeb448ef28,true,768,true,"canto","canto",".","."
413,PASS,492,492,true,f86ff963-0165-40a1-b5af-98b224661b7a,true,768,true,"wearing","wearing",".","."
414,PASS,109,109,true,76c04fea-5b2b-47b8-aaad-36654c9d2fdf,true,768,true,"next","next",""","""
415,PASS,357,357,true,fea52544-eca5-4fe7-964f-c37ebb7b162d,true,768,true,"canto","canto","'","'"
416,PASS,481,481,true,c00d771f-bd2c-45c5-b64a-1406ec3ab134,true,768,true,"'","'","'","'"
417,PASS,81,81,true,5e2753f8-4dcf-4001-a7d7-461ce6033275,true,768,true,"every","every",""","""
418,PASS,381,381,true,f14d591e-aec3-490b-81e6-eabb4474fad1,true,768,true,"canto","canto",".","."
419,PASS,529,529,true,65d54d78-8797-4155-a799-5e105bfffcec,true,768,true,"duryodhana","duryodhana",".","."
420,PASS,339,339,true,52a95516-7617-4ff7-8f16-8c7a8355be63,true,768,true,"kripa","kripa",""","""
421,PASS,416,416,true,78977630-5436-48dc-bf66-4b7a57af2fcf,true,768,true,"canto","canto","our","our"
422,PASS,321,321,true,eb5a7d33-bbcb-43f8-9380-59e3fcb8c330,true,768,true,"peerless","peerless",""","""
423,PASS,384,384,true,0e8c32e0-dd94-4f46-b8fd-6c67438d9afb,true,768,true,"canto","canto","'","'"
424,PASS,476,476,true,c27d3fa8-c276-4b23-ba4c-9de7cd6b083d,true,768,true,"thus","thus",".","."
425,PASS,482,482,true,16b124e0-de20-4802-b43f-8a020d115b90,true,768,true,"like","like",".","."
426,PASS,496,496,true,6680f415-f4fe-4040-b904-c8744a5f244e,true,768,true,"satyajit","satyajit",".","."
427,PASS,420,420,true,e8eea868-84cf-4d7e-948f-87028f08f0cb,true,768,true,"says","says",""","""
428,PASS,416,416,true,d575f4ba-d079-4c47-8593-d097a17734f0,true,768,true,"canto","canto","your","your"
429,PASS,430,430,true,6ca2492d-6119-4774-98df-8c09e6073359,true,768,true,"brothers","brothers",""","""
430,PASS,383,383,true,d9eb3989-ce93-4fce-bae6-b5679dba0ffb,true,768,true,"canto","canto","towards","towards"
431,PASS,487,487,true,b8c65124-275f-4191-9c54-376d3c294afd,true,768,true,"him","him","'","'"
432,PASS,544,544,true,e2da600a-718b-49bc-b45a-0891ca30d414,true,768,true,"dhritarashtra","dhritarashtra",""","""
433,PASS,536,536,true,90f39a31-b95d-4aff-85b8-abe03b667d15,true,768,true,"the","the","kill","kill"
434,PASS,513,513,true,5ca6fe6f-76c8-40e1-b16d-71b8cfb517cb,true,768,true,"your","your",".","."
435,PASS,513,513,true,2c2b0886-2b16-4247-9c05-6cdfb7b5c6f3,true,768,true,"a","a","serve","serve"
436,PASS,461,461,true,e950bb70-3b6d-40b2-bae6-f5ba6c2d6b52,true,768,true,"you","you","friends","friends"
437,PASS,211,211,true,d0f9be1c-4e7d-4303-bbed-6ae286633d28,true,768,true,"and","and",""","""
438,PASS,361,361,true,bea1b46e-40d5-451d-b2ec-abe6b5b35585,true,768,true,"canto","canto","escaped","escaped"
439,PASS,490,490,true,4e2f218c-0c23-4ca5-b323-a46b03c1f8e8,true,768,true,"secretly","secretly","'","'"
440,PASS,198,198,true,6a6bd093-88b4-4ea4-9e15-c9eb96d5e6b0,true,768,true,"when","when",""","""
441,PASS,385,385,true,7575c0d1-d1dc-4407-a47f-cf0f0ab2cca1,true,768,true,"canto","canto","i","i"
442,PASS,234,234,true,36148aab-afcb-4c67-9b5c-c9d40ac74791,true,768,true,"and","and",""","""
443,PASS,404,404,true,1b4373ad-8c6a-4efd-a058-55197dc6e1d7,true,768,true,"canto","canto","'","'"
444,PASS,62,62,true,b7e9c5a2-1f44-4b98-a98b-6d56abfd871b,true,768,true,"the","the",""","""
445,PASS,383,383,true,f3e1de6c-4cd3-4fe3-917a-747cad437eba,true,768,true,"canto","canto","'","'"
446,PASS,60,60,true,5498e2ff-3c39-4ae4-b23d-a34debc24ac5,true,768,true,"purochana","purochana",""","""
447,PASS,402,402,true,c16dc611-cacd-4585-9c85-7eb6658cb833,true,768,true,"canto","canto",".","."
448,PASS,505,505,true,a4f2f98d-1395-454a-b318-191606090f9b,true,768,true,"you","you","sovereignty","sovereignty"
449,PASS,58,58,true,42818b9a-8cf1-48af-94b5-d9a2a2a4c8ca,true,768,true,"over","over",""","""
450,PASS,391,391,true,2cd6510e-b2a1-45a8-b9c0-3c0324297237,true,768,true,"canto","canto",".","."
451,PASS,426,426,true,83a820a4-1419-438d-951c-1ee022d5a301,true,768,true,"the","the",""","""
452,PASS,387,387,true,4640b417-98b2-42c0-8cc3-5a0954f4413f,true,768,true,"canto","canto","no","no"
453,PASS,245,245,true,620717e5-e439-4a71-8299-361d757bef8b,true,768,true,"escape","escape",""","""
454,PASS,399,399,true,b78852e8-ec3b-4e4b-b6e7-81497c711c3e,true,768,true,"canto","canto","'","'"
455,PASS,195,195,true,46267e24-3194-459f-8671-c27bea139233,true,768,true,"and","and",""","""
456,PASS,381,381,true,1698f844-0759-4e75-b5ac-cfd4156df7d7,true,768,true,"canto","canto","'","'"
457,PASS,89,89,true,176c6ca7-52fb-43aa-8ac4-9031a6e0bb14,true,768,true,"with","with",""","""
458,PASS,366,366,true,c25253de-aa37-4f37-9e51-cae51c7e6dd0,true,768,true,"canto","canto",".","."
459,PASS,412,412,true,28f1bc1a-c4c4-4c10-b8b6-3b356335c1d8,true,768,true,"let","let",""","""
460,PASS,355,355,true,d52aa12d-6027-4567-aab9-52e78e2461e3,true,768,true,"canto","canto",".","."
461,PASS,521,521,true,9d39150b-a6b5-4c69-85df-729ea4285bfb,true,768,true,"kunti","kunti",".","."
462,PASS,453,453,true,fe3b9add-f794-4c89-8465-b1fcbee39bfa,true,768,true,"ah","ah",""","""
463,PASS,408,408,true,4aa48dca-196c-40e6-99bd-3d7bcff7a9a6,true,768,true,"canto","canto","'","'"
464,PASS,532,532,true,7ed5c747-91ee-4144-8026-23ab39143198,true,768,true,"bharatarishabha","bharatarishabha","mother","mother"
465,PASS,135,135,true,b85218cf-b5d1-41e1-8e00-1a6b744ce995,true,768,true,"and","and",""","""
466,PASS,426,426,true,8b1e7125-c29c-4a2d-8443-12256b8999ee,true,768,true,"canto","canto","her","her"
467,PASS,539,539,true,2c5a5e63-695c-47f4-b7f1-998af08bcd90,true,768,true,"complexion","complexion","i","i"
468,PASS,181,181,true,356aab39-5aa3-43b6-b336-173f3fe78069,true,768,true,"will","will",""","""
469,PASS,399,399,true,5f42f685-b413-48e8-b6bc-e811423b24c2,true,768,true,"canto","canto","'","'"
470,PASS,404,404,true,9ac6149f-f548-47fc-9822-75c307faa01f,true,768,true,"bhima","bhima",""","""
471,PASS,424,424,true,ec91c3ac-36ec-4614-9b72-6ae3c6c1d634,true,768,true,"canto","canto",".","."
472,PASS,517,517,true,1076b2b3-fe14-466d-a72d-5f52f4ccd4b5,true,768,true,"dharma","dharma",".","."
473,PASS,373,373,true,99315720-24ca-48a2-9f94-6495007adbe7,true,768,true,"his","his",""","""
474,PASS,380,380,true,7742585f-7c55-4531-b573-7166a58712ba,true,768,true,"canto","canto","'","'"
475,PASS,291,291,true,aee39aba-2dc2-4a26-8f0f-5afce18da1c9,true,768,true,"satyavati","satyavati",""","""
476,PASS,374,374,true,b8886670-c4ce-418d-87e6-35dadf2d338c,true,768,true,"canto","canto","'","'"
477,PASS,548,548,true,8906c7d1-0715-4700-8dfc-f599deb22eee,true,768,true,"they","they","become","become"
478,PASS,180,180,true,a84ef9e2-4d1b-45c8-8fa1-4f11367444c0,true,768,true,"the","the",""","""
479,PASS,426,426,true,7c0948e6-cfac-4298-a815-ace7add54cf9,true,768,true,"canto","canto","might","might"
480,PASS,534,534,true,f86fc92f-107e-453b-aa7c-6f263fea484f,true,768,true,"well","well","to","to"
481,PASS,79,79,true,288b90b7-7472-425f-a23a-58f84f6d2f9a,true,768,true,"marry","marry",""","""
482,PASS,435,435,true,a26b4cac-a9af-4ad8-89b5-3902a48e100e,true,768,true,"canto","canto","rakshasa","rakshasa"
483,PASS,306,306,true,7827d8be-f084-475d-9a66-b385a8ae745a,true,768,true,"yourself","yourself",""","""
484,PASS,382,382,true,8838092b-84cd-42de-9050-72baa232e645,true,768,true,"canto","canto",".","."
485,PASS,81,81,true,3ea96600-ba0c-4ea5-b073-f111bb37de87,true,768,true,"i","i",""","""
486,PASS,416,416,true,1843b205-5ffb-4703-bad3-cdc9be828b19,true,768,true,"canto","canto","of","of"
487,PASS,221,221,true,fd586466-2424-4808-a049-62ed95996a3e,true,768,true,"the","the",""","""
488,PASS,344,344,true,a6695b1f-2538-4706-ad00-5d828c4d07ab,true,768,true,"canto","canto","'","'"
489,PASS,428,428,true,3c56ab8e-7d0f-4310-88ce-77d0daa14a9c,true,768,true,"kunti","kunti",""","""
490,PASS,380,380,true,9412623a-68cf-47f3-882a-d8bdde71d71a,true,768,true,"canto","canto","a","a"
491,PASS,301,301,true,c8d7634b-23ce-4087-8661-d229c05113c1,true,768,true,"tremendous","tremendous",""","""
492,PASS,409,409,true,9382778a-b143-4080-b83e-89c6d07e7db3,true,768,true,"canto","canto","saw","saw"
493,PASS,129,129,true,7a3ebc77-b98b-45c5-9d51-91e7ad36df55,true,768,true,"me","me",""","""
494,PASS,346,346,true,c3e03570-4d73-4a7e-887f-7a7ff05fa120,true,768,true,"canto","canto","'","'"
495,PASS,14,14,true,fec63b14-b67e-44a2-b81f-5af929e7cee2,true,768,true,"and","and",""","""
496,PASS,357,357,true,96297ec9-3a6a-4aee-abd8-b7b94294cd08,true,768,true,"canto","canto",""","""
497,PASS,539,539,true,200be9c9-fd07-47cb-a2a9-aaddc690d3ae,true,768,true,"drona","drona","with","with"
498,PASS,39,39,true,1b5967ae-a890-4c4e-a78a-b6d3217f69bd,true,768,true,"drupada","drupada",""","""
499,PASS,359,359,true,60042c19-a562-44c0-b343-5186ed16a476,true,768,true,"canto","canto","have","have"
500,PASS,530,530,true,d2ae4dc5-bf4a-4d89-8a79-2cb5969c9173,true,768,true,"a","a","any","any"
501,PASS,528,528,true,2984911f-22e2-4325-86e3-56a3c5eef1c0,true,768,true,"wealth","wealth","were","were"
502,PASS,391,391,true,bcaded2a-5609-48c9-ab3c-b768490f2eb2,true,768,true,"curved","curved",""","""
503,PASS,265,265,true,dc8f3209-fe98-4e37-b793-cf4bd7664f1f,true,768,true,"canto","canto",""","""
504,PASS,386,386,true,9d268ba5-5938-4aca-8d9e-43c20fff9bfe,true,768,true,"canto","canto",".","."
505,PASS,179,179,true,6ea501bc-1938-4b2d-a2e4-65e619917de8,true,768,true,"the","the",""","""
506,PASS,388,388,true,edeef217-2c5b-4698-a26e-54ac940beff4,true,768,true,"canto","canto","this","this"
507,PASS,524,524,true,651007ca-0570-4b40-9c46-6524a729619d,true,768,true,"vana","vana","your","your"
508,PASS,510,510,true,e3195a1c-e6b0-42e7-b890-46f407e50e78,true,768,true,"protection","protection","the","the"
509,PASS,522,522,true,9928bc1a-e0e1-473e-a02b-691938e0368f,true,768,true,"vaisya","vaisya","man","man"
510,PASS,375,375,true,0e428a97-7eeb-485c-816b-b60846e53123,true,768,true,"who","who",""","""
511,PASS,373,373,true,b138240e-df68-49b9-9415-eb54877a81f3,true,768,true,"canto","canto",".","."
512,PASS,527,527,true,85e23887-72ab-4290-a5c7-20662f3ef4c5,true,768,true,"partha","partha","nagini","nagini"
513,PASS,151,151,true,02ec5287-d8d9-4211-a212-451e5f5c0c66,true,768,true,"or","or",""","""
514,PASS,411,411,true,bdffd899-7d86-4539-b78b-3571e2e4b7a3,true,768,true,"canto","canto","is","is"
515,PASS,249,249,true,c48830c5-12c9-4692-a4f6-57c5b9cafbdb,true,768,true,"here","here",""","""
516,PASS,372,372,true,bd93ac65-9588-432e-8454-f9d7618878f5,true,768,true,"canto","canto","folded","folded"
517,PASS,488,488,true,a65f1044-0ceb-4329-b44a-20e8e1814312,true,768,true,"hands","hands","to","to"
518,PASS,468,468,true,43c3aa98-e5ff-42d0-9dc2-2d6816ed6217,true,768,true,"skin","skin",".","."
519,PASS,113,113,true,5fbfedd6-435f-4183-936d-23a9599e2aec,true,768,true,"and","and",""","""
520,PASS,371,371,true,1f70202f-4bbf-4dbe-9451-ecc93c8d1fa2,true,768,true,"canto","canto","high","high"
521,PASS,535,535,true,41f14905-8cff-4949-a86f-e34c7da6c07a,true,768,true,"and","and",""","""
522,PASS,525,525,true,43546421-7627-4673-b6c6-1b2da0953cb5,true,768,true,"vasishta","vasishta",".","."
523,PASS,22,22,true,c9ae2f2d-361c-4aaa-94e2-60298f3eafca,true,768,true,"finally","finally",""","""
524,PASS,374,374,true,b5d89849-2e83-46f0-9ffc-44cf5d229f01,true,768,true,"canto","canto",".","."
525,PASS,508,508,true,9e8a6654-5e2b-4abb-b621-844cdd768436,true,768,true,"partha","partha",""","""
526,PASS,247,247,true,ce5df9de-6621-4a4f-a867-770a6a3290ee,true,768,true,"he","he",""","""
527,PASS,382,382,true,d17f71a3-4fde-4217-8be5-b536cc4b5327,true,768,true,"canto","canto","veda","veda"
528,PASS,489,489,true,499cd7f1-1a5d-4083-859b-0d81bd915e9c,true,768,true,"being","being",""","""
529,PASS,360,360,true,69fc1df5-3d0d-437e-a675-d2aceca98ee4,true,768,true,"kalmashapada","kalmashapada",""","""
530,PASS,351,351,true,6ec5418c-c1fd-4208-aed4-fba3391ccee6,true,768,true,"canto","canto",".","."
531,PASS,364,364,true,6f98a352-926d-4cd8-a40a-7999908b8bcc,true,768,true,"some","some",""","""
532,PASS,386,386,true,51d93750-9782-4a45-8597-3bd2d260eb62,true,768,true,"canto","canto",";",";"
533,PASS,248,248,true,c99b0a32-ca9e-45e2-8714-53865104be90,true,768,true,"restrain","restrain",""","""
534,PASS,382,382,true,9a6f1275-a6c9-4c1d-b140-ac5235ded53e,true,768,true,"canto","canto",".","."
535,PASS,319,319,true,c7ad890a-3b0f-4205-b9dc-59c6b0eac1bb,true,768,true,"i","i",""","""
536,PASS,372,372,true,7783d4a5-b37b-4658-90df-67b53f53ffda,true,768,true,"canto","canto",".","."
537,PASS,229,229,true,61f7a425-b92e-4a99-afdc-b55149204dd3,true,768,true,"saktri","saktri",""","""
538,PASS,387,387,true,90baed94-ba10-4fa0-a778-170867a5fb34,true,768,true,"canto","canto",""","""
539,PASS,268,268,true,2e010838-8168-4c2f-a161-c5c8f5dbb802,true,768,true,"but","but",""","""
540,PASS,363,363,true,60d15f73-5a57-4286-8b3d-a67472db94be,true,768,true,"canto","canto",".","."
541,PASS,36,36,true,c361320a-f6af-4a88-b374-949b30bc6bf8,true,768,true,"when","when",""","""
542,PASS,351,351,true,ca77a49d-fe48-489d-b08e-d395f92ad408,true,768,true,"canto","canto",",",","
543,PASS,233,233,true,a8bd808b-0991-425e-9173-0b56dfe5e887,true,768,true,"will","will",""","""
544,PASS,335,335,true,d60d4a69-8231-4137-9df0-30522503b035,true,768,true,"canto","canto",".","."
545,PASS,476,476,true,db9b4003-e586-46d4-a8fd-f491e23aad9b,true,768,true,"come","come","gifts","gifts"
546,PASS,288,288,true,d25b028a-1286-421c-9206-84fdbdae33e9,true,768,true,"that","that",""","""
547,PASS,387,387,true,9cdba8cd-1c3a-44fa-bb19-bbb01df80b49,true,768,true,"canto","canto","jayadratha","jayadratha"
548,PASS,84,84,true,a25234af-173f-4672-8010-3a5a18886612,true,768,true,"son","son",""","""
549,PASS,347,347,true,da597f06-fdf3-4fa6-856e-91684ed7bf8e,true,768,true,"canto","canto",".","."
550,PASS,518,518,true,a3ed2a3e-a52c-4b68-80ef-bc2fdcd3f794,true,768,true,"krishna","krishna",".","."
551,PASS,275,275,true,2eb35c8e-36b2-4257-9042-3021dcc018a7,true,768,true,"the","the",""","""
552,PASS,384,384,true,d5c93cf8-90f5-473c-a43c-dddaea3de2d7,true,768,true,"canto","canto","great","great"
553,PASS,493,493,true,392e410c-c2ec-4cbc-8787-c7055bf5f1aa,true,768,true,"or","or",".","."
554,PASS,51,51,true,05cf86fc-27c7-40ea-9e45-934765069398,true,768,true,"when","when",""","""
555,PASS,392,392,true,e615eb89-c722-44ff-86fc-2aab065a75cf,true,768,true,"canto","canto","rush","rush"
556,PASS,386,386,true,d1866741-38f8-40db-84c7-19ea6190abd9,true,768,true,"towards","towards",""","""
557,PASS,350,350,true,28a6602f-ac37-4eb3-849f-8b7a999ccfed,true,768,true,"canto","canto",".","."
558,PASS,459,459,true,b9d862eb-f1ff-452a-af30-c233003393e2,true,768,true,"karna","karna","'","'"
559,PASS,337,337,true,9a2451ac-7d84-4c8c-8bb3-3d0c47bb746f,true,768,true,"having","having",""","""
560,PASS,387,387,true,a3036316-1f33-4a81-b2f9-28c5658e6e09,true,768,true,"canto","canto","and","and"
561,PASS,490,490,true,a4eac61f-aa2e-442a-af6a-5f93fbd731f3,true,768,true,"she","she",""","""
562,PASS,372,372,true,7ac42a64-8348-4968-b886-33390761a7e5,true,768,true,"canto","canto","a","a"
563,PASS,240,240,true,69992d47-4f75-4a7a-b3fc-7ac144944883,true,768,true,"senapati","senapati",""","""
564,PASS,394,394,true,6a683325-8782-4542-96e7-aabba3ea40df,true,768,true,"canto","canto",".","."
565,PASS,471,471,true,5f16cb4e-1641-4b82-9068-a9e6abe4488a,true,768,true,"before","before",".","."
566,PASS,175,175,true,6474a00f-67cb-4a3b-ae87-e0df87d047d5,true,768,true,"this","this",""","""
567,PASS,411,411,true,5237b069-59e8-4e81-a7e4-acb3074c7f41,true,768,true,"canto","canto","in","in"
568,PASS,118,118,true,b6c4aa4c-6bbc-43ae-af3d-a5bc8b487fc4,true,768,true,"crystal","crystal",""","""
569,PASS,385,385,true,e45f93e8-1415-442a-8b71-8faf53101233,true,768,true,"canto","canto","warm","warm"
570,PASS,464,464,true,ed6b6aa1-c8c8-44f9-9421-018986e0c6fb,true,768,true,"reassurance","reassurance",""","""
571,PASS,419,419,true,76fa51de-c004-40c1-838d-5b705f4827a5,true,768,true,"canto","canto","of","of"
572,PASS,319,319,true,5987f9a1-aeea-4e41-b133-0f8c78ba0ec7,true,768,true,"gautama","gautama",""","""
573,PASS,373,373,true,cf9e3ff4-74cc-4dd0-8010-32e4b6f5132f,true,768,true,"canto","canto","from","from"
574,PASS,497,497,true,d943c5b1-6de2-493f-85ad-597c1c0ee511,true,768,true,"where","where",",",","
575,PASS,486,486,true,637778e9-d896-4891-8396-a55fc65c6810,true,768,true,"the","the",".","."
576,PASS,498,498,true,9b7f6055-2555-42fb-8c64-13a580c77e70,true,768,true,"rajan","rajan",""","""
577,PASS,172,172,true,db134182-d0ec-4270-9201-c1616e34a74e,true,768,true,"the","the",""","""
578,PASS,348,348,true,a9d037cd-05fe-476b-9a71-c374a6c13ec1,true,768,true,"canto","canto","and","and"
579,PASS,461,461,true,d526e1d4-f49d-4b0f-bf59-627225978bad,true,768,true,"within","within",""","""
580,PASS,365,365,true,5e152551-a885-4a6b-92d5-9674b7d28f50,true,768,true,"canto","canto","you","you"
581,PASS,213,213,true,a14cc2d5-e48b-4965-8774-33634de1ccd3,true,768,true,"wearing","wearing",""","""
582,PASS,388,388,true,2f75b7f2-5c72-4bf7-b065-65756be07265,true,768,true,"canto","canto","the","the"
583,PASS,457,457,true,b0e1ada7-dc13-41bd-8c19-356ae9172b92,true,768,true,"formidable","formidable",""","""
584,PASS,395,395,true,57528ca1-7854-43f8-afcf-0a5227792269,true,768,true,"canto","canto",".","."
585,PASS,148,148,true,9f470216-7043-4e13-ab17-20891ed35c9a,true,768,true,"or","or",""","""
586,PASS,398,398,true,5e11804b-bf67-4a36-9dcc-5fb9b156ad24,true,768,true,"canto","canto",".","."
587,PASS,310,310,true,a22540a2-6018-4a10-8dad-3ee1f970a9de,true,768,true,"son","son",""","""
588,PASS,403,403,true,9836b798-740a-4b2d-ba5b-c3e4c78da58d,true,768,true,"canto","canto",".","."
589,PASS,166,166,true,e830eda5-76a3-4930-9445-5d1b569f675c,true,768,true,"from","from",""","""
590,PASS,370,370,true,d382bf14-7b54-4c52-9c32-391f2b4fc0c1,true,768,true,"canto","canto","'","'"
591,PASS,510,510,true,04dbe201-a09d-4d6d-9a46-468794c9e7ec,true,768,true,"when","when",""","""
592,PASS,418,418,true,cf0e2623-7f72-464b-86c3-b90b7960bdc5,true,768,true,"canto","canto",".","."
593,PASS,480,480,true,7a076f07-0487-451b-b820-796d7d99af3c,true,768,true,"purushavyaghra","purushavyaghra",""","""
594,PASS,396,396,true,81d7b789-5051-4a81-ae59-f08cb673ec88,true,768,true,"canto","canto",".","."
595,PASS,383,383,true,8aa0a84d-2d85-4e76-bd7f-50ecef806824,true,768,true,"now","now",""","""
596,PASS,408,408,true,b78ffd20-c4e7-46d8-b67b-ac3eee192295,true,768,true,"canto","canto","hastinapura","hastinapura"
597,PASS,460,460,true,d57b72ee-b383-4cc3-be41-0886598024e3,true,768,true,"majestically","majestically",".","."
598,PASS,510,510,true,b27f9b0e-0f51-41a6-ae1f-d98ed941a2ca,true,768,true,"when","when",",",","
599,PASS,298,298,true,96be170e-f833-4d1e-8a37-d72317d4c234,true,768,true,"punnagas","punnagas",""","""
600,PASS,375,375,true,b51611f5-9021-404d-9894-4ebd74c56015,true,768,true,"canto","canto","privately","privately"
601,PASS,234,234,true,d0083041-5c06-464e-927b-16fecff4fb6b,true,768,true,"to","to",""","""
602,PASS,367,367,true,f7670264-3a9e-4120-bf8c-2856ca1640eb,true,768,true,"canto","canto",".","."
603,PASS,486,486,true,d8e40de1-56f2-4099-b419-5d5f0f6dc7a7,true,768,true,"repeatedly","repeatedly","the","the"
604,PASS,127,127,true,ca8d5e97-0296-4f39-b423-1198b5d9c881,true,768,true,"richest","richest",""","""
605,PASS,357,357,true,26699756-da31-439c-80bb-eb2fbabc84b4,true,768,true,"canto","canto","so","so"
606,PASS,463,463,true,e800af18-0b82-4c01-8269-09130f72b8a4,true,768,true,"let","let",".","."
607,PASS,111,111,true,7da01a26-cc64-4eb8-affe-0ad82d107a28,true,768,true,"strewn","strewn",""","""
608,PASS,363,363,true,2e87f0d0-1678-40f8-8902-54e6e1423f1b,true,768,true,"canto","canto","she","she"
609,PASS,444,444,true,f70e4ec8-95f3-416d-b44a-02241cc1b6c9,true,768,true,"was","was",""","""
610,PASS,380,380,true,447adf53-8d11-4c46-bd68-3a59774dd328,true,768,true,"canto","canto","every","every"
611,PASS,477,477,true,d4e3bbe6-1435-4f9a-a536-afa77a7c1862,true,768,true,"quarter","quarter","a","a"
612,PASS,33,33,true,c43bf64b-e0df-4a60-b7c7-d6ac8cac0ab0,true,768,true,"law","law",""","""
613,PASS,365,365,true,a6368cce-d6a0-4049-92a2-208b774d2956,true,768,true,"canto","canto",".","."
614,PASS,509,509,true,4dff5219-a1a2-4092-a528-fafb38e2a7de,true,768,true,"the","the","causes","causes"
615,PASS,103,103,true,6c58bf07-023d-4ad2-921c-77da092085e7,true,768,true,"offence","offence",""","""
616,PASS,362,362,true,3800445a-68af-48f3-a7ff-2657cf56706a,true,768,true,"canto","canto",".","."
617,PASS,521,521,true,681ca685-1b75-4731-b3b4-1a90874f4520,true,768,true,"under","under","him","him"
618,PASS,214,214,true,12cb31f8-f2c4-4575-9e9e-525bfd0ae722,true,768,true,"to","to",""","""
619,PASS,377,377,true,b66d2076-64f5-4898-9e54-a3af5cfa5924,true,768,true,"canto","canto",".","."
620,PASS,419,419,true,6affdd3c-9a73-4d4a-a389-34401798da5a,true,768,true,"he","he",""","""
621,PASS,392,392,true,17b10439-7e3d-41d1-aa80-4c862e15b459,true,768,true,"canto","canto",".","."
622,PASS,181,181,true,c1adfa15-e4c3-43db-a45d-ec0255ee91ac,true,768,true,"one","one",""","""
623,PASS,402,402,true,dc25667b-88f7-4310-98f9-03b0bf0e2a14,true,768,true,"canto","canto",""","""
624,PASS,267,267,true,84f3423c-7e55-44b7-b790-08de1e7fbb91,true,768,true,"at","at",""","""
625,PASS,369,369,true,0ae8fa09-1c22-4df3-8509-d8fa638ebf0a,true,768,true,"canto","canto","to","to"
626,PASS,151,151,true,6a2cffd0-8534-4274-b05f-e1bfec70c1fd,true,768,true,"receive","receive",""","""
627,PASS,361,361,true,9922ab28-1b4b-41a4-ab96-6e07b303771f,true,768,true,"canto","canto",",",","
628,PASS,298,298,true,1f73a6be-4228-4e98-8ed2-b96b14916336,true,768,true,"surrounded","surrounded",""","""
629,PASS,366,366,true,0ce9cedb-33fc-4186-b3a6-01351e8b692d,true,768,true,"canto","canto",".","."
630,PASS,498,498,true,4b9853d1-2cc1-46c0-929b-c042ac8ad07f,true,768,true,"those","those","will","will"
631,PASS,54,54,true,f661ce27-95bb-456e-8d25-4a142cfd1170,true,768,true,"rid","rid",""","""
632,PASS,358,358,true,19f654bf-bfec-45ec-bc54-1f53f3099472,true,768,true,"canto","canto","to","to"
633,PASS,467,467,true,25e5ab84-e6ef-49db-962a-8b1a12883d03,true,768,true,"subhadra","subhadra",",",","
634,PASS,454,454,true,8a7cd3f6-ceae-413d-8525-bff86161168f,true,768,true,"sanku","sanku","of","of"
635,PASS,465,465,true,162506a1-5ab9-44bf-a23a-24e5f020c918,true,768,true,"personal","personal","as","as"
636,PASS,494,494,true,934ffe77-20ca-472c-947c-8820a532cf66,true,768,true,"big","big","bears","bears"
637,PASS,270,270,true,ecf45832-7b5f-460e-95a8-9e5f1ee3740c,true,768,true,"bhimasena","bhimasena",".","."
638,PASS,379,379,true,06a94338-4c64-43ac-a244-1f035f990a73,true,768,true,"canto","canto","looks","looks"
639,PASS,484,484,true,baa7665e-8a94-49ed-bbd9-ca4654e7fd73,true,768,true,"after","after","skin","skin"
640,PASS,90,90,true,c57563d0-088d-4cde-b731-b7892993eb12,true,768,true,"is","is",""","""
641,PASS,410,410,true,e01d8257-23f7-4ffd-86d3-f27a4555b9c2,true,768,true,"canto","canto",""","""
642,PASS,514,514,true,c996661b-838a-4a0e-a100-5ab179ac931d,true,768,true,"vaisampayana","vaisampayana","and","and"
643,PASS,508,508,true,5f6cd797-c958-4d81-9928-05bf72cd4747,true,768,true,"endless","endless","had","had"
644,PASS,503,503,true,c0678dff-57d9-41c8-9b47-773c4076bb4c,true,768,true,"been","been",".","."
645,PASS,240,240,true,fc0babfe-1d37-4c27-86d2-6478e4739aef,true,768,true,"the","the",""","""
646,PASS,393,393,true,71a26ef5-aec6-47c3-9930-450fbfea062b,true,768,true,"canto","canto","must","must"
647,PASS,56,56,true,109adad7-4f67-4cb1-b27a-d0724006205a,true,768,true,"provide","provide",""","""
648,PASS,406,406,true,b39335c2-d4e4-47d2-8b03-a11ff0a9db68,true,768,true,"canto","canto",".","."
649,PASS,509,509,true,b59af8d3-ce8a-42f8-9710-00a6966419f1,true,768,true,"the","the","my","my"
650,PASS,138,138,true,2b1a4cb4-098b-4c69-8a6b-1a8b5ff99545,true,768,true,"lord","lord",""","""
651,PASS,381,381,true,6ff5e4c0-e16c-4df8-b60d-30133efa3c82,true,768,true,"canto","canto",".","."
652,PASS,257,257,true,93f8b40a-2f99-4726-ac70-a0f0544c0622,true,768,true,"the","the",""","""
653,PASS,403,403,true,a15012ae-bb39-46ed-afc1-79eaa83b7b8c,true,768,true,"canto","canto","the","the"
654,PASS,488,488,true,42ee3ce7-036d-45ae-b41f-f1569e0a2813,true,768,true,"cloudbanks","cloudbanks","in","in"
655,PASS,387,387,true,dc80818e-28a9-4a94-a85b-f66726a31dbf,true,768,true,"anger","anger",""","""
656,PASS,423,423,true,82a51983-79db-407d-8eb4-6c1bf24c032a,true,768,true,"canto","canto","o","o"
657,PASS,497,497,true,a3ad1762-9684-4db8-9406-514068edcd1e,true,768,true,"indra","indra","nectarine","nectarine"
658,PASS,251,251,true,85557a8e-e9bb-4998-b933-15a5cfa2d9bd,true,768,true,"river","river",""","""
659,PASS,399,399,true,e0042a7c-b908-4b4a-be4d-230020292147,true,768,true,"canto","canto","'","'"
660,PASS,514,514,true,5f5e72fd-db2e-4f6c-bdb7-d708e65c9c72,true,768,true,"mandapala","mandapala","'","'"
661,PASS,39,39,true,c01e21b7-bed6-4b0a-9143-753d5e88cbc0,true,768,true,"illustrious","illustrious",""","""
662,PASS,399,399,true,2e51fcc0-53e1-45c7-93f6-8acfac725e81,true,768,true,"canto","canto",",",","
663,PASS,236,236,true,e087c74c-6d94-406c-bff6-e5e9ba9c4ed9,true,768,true,"who","who",""","""
664,PASS,441,441,true,cb367151-cea3-4185-a4ab-5ea71b001f9c,true,768,true,"canto","canto","find","find"
665,PASS,87,87,true,2eb4db68-c186-4afd-8b98-6ced627b1ca0,true,768,true,"heavens","heavens",""","""
666,PASS,405,405,true,b4d43a0e-d785-4191-994a-52a73769662d,true,768,true,"canto","canto","'","'"
667,PASS,451,451,true,c95a2d55-5464-4c6e-b825-85eb48c44511,true,768,true,"stambamitra","stambamitra",""","""
668,PASS,390,390,true,e5ba94a1-63ce-4b23-b980-813fa46db9d9,true,768,true,"canto","canto","my","my"
669,PASS,480,480,true,c99ff1ab-040c-476b-acee-02a6f79b233f,true,768,true,"children","children",""","""
670,PASS,394,394,true,18636dac-bb45-4acc-bdc8-3128576301ed,true,768,true,"canto","canto","he","he"
671,PASS,89,89,true,c3c59b5c-41b7-4cb1-8732-8d1350ddec9a,true,768,true,"blazes","blazes","arva","arva"
672,EMPTY_PAGE,0,0,true,,false,,false,"","","",""
673,EMPTY_PAGE,0,0,true,,false,,false,"","","",""
674,EMPTY_PAGE,0,0,true,,false,,false,"","","",""
675,EMPTY_PAGE,0,0,true,,false,,false,"","","",""
676,EMPTY_PAGE,0,0,true,,false,,false,"","","",""
677,EMPTY_PAGE,0,0,true,,false,,false,"","","",""
678,PASS,14,14,true,2d9c1ad1-c778-473e-81f8-9c911be54e88,true,768,true,"the","the",")",")"
679,PASS,19,19,true,3bc70c30-4ff1-4dfc-808d-cf71b9ff4685,true,768,true,"the","the","india","india"
680,PASS,247,247,true,11de7510-7304-40be-b227-403e251f2b06,true,768,true,"first","first",".","."
681,PASS,3,3,true,ee84a121-ea33-4dc1-a293-1bee1f77bb77,true,768,true,"for","for","menon","menon"
682,PASS,138,138,true,635f4604-f87d-4e97-a96b-686c6092de8c,true,768,true,"c","c","parva","parva"
683,PASS,333,333,true,0ecfe776-f288-4e48-9110-35b4ad77392d,true,768,true,"a","a","editor","editor"
684,PASS,30,30,true,4abc5ef6-d990-4c6d-8728-34f2be1a0da4,true,768,true,"acknowledgements","acknowledgements",".","."
685,PASS,2,2,true,75fa4332-4374-41e6-93e8-4382bedfaf1a,true,768,true,"sabha","sabha","parva","parva"
686,PASS,453,453,true,35b79dd1-ce27-4134-a3da-d5b59ff0b194,true,768,true,"canto","canto",".","."
687,PASS,141,141,true,315ebb89-4a1b-4989-9add-e5db1a6afa59,true,768,true,"o","o",""","""
688,PASS,462,462,true,e6d8de11-e5f0-48fa-8b8c-e04f402c222f,true,768,true,"canto","canto",".","."
689,PASS,506,506,true,2ff08b5a-90bf-4364-b609-51200f74bb44,true,768,true,"out","out",""","""
690,PASS,442,442,true,28eb5577-7695-4955-9802-8d9e1968d093,true,768,true,"canto","canto","thousands","thousands"
691,PASS,496,496,true,2bafc081-1ced-4689-8283-12876c34cf30,true,768,true,"of","of",".","."
692,PASS,153,153,true,518e8d37-90a3-421b-993c-d05fcd5ad036,true,768,true,"the","the",""","""
693,PASS,449,449,true,e48b8a5c-1bd7-4add-a96a-44e0c919905d,true,768,true,"canto","canto","and","and"
694,PASS,511,511,true,e1849f5d-8e6e-40c2-b4c6-1077f5a42cb2,true,768,true,"katha","katha","unworldly","unworldly"
695,PASS,56,56,true,96bda6aa-7342-40e8-963f-c3d340e2a9a1,true,768,true,"instruments","instruments",""","""
696,PASS,440,440,true,89f7c58f-669e-4de2-a358-ab2a2759c2e7,true,768,true,"canto","canto",".","."
697,PASS,489,489,true,914123d4-b953-423e-9119-06dc3c372bf0,true,768,true,"the","the","?","?"
698,PASS,493,493,true,78398540-e12a-4f51-be6c-5ad64f0a8d98,true,768,true,"i","i",",",","
699,PASS,463,463,true,22306ba3-3b65-4749-ba92-358b326e68f2,true,768,true,"all","all","?","?"
700,PASS,509,509,true,cb67c28e-4600-4f1b-9273-dd40b091233d,true,768,true,"bharatarishabha","bharatarishabha","the","the"
701,PASS,475,475,true,4c73a58a-e8b1-4a1e-a787-b3c721b556dc,true,768,true,"servants","servants","?","?"
702,PASS,473,473,true,40e11c17-2a97-4ab9-9b61-3a5d9f065a0d,true,768,true,"having","having","?","?"
703,PASS,485,485,true,94ec5258-8f31-43ef-bfc0-cf099281ea76,true,768,true,"sinless","sinless","and","and"
704,PASS,443,443,true,474aa567-6159-440a-9c47-fdeb856607fa,true,768,true,"kingdom","kingdom","_","_"
705,PASS,135,135,true,7c3a73a0-62c1-4d29-b42f-77625a5f045a,true,768,true,"1","1",".","."
706,PASS,489,489,true,6abe9e07-cb8f-4d05-b7da-b5dfb54aaf33,true,768,true,"canto","canto","each","each"
707,PASS,94,94,true,7230ae6e-783a-42c6-a3e7-5633c6f63610,true,768,true,"sabha","sabha",""","""
708,PASS,471,471,true,d90e2b4b-71ba-4305-a958-b1c3d41560c7,true,768,true,"canto","canto",",",","
709,PASS,405,405,true,57bc0157-f438-4dac-bd4d-a0734938b34f,true,768,true,"and","and",""","""
710,PASS,448,448,true,25b16a61-ae25-45e0-8c51-ac20c755796c,true,768,true,"canto","canto","and","and"
711,PASS,528,528,true,b11af262-0a33-4025-af28-5e90e2570d06,true,768,true,"kakshasena","kakshasena",".","."
712,PASS,110,110,true,27da1d36-eb3c-48dc-94fa-4c8eab8cc9a9,true,768,true,"fine","fine",".","."
713,PASS,418,418,true,68e3e3fc-af24-4275-a268-b7ae521a1dea,true,768,true,"canto","canto","and","and"
714,PASS,369,369,true,ec301a8a-6c34-4968-97f9-d09653852cad,true,768,true,"excellent","excellent",""","""
715,PASS,430,430,true,8facb576-5b1d-42ce-b1d7-318c40d77af0,true,768,true,"canto","canto","and","and"
716,PASS,482,482,true,df0f6bc2-7ffd-4ee7-bb81-fe383ad145ee,true,768,true,"falodaka","falodaka","come","come"
717,PASS,192,192,true,4e975eff-d03a-42da-a70d-41efe19d16d2,true,768,true,"to","to","!","!"
718,PASS,481,481,true,f67954f0-0bbb-4bc1-a629-886ec91da67d,true,768,true,"canto","canto",",",","
719,PASS,541,541,true,e973dd3b-c773-4ce5-84e4-b663a91a944f,true,768,true,"prachetas","prachetas","the","the"
720,PASS,513,513,true,9bc1b416-68dc-422e-b81b-36c696b7efc3,true,768,true,"wheel","wheel","the","the"
721,PASS,141,141,true,d1d7abba-4f1e-47be-b107-1a7fe7b6dbd2,true,768,true,"kaleyas","kaleyas",""","""
722,PASS,469,469,true,d4e24c61-b8c0-41c5-87ac-c2cfba26bf03,true,768,true,"canto","canto","distant","distant"
723,PASS,499,499,true,0383399b-9a15-45ea-9135-803cdfdda9c8,true,768,true,"countries","countries",".","."
724,PASS,106,106,true,b786269e-5b82-48d7-87d5-8fb8c6cd1047,true,768,true,"be","be",""","""
725,PASS,419,419,true,ad15017a-3c36-4316-bf6f-1f13c3d8ff9b,true,768,true,"canto","canto",".","."
726,PASS,472,472,true,bb1fe3af-9bf7-48ee-8f15-1d49be5fdae9,true,768,true,"during","during",",",","
727,PASS,462,462,true,1485f5cd-cb6c-4c9e-8aea-553968da98bf,true,768,true,"yudhishtira","yudhishtira",".","."
728,PASS,287,287,true,527dc5e5-6672-4b51-970b-699391eeabd7,true,768,true,"arriving","arriving",""","""
729,PASS,422,422,true,4aee6c4d-9ff4-4d1f-ac8c-727af8c55361,true,768,true,"canto","canto","rules","rules"
730,PASS,513,513,true,f2257c53-9044-445a-97c1-cb0c1ea6d885,true,768,true,"the","the",".","."
731,PASS,522,522,true,f903c705-964d-43fc-8638-274611836553,true,768,true,"we","we","the","the"
732,PASS,473,473,true,710a71ce-848e-49ac-a952-03520692bd21,true,768,true,"great","great",".","."
733,PASS,47,47,true,ff1f9b7a-bd1b-4750-a76d-f7ecb3c61d34,true,768,true,"rajan","rajan",""","""
734,PASS,465,465,true,4646ef5b-2bdc-4e97-9af4-7eb56e05ff70,true,768,true,"canto","canto","devise","devise"
735,PASS,432,432,true,cec6811f-03dc-46d1-b380-0f6f574ee61b,true,768,true,"the","the",""","""
736,PASS,458,458,true,2649a475-6d54-4ee9-8bfa-fd654fcede9d,true,768,true,"canto","canto",".","."
737,PASS,121,121,true,d72ac527-da03-426d-b7ac-c982b94f3d83,true,768,true,"if","if",""","""
738,PASS,464,464,true,7584ec8d-fd93-42e2-977c-a9614b521a62,true,768,true,"canto","canto","was","was"
739,PASS,514,514,true,c09f1e32-ac7a-4b51-8e95-193b0325b375,true,768,true,"and","and",".","."
740,PASS,498,498,true,35c21219-0b4b-4edd-8764-4bff7020d638,true,768,true,"the","the",""","""
741,PASS,186,186,true,8a945d4d-d0ef-4ded-9f84-02c174b2329c,true,768,true,"the","the",""","""
742,PASS,428,428,true,d31b6f2f-545d-43b5-b986-45399b804843,true,768,true,"canto","canto",""","""
743,PASS,462,462,true,05d1bec5-ff94-47cb-a92a-bbac0e4796b6,true,768,true,"canto","canto","installed","installed"
744,PASS,315,315,true,d0bc3443-94d7-490e-967c-53c1ccbb4b15,true,768,true,"jarasandha","jarasandha",""","""
745,PASS,463,463,true,b57a07bb-d9f1-4f3f-adf5-98b628d06522,true,768,true,"canto","canto","whose","whose"
746,PASS,405,405,true,dde2b430-83cb-4733-88e0-7935fe470fae,true,768,true,"fame","fame",""","""
747,PASS,405,405,true,8add3f4a-a750-4543-99f2-79d22e6e2a3f,true,768,true,"canto","canto",".","."
748,PASS,446,446,true,1ebd0037-f0b1-4593-baf6-e4177a00fab1,true,768,true,"once","once",".","."
749,PASS,460,460,true,1a1c14b2-9644-4891-8b84-9e1d8e43eddc,true,768,true,"says","says",".","."
750,PASS,194,194,true,d3047522-3024-4b32-a2a4-2ac37ee8c475,true,768,true,"krishna","krishna",""","""
751,PASS,464,464,true,a351a142-92fb-4240-8572-5e53bd968278,true,768,true,"canto","canto",".","."
752,PASS,503,503,true,e2f924e5-562c-4972-8c95-5608b80ae95c,true,768,true,"you","you","battle","battle"
753,PASS,232,232,true,fe62ba9e-6341-494d-b972-d3e880c896f0,true,768,true,"formation","formation",".","."
754,PASS,460,460,true,5712dabd-b3f6-4210-8d52-5d6126c11ad4,true,768,true,"canto","canto","s","s"
755,PASS,499,499,true,e278ea5d-899b-4e4a-8f0e-965e1b0c0736,true,768,true,"blows","blows","to","to"
756,PASS,174,174,true,829abe33-9246-495e-a750-d7f71d85da4b,true,768,true,"eat","eat",""","""
757,PASS,435,435,true,99bf417d-dda8-4db8-9503-776ebba593ce,true,768,true,"canto","canto",".","."
758,PASS,509,509,true,ee3b3ea3-091c-4603-bf90-1b6fd5a56eee,true,768,true,"riding","riding",",",","
759,PASS,483,483,true,e49519c6-ea7e-452b-a02f-e9073d824db7,true,768,true,"how","how",".","."
760,PASS,288,288,true,7aee456e-2e7a-4852-9f78-257626cd2942,true,768,true,"pandu","pandu",""","""
761,PASS,350,350,true,fd67b335-a4c6-471e-8d97-b0c2740db093,true,768,true,"canto","canto",""","""
762,PASS,402,402,true,7b05ad91-f2c8-4339-bdd7-45fc645e8635,true,768,true,"canto","canto",".","."
763,PASS,452,452,true,3e0effd3-2496-4be1-826f-7532818287da,true,768,true,"having","having",""","""
764,PASS,432,432,true,b86e19e0-3d60-4330-b5a3-36ddc379b4b7,true,768,true,"canto","canto","having","having"
765,PASS,122,122,true,a4d25ea4-e4c3-4975-a8b3-98b504520067,true,768,true,"vanquished","vanquished",""","""
766,PASS,398,398,true,e637d449-a69d-4a70-b4ea-41324e874612,true,768,true,"canto","canto",""","""
767,PASS,416,416,true,5d6beb44-238c-4b10-b8d2-0788b679ae76,true,768,true,"canto","canto","son","son"
768,PASS,281,281,true,0c5f888f-fd85-4b69-b712-2dd80ea9c4b5,true,768,true,"under","under",""","""
769,PASS,394,394,true,75b61f6d-ced6-4345-b6a8-8ce23d2b1889,true,768,true,"canto","canto","the","the"
770,PASS,489,489,true,542d1f99-7590-42b8-a0a2-866eb04297eb,true,768,true,"pandava","pandava","amazed","amazed"
771,PASS,517,517,true,00d0e799-b68c-4684-bd73-a2b3931a4913,true,768,true,"and","and",".","."
772,PASS,472,472,true,fdde70ba-5799-444c-b13e-90f3670bc081,true,768,true,"i","i",".","."
773,PASS,337,337,true,d4fb2527-57ca-4aa8-a755-69519e079d10,true,768,true,"the","the",""","""
774,PASS,408,408,true,4993824c-bdbd-4c44-b3f5-f7987b115b84,true,768,true,"canto","canto",".","."
775,PASS,136,136,true,16df2972-9790-43bb-9479-76d24f10ac4d,true,768,true,"then","then",""","""
776,PASS,443,443,true,a5a741b7-b238-43a7-a2a7-c495e3ed6e30,true,768,true,"canto","canto","is","is"
777,PASS,489,489,true,3f4bc66b-f9a5-4b1e-8486-36a409f29a49,true,768,true,"made","made","and","and"
778,PASS,454,454,true,d19c1e8d-32a6-425e-96fb-d36a16f28872,true,768,true,"informs","informs","and","and"
779,PASS,135,135,true,f83115da-c6fe-4534-a2ce-9710c6a21f12,true,768,true,"watching","watching",""","""
780,PASS,415,415,true,9d7ea693-dee4-4e7a-91bd-63972adea3a7,true,768,true,"canto","canto",".","."
781,PASS,297,297,true,776de823-4964-4142-ae6c-efb975cd2aa2,true,768,true,"these","these",""","""
782,PASS,413,413,true,445212d9-b4f8-4f7a-ad7e-2646a73c48a6,true,768,true,"v","v","of","of"
783,PASS,206,206,true,63b4c00b-a2d8-4fcc-a6b8-c85a0d68432c,true,768,true,"the","the",""","""
784,PASS,397,397,true,c0b5ff4f-4340-485e-a34b-1c3ccbf1c1d0,true,768,true,"canto","canto","one","one"
785,PASS,512,512,true,46a76d4c-8388-456a-99d3-de8a7042abb9,true,768,true,"another","another",",",","
786,PASS,44,44,true,acc66f60-7acb-4f46-855d-b4f8e86b0a13,true,768,true,"too","too",""","""
787,PASS,452,452,true,05a07934-086f-43f5-88b9-b8ab513fbbd7,true,768,true,"canto","canto","?","?"
788,PASS,489,489,true,97ce03ce-99d2-4f08-a486-2b128053c197,true,768,true,"here","here",""","""
789,PASS,437,437,true,8ec7e3e1-44de-4488-8466-64a0d6cead81,true,768,true,"canto","canto","are","are"
790,PASS,489,489,true,8fbded52-d658-4605-8686-feb084eb3dc4,true,768,true,"famed","famed","earth","earth"
791,PASS,32,32,true,caa507d2-904b-4eca-9bf8-7fb3087d42e7,true,768,true,"does","does",""","""
792,PASS,415,415,true,e44847cf-1ecb-4449-855c-cf08babeb783,true,768,true,"canto","canto","'","'"
793,PASS,88,88,true,1dad36a4-ce08-4077-beba-0a7be496312a,true,768,true,"impelled","impelled",""","""
794,PASS,377,377,true,36210f0d-845d-4e7e-9d04-b95c9ca583cd,true,768,true,"canto","canto",""","""
795,PASS,453,453,true,56dfcb97-9e18-4357-ac4b-1ef4758e3565,true,768,true,"canto","canto","?","?"
796,PASS,502,502,true,e50e70eb-31d7-480f-92f0-dc61b6ed243d,true,768,true,"how","how",".","."
797,PASS,270,270,true,3efd8ae4-272e-467a-b6af-a79542b21686,true,768,true,"of","of","'","'"
798,PASS,428,428,true,4b90b80e-5880-45af-9002-8a71298c4538,true,768,true,"canto","canto","bhima","bhima"
799,PASS,100,100,true,273948b2-2941-45d5-b85a-787f84e656dd,true,768,true,"leaps","leaps",""","""
800,PASS,445,445,true,1614198f-a232-42e1-8e9b-b1bb5bd4866d,true,768,true,"canto","canto",".","."
801,PASS,271,271,true,22c2e5ab-e867-4de9-bd84-a2c96a2ab5b4,true,768,true,"after","after",""","""
802,PASS,468,468,true,4dcd206b-4eb8-433b-8ae9-67261e94f19c,true,768,true,"canto","canto","?","?"
803,PASS,532,532,true,84efcf22-4b0c-4b16-a170-4f0944b6565d,true,768,true,"you","you","'","'"
804,PASS,156,156,true,67ade95e-695b-494a-9160-db280f83f5a9,true,768,true,"bhishma","bhishma",""","""
805,PASS,453,453,true,3ddfe7fc-0d5a-4b6a-83be-e25569d931c5,true,768,true,"canto","canto","for","for"
806,PASS,493,493,true,00207267-7fc3-4e18-93ee-6243b670d084,true,768,true,"himself","himself",".","."
807,PASS,471,471,true,73f22d4f-64be-46a9-946c-362cf547eea2,true,768,true,"yudhishtira","yudhishtira","to","to"
808,PASS,423,423,true,5bfab36e-212a-444b-8ac4-b5a8c40cc300,true,768,true,"dwaraka","dwaraka",""","""
809,PASS,425,425,true,749139e8-b069-46c7-b607-a9d04760445f,true,768,true,"canto","canto",".","."
810,PASS,482,482,true,c626fed1-a569-4023-8a37-cba60b7fb843,true,768,true,"you","you",".","."
811,PASS,46,46,true,e53439da-3347-43c9-b556-13bc91ff7890,true,768,true,"bharatarishabha","bharatarishabha",""","""
812,PASS,422,422,true,5c9c03ec-fa68-43b1-9cd6-6de6edb9d69b,true,768,true,"canto","canto",";",";"
813,PASS,520,520,true,f3c3e6fa-dd27-41a7-b73e-c55a72d6bfb9,true,768,true,"he","he",".","."
814,PASS,62,62,true,9e9be6e9-4ca1-46ee-a266-3995bd65f21d,true,768,true,"ah","ah",""","""
815,PASS,411,411,true,6cba3158-61f6-4584-84e9-8a74978bcdbd,true,768,true,"canto","canto",".","."
816,PASS,214,214,true,e71967ec-d2b1-4cd5-a62a-bfdabca26a96,true,768,true,"however","however",""","""
817,PASS,462,462,true,f2bae784-e671-4450-822f-0db74b5cafd3,true,768,true,"canto","canto","is","is"
818,PASS,471,471,true,042872ee-5c7a-4438-ae25-7251124c9354,true,768,true,"why","why",".","."
819,PASS,493,493,true,25134d75-5ff2-4656-ae96-a9200b14768b,true,768,true,"maharajan","maharajan","'","'"
820,PASS,403,403,true,2545c253-7d3e-4ede-9a1b-473b6bb33956,true,768,true,"dhritarashtra","dhritarashtra",""","""
821,PASS,450,450,true,add55ed3-52f7-48ef-9c3d-8d1b1859bda7,true,768,true,"canto","canto","with","with"
822,PASS,507,507,true,ec92c786-caae-4f48-bc60-b53935a87338,true,768,true,"love","love",".","."
823,PASS,230,230,true,6e44a276-d6e4-46b4-84a5-3eb877cba4b6,true,768,true,"then","then",""","""
824,PASS,430,430,true,e13fc578-be81-4745-a96b-e79b736db5a9,true,768,true,"canto","canto","of","of"
825,PASS,474,474,true,7e7c8006-1be5-425c-b421-c3fd34f1eb1f,true,768,true,"swords","swords",".","."
826,PASS,169,169,true,a6581857-a94e-4884-a0f8-51a58478d04d,true,768,true,"the","the",""","""
827,PASS,440,440,true,8ad1c5f7-91ea-469f-a8b4-12b5640c85df,true,768,true,"canto","canto","the","the"
828,PASS,455,455,true,f982e50e-b487-47f8-9c20-98b33d43031d,true,768,true,"malavas","malavas","certain","certain"
829,PASS,463,463,true,7c7f8442-596e-47cf-b367-8e01548accee,true,768,true,"to","to","the","the"
830,PASS,20,20,true,2ede9cad-e24e-4938-acba-48ba22ed995f,true,768,true,"panchalas","panchalas",""","""
831,PASS,425,425,true,35fc3dce-9590-4a3f-bbaf-47413024a32e,true,768,true,"canto","canto",".","."
832,PASS,364,364,true,148e89b3-6697-4216-9c4f-c81273ac0dd2,true,768,true,"in","in",""","""
833,PASS,377,377,true,b24f0d4b-a33e-4f04-ac75-9e8158752690,true,768,true,"canto","canto",""","""
834,PASS,441,441,true,439ea7ed-a7fd-4aec-bd8a-3e5ffdc6ef3e,true,768,true,"canto","canto","snake","snake"
835,PASS,264,264,true,df3d8fae-96f1-43f6-9560-e0dbbdc762d3,true,768,true,"swallowing","swallowing",""","""
836,PASS,456,456,true,574c350e-2f36-4ba6-973d-8f70f5ab2f1f,true,768,true,"canto","canto",".","."
837,PASS,361,361,true,ec28fc42-c66a-47c4-861d-8d459110d4f6,true,768,true,"why","why",""","""
838,PASS,165,165,true,4efd5caf-55f4-436d-97fb-b7357d0368c0,true,768,true,"canto","canto",""","""
839,PASS,430,430,true,343b8761-bd4e-4766-8378-e5a57891d519,true,768,true,"canto","canto","'","'"
840,PASS,562,562,true,9faad8ef-fb3c-4909-a869-25d2889e86f7,true,768,true,"vidura","vidura",",",","
841,PASS,352,352,true,2bbde7b0-6789-45d5-a433-ed8f2745f8e4,true,768,true,"surrounded","surrounded",""","""
842,PASS,469,469,true,51f7b4f9-556d-45b2-8974-89294f87a8d6,true,768,true,"canto","canto","'","'"
843,PASS,293,293,true,fd7a6671-f4e7-4b85-ab53-4eb46b518232,true,768,true,"sakuni","sakuni","'","'"
844,PASS,240,240,true,526de74c-56a5-4c82-8665-0148289c96cd,true,768,true,"canto","canto",""","""
845,PASS,438,438,true,91b6c2f6-a719-4937-a54e-31f731db2670,true,768,true,"canto","canto","'","'"
846,PASS,431,431,true,4b30d1ac-97f5-42b9-9a17-3e68b4e7318c,true,768,true,"yudhishtira","yudhishtira",""","""
847,PASS,463,463,true,fcb416a6-177e-4017-8a86-7e117d28ee34,true,768,true,"canto","canto","to","to"
848,PASS,223,223,true,9b124d4d-c2b5-4ca8-b686-3ecfa358dcc8,true,768,true,"persuade","persuade",""","""
849,PASS,445,445,true,29659999-5c80-40eb-ad20-6792f1d27322,true,768,true,"canto","canto",".","."
850,PASS,461,461,true,00853608-ede0-431b-8d22-966959562b98,true,768,true,"canto","canto",".","."
851,PASS,457,457,true,faf2ba3a-d7ed-4700-8d18-7f71cf7d7157,true,768,true,"who","who",""","""
852,PASS,402,402,true,e98c9829-d6b7-4784-9a4e-3b6f21ebe7f4,true,768,true,"canto","canto","'","'"
853,PASS,521,521,true,2a6a37f6-91ab-4551-b30b-03464450d361,true,768,true,"saying","saying","'","'"
854,PASS,527,527,true,f4513914-5c33-4c47-ac64-fee0b603398a,true,768,true,"sakuni","sakuni",""","""
855,PASS,436,436,true,bf00267d-a3df-4fe8-93be-b0c78e5e763d,true,768,true,"canto","canto",".","."
856,PASS,90,90,true,66ac498c-fbd1-4088-acd2-cd98bd50fe0c,true,768,true,"gourds","gourds",""","""
857,PASS,442,442,true,245baed9-988d-4aa5-9df5-ba5b3dcafbee,true,768,true,"canto","canto",".","."
858,PASS,497,497,true,76bf218f-9b60-46b8-b1a9-7540ad79b646,true,768,true,"when","when","runs","runs"
859,PASS,538,538,true,e860f67b-cf9e-44a1-8254-b71d6e5207c2,true,768,true,"after","after",".","."
860,PASS,399,399,true,ba770568-d0ec-41e3-9882-b208bb92835f,true,768,true,"dussasana","dussasana",""","""
861,PASS,444,444,true,863f1602-aeba-43cf-bd22-68323a5ab167,true,768,true,"canto","canto","'","'"
862,PASS,517,517,true,c8e21083-7a68-48df-9045-6e450b3e2391,true,768,true,"vikarna","vikarna",".","."
863,PASS,538,538,true,8a51ba5e-d713-490d-9ebb-e3461e14d374,true,768,true,"whatever","whatever","in","in"
864,PASS,487,487,true,eec4bea1-8652-4c50-b4f3-752435a27aeb,true,768,true,"shame","shame",""","""
865,PASS,510,510,true,a98c27d4-40d6-4d8c-978b-c105e6dc1045,true,768,true,"kasyapa","kasyapa","'","'"
866,PASS,26,26,true,c00b6d93-1124-4edd-8d19-26eac9dea2e0,true,768,true,"dussasana","dussasana",""","""
867,PASS,462,462,true,354a292e-82f7-4384-bb03-9b6f1a169d67,true,768,true,"canto","canto",".","."
868,PASS,200,200,true,be5fd3dd-7a49-4ad4-9a5f-59dfc2861fab,true,768,true,"in","in",""","""
869,PASS,464,464,true,9853d7b9-5dc3-4fd7-bce7-dd8071f4e143,true,768,true,"canto","canto","yudhishtira","yudhishtira"
870,PASS,61,61,true,39fb8e45-361a-4bbc-90fa-4cdee3cbde48,true,768,true,"commanded","commanded",""","""
871,PASS,457,457,true,b2e4e99c-b7a7-4bdc-9f74-dd8667a2a9aa,true,768,true,"canto","canto",".","."
872,PASS,484,484,true,181603e0-2525-41c6-8282-f7b68aace2b0,true,768,true,"bhima","bhima","'","'"
873,PASS,347,347,true,89cc9e0f-0697-47f8-ba73-821359270413,true,768,true,"the","the",".","."
874,PASS,445,445,true,fe70b3cb-231e-417a-806e-5b04e98d1d2a,true,768,true,"canto","canto",""","""
875,PASS,447,447,true,cf454143-fe78-46e5-aaf9-55d94d031863,true,768,true,"canto","canto",".","."
876,PASS,95,95,true,c8456108-c02c-4c92-91db-8eb28a8e326c,true,768,true,"be","be",""","""
877,PASS,437,437,true,6c6f8e0f-35fb-4faa-b316-e6eaf2975414,true,768,true,"canto","canto","conquer","conquer"
878,PASS,254,254,true,6fb38d25-0f9b-477c-b314-b63628d4113e,true,768,true,"them","them",""","""
879,PASS,404,404,true,7932b894-8334-4154-912e-44873dbcd666,true,768,true,"canto","canto",""","""
880,PASS,450,450,true,010d70be-79d8-4438-acea-fcbb2761e65e,true,768,true,"canto","canto","his","his"
881,PASS,241,241,true,9e130110-4ebd-4acc-9e58-c3893bc39d93,true,768,true,"great","great",""","""
882,PASS,427,427,true,c2f940cd-56fa-429c-a3d7-b59d6275e8b8,true,768,true,"canto","canto","'","'"
883,PASS,521,521,true,a7e2726a-0350-4802-8ffb-66b4874dc6a7,true,768,true,"so","so","'","'"
884,PASS,365,365,true,7d69ef6d-5c74-41d9-805b-6bfd6d834e93,true,768,true,"arjuna","arjuna",""","""
885,PASS,480,480,true,9f21eecb-54da-4203-a480-5f6d76f21c99,true,768,true,"canto","canto","have","have"
886,PASS,244,244,true,97dee22d-52a5-4aa2-9a00-8fbd117387a0,true,768,true,"had","had",""","""
887,PASS,446,446,true,ff79fc39-46f9-4501-85a0-728586f67415,true,768,true,"canto","canto","?","?"
888,PASS,564,564,true,2340d9c1-3e60-4833-966f-4410b5f0c080,true,768,true,"from","from",".","."
889,PASS,139,139,true,f989b544-6033-4d58-a007-c14829217546,true,768,true,"the","the",""","""
890,PASS,419,419,true,af206e8a-a247-4377-9d31-5de6b8d54221,true,768,true,"canto","canto",".","."
891,PASS,493,493,true,6cfcf20e-596f-4ed8-bd06-9c5cc3184f37,true,768,true,"and","and",".","."
892,PASS,511,511,true,43f0a690-cece-4bc2-a74f-cd389995d814,true,768,true,"he","he",""","""
893,PASS,443,443,true,b6a5aab7-7c43-43ec-8455-8e59332b4adc,true,768,true,"canto","canto",".","."
894,PASS,463,463,true,86e4f485-4ac1-40ae-be70-d4718005b5d9,true,768,true,"all","all",""","""
895,PASS,43,43,true,261e5c9a-2a61-4081-9ab0-1f45da6b37e6,true,768,true,"so","so","parva","parva"
896,PASS,8,8,true,2174178e-0758-4236-8646-c2f3ab094670,true,768,true,"v","v",")",")"
897,PASS,402,402,true,4b29a456-787f-4bc6-85c2-be6bb3c00577,true,768,true,"canto","canto","?","?"
898,PASS,459,459,true,3bbdcddb-d4e0-4c08-9b61-71274cc5f563,true,768,true,"duryodhana","duryodhana","'","'"
899,PASS,397,397,true,4cffbf15-dac1-44c8-a9c5-974c669deb68,true,768,true,"yudhishtira","yudhishtira",""","""
900,PASS,437,437,true,db8c758f-605d-4711-89db-282f5924eeaa,true,768,true,"canto","canto","actions","actions"
901,PASS,486,486,true,6be4e33e-7484-4b08-b7cf-03b9d33a4504,true,768,true,"which","which",".","."
902,PASS,501,501,true,4bbdbe51-e697-4a57-ae2b-25f03ad3a9b6,true,768,true,"men","men",".","."
903,PASS,504,504,true,822b8175-38a9-4720-97cd-e1c49a2e5430,true,768,true,"and","and","'","'"
904,PASS,487,487,true,f7ca53ec-29dd-4d03-89b3-95e2ec685f18,true,768,true,"saunaka","saunaka",".","."
905,PASS,278,278,true,d6c82568-a4aa-4f0e-9d48-b560b41e1f66,true,768,true,"by","by",".","."
906,PASS,420,420,true,b87af3cb-94b2-40df-9327-7c19695ff3fd,true,768,true,"canto","canto",".","."
907,PASS,523,523,true,65349f06-954b-4611-a5ab-a31472331b53,true,768,true,"dhaumya","dhaumya","the","the"
908,PASS,462,462,true,f5519160-50b6-46d5-a524-ffd54e0fbd97,true,768,true,"embodiment","embodiment",".","."
909,PASS,551,551,true,6a65d31a-fa62-4b4b-b14a-ceacf4ae9060,true,768,true,"those","those","'","'"
910,PASS,436,436,true,ccf3019d-2691-4afb-8b6b-ecd3ff306f84,true,768,true,"saying","saying","!","!"
911,PASS,440,440,true,bb9db59c-4239-4201-a2bc-aa21c8f1fa8b,true,768,true,"canto","canto","do","do"
912,PASS,446,446,true,c9137355-0b70-46f4-8c79-a3df0136951a,true,768,true,"as","as",".","."
913,PASS,423,423,true,796a3562-87b2-4cf7-9b07-66251dfeaef7,true,768,true,"canto","canto",".","."
914,PASS,391,391,true,ff76f39a-6c1c-4460-bd4b-e6036c61e350,true,768,true,"what","what",""","""
915,PASS,419,419,true,247c13c3-d50d-4ca5-9303-bf76d7ae818a,true,768,true,"canto","canto","'","'"
916,PASS,255,255,true,8ebbb094-df29-43dc-96d5-5ac939f22175,true,768,true,"the","the",""","""
917,PASS,452,452,true,0c2121c8-c5c0-4d3a-b55a-5e09b1b70fb2,true,768,true,"canto","canto",".","."
918,PASS,204,204,true,21cc66fc-fcb9-4bad-bdf3-75b85c9af960,true,768,true,"i","i",""","""
919,PASS,331,331,true,d2c44b7e-8c12-47b6-b714-c5b2c3609f3e,true,768,true,"canto","canto",""","""
920,PASS,468,468,true,32114be1-0a27-4ce1-bdb7-2e1761a892a8,true,768,true,"canto","canto","'","'"
921,PASS,188,188,true,9d1dc031-5b50-422f-82ed-6299a338a1bd,true,768,true,"vyasa","vyasa",""","""
922,PASS,430,430,true,f639ed35-3de5-475c-a467-f815fb338ca1,true,768,true,"canto","canto","?","?"
923,PASS,484,484,true,8b35d431-cd89-4fa7-a565-499a50dd8995,true,768,true,"the","the",".","."
924,PASS,122,122,true,5835f7c3-ae86-4df6-95ae-50dafaca2e0a,true,768,true,"maitreya","maitreya",""","""
925,PASS,429,429,true,4a1ba807-a8a5-4da9-b228-99b63f59883a,true,768,true,"canto","canto","been","been"
926,PASS,486,486,true,ce937716-a18e-41b6-a7b2-ff4ebeac95a9,true,768,true,"dishevelled","dishevelled",""","""
927,PASS,483,483,true,98bba3ef-b25a-430f-a3a4-5231a403fd5b,true,768,true,"bhima","bhima",".","."
928,PASS,317,317,true,d9a471c9-0aec-4e19-99dd-2a5584744f52,true,768,true,"seeing","seeing",""","""
929,PASS,435,435,true,54ab798f-3b5b-4e0a-93d0-6ef8ed260389,true,768,true,"canto","canto","the","the"
930,PASS,507,507,true,d8d7c801-3437-4dd6-a02a-c8c8d62348c3,true,768,true,"beginning","beginning","your","your"
931,PASS,499,499,true,43a9a959-25bd-4048-89de-206b8a882739,true,768,true,"protection","protection","!","!"
932,PASS,520,520,true,3b4d0c66-cfd3-4b30-8e37-e548e04b8b78,true,768,true,"for","for","them","them"
933,PASS,463,463,true,8918d02c-6ddf-4028-9da8-cfdf02b7220c,true,768,true,"dauntless","dauntless","came","came"
934,PASS,491,491,true,ec0960fa-2a76-4bd0-bf94-7049454489d4,true,768,true,"to","to","of","of"
935,PASS,522,522,true,ae4d563e-43f5-48d8-85bd-8761785ad0fa,true,768,true,"lions","lions","'","'"
936,PASS,73,73,true,09dbfd14-9371-40f4-9a61-22f1eafd2cee,true,768,true,"now","now",".","."
937,PASS,444,444,true,ee4bf12d-bee4-40c3-8fa6-56acfc8894ac,true,768,true,"canto","canto",""","""
938,PASS,21,21,true,ae577d5c-b0c4-4a34-bd56-ec67468845c7,true,768,true,"—","—",".","."
939,PASS,458,458,true,7b3064e6-6c47-47c1-8b18-bd0d43659c2a,true,768,true,"canto","canto",".","."
940,PASS,44,44,true,d2d6f53e-24c6-4e06-a626-0152b996ff62,true,768,true,"mahabaho","mahabaho","'","'"
941,PASS,441,441,true,9afd6c03-ef10-4345-89a2-05761d6bf365,true,768,true,"canto","canto",".","."
942,PASS,83,83,true,11936d9d-cd1a-46b9-b7bb-ba6555a0ce92,true,768,true,"all","all",""","""
943,PASS,437,437,true,5f416cbc-6858-4012-82c1-fce759cbfff4,true,768,true,"canto","canto",".","."
944,PASS,230,230,true,833b6f0e-128e-4d88-9da3-92c96f83c198,true,768,true,"another","another",""","""
945,PASS,426,426,true,254c4d69-4335-4434-9c6d-03b0033c949a,true,768,true,"canto","canto","the","the"
946,PASS,45,45,true,ae95682b-6c2a-4945-ab74-9913b240dbfe,true,768,true,"world","world",""","""
947,PASS,467,467,true,bf501faf-f021-4edf-89e3-a16eaab2d13e,true,768,true,"canto","canto","among","among"
948,PASS,376,376,true,f00f0c9d-7957-4369-893f-63248d3c72ed,true,768,true,"men","men",""","""
949,PASS,459,459,true,51f4a800-d739-4d43-a73a-49b76f0f265c,true,768,true,"canto","canto","!","!"
950,PASS,171,171,true,949f8a80-101c-4560-80ab-92b7df4c9435,true,768,true,"now","now",""","""
951,PASS,441,441,true,3e0c769a-6add-425b-9bb8-b63ac0c7f0bf,true,768,true,"canto","canto",".","."
952,PASS,513,513,true,a19e9c7a-a8f0-4c54-8336-faf62b9cb6dc,true,768,true,"i","i","cotton","cotton"
953,PASS,28,28,true,a2facb10-0164-45fc-8698-1575c88586ff,true,768,true,"wool","wool",""","""
954,PASS,438,438,true,b322f95d-83fa-4da6-8dde-e060da1723ab,true,768,true,"canto","canto",""","""
955,PASS,202,202,true,5b343103-e342-4454-9dd9-6dddeb83c0ba,true,768,true,"yudhishtira","yudhishtira",""","""
956,PASS,422,422,true,542eaaca-c488-4cac-946e-a501ca2b130a,true,768,true,"canto","canto","sarathy","sarathy"
957,PASS,490,490,true,6f11b4e4-1191-4633-b2a4-280e09da4c3a,true,768,true,"daruka","daruka",".","."
958,PASS,319,319,true,7d851852-0a68-4976-970c-9d408724aca9,true,768,true,"rajan","rajan",""","""
959,PASS,438,438,true,87ab52bd-08bb-48b5-a887-404f40a89d76,true,768,true,"canto","canto","who","who"
960,PASS,74,74,true,a2d2931c-a9ea-4fc5-963c-103bee7787fb,true,768,true,"know","know",""","""
961,PASS,430,430,true,197daf87-ad07-4d7e-8f95-4c821d83b3d3,true,768,true,"canto","canto",".","."
962,PASS,270,270,true,be61e42a-5148-4c41-953e-c6baba175a84,true,768,true,"flocks","flocks",""","""
963,PASS,461,461,true,d76ba299-97ad-4bc9-8327-16a027c47532,true,768,true,"canto","canto","!","!"
964,PASS,255,255,true,8be09454-f04b-4654-ac37-8ba9ce8b58b2,true,768,true,"noblest","noblest",""","""
965,PASS,418,418,true,68b746b2-8659-4999-9afd-b8f0425ebe5f,true,768,true,"canto","canto",".","."
966,PASS,234,234,true,3d123ece-2fc0-4bc4-9a34-25a637c92d59,true,768,true,"the","the",""","""
967,PASS,463,463,true,7ca66534-47d7-4eea-aa89-ae05716e15a7,true,768,true,"canto","canto",",",","
968,PASS,516,516,true,84093963-aebf-4eff-b3e1-1e26080fd678,true,768,true,"though","though",""","""
969,PASS,441,441,true,76b474b2-3bf9-4bf4-9600-02fa5cb94e91,true,768,true,"canto","canto",".","."
970,PASS,407,407,true,9b0b0493-b005-4ae7-a71f-d3ab445176a4,true,768,true,"so","so",""","""
971,PASS,430,430,true,0c3d4129-cccc-4f09-8a34-fcfebe6de204,true,768,true,"canto","canto",".","."
972,PASS,512,512,true,ee08cb1b-57da-48a7-97d3-ea00f796eb8c,true,768,true,"truth","truth","a","a"
973,PASS,466,466,true,983b3f1c-e34f-405b-b72a-3f43c1d7cd33,true,768,true,"strong","strong",".","."
974,PASS,57,57,true,cbb11919-ec94-4605-9d0c-5b307e8e563a,true,768,true,"suyodhana","suyodhana",""","""
975,PASS,390,390,true,3a3853d9-42f6-4dbc-ba8c-051fec41eed8,true,768,true,"canto","canto",".","."
976,PASS,517,517,true,71185d49-a771-4a4b-aa0a-7f476543e058,true,768,true,"ishti","ishti",".","."
977,PASS,266,266,true,3541c92a-b39b-4a3a-91cd-854f9f8eb4c9,true,768,true,"god","god",""","""
978,PASS,430,430,true,e73b509b-4820-4b97-8960-dfe7f6a559b2,true,768,true,"canto","canto","eyes","eyes"
979,PASS,497,497,true,6621e3a5-ec93-4e89-8848-2be7b64988f5,true,768,true,"as","as","the","the"
980,PASS,337,337,true,fedd85cc-e660-4e21-b9b1-d8e002ca92d7,true,768,true,"circumstances","circumstances",""","""
981,PASS,457,457,true,fab681d7-e3a2-408c-9b82-f1858802fdad,true,768,true,"canto","canto",".","."
982,PASS,503,503,true,49667a23-c84a-4ac4-a8d9-f8992f0831ed,true,768,true,"if","if",",",","
983,PASS,512,512,true,4b15c7cc-eb6a-4388-a9de-33b61ac68d88,true,768,true,"and","and","wish","wish"
984,PASS,196,196,true,e0e1b202-4dc7-4191-97be-22a7b256af69,true,768,true,"his","his",""","""
985,PASS,437,437,true,cdb11c90-0551-4edb-ac69-07283ed838ff,true,768,true,"canto","canto",".","."
986,PASS,510,510,true,c3bb3507-671b-4be9-acdc-8c67acc2dfca,true,768,true,"even","even",".","."
987,PASS,489,489,true,9d945a98-5f64-468d-b385-bf34e8d28de2,true,768,true,"as","as","energy","energy"
988,PASS,512,512,true,f14fbd6a-590f-420e-8015-180708b71be8,true,768,true,"constitute","constitute","brings","brings"
989,PASS,498,498,true,0fd24831-025b-46ce-9ce8-ae3e01df3877,true,768,true,"him","him","no","no"
990,PASS,72,72,true,d0706694-f76b-4597-ad0d-2572b2e9101e,true,768,true,"warrior","warrior",""","""
991,PASS,455,455,true,0081b573-a9ce-49fa-9a52-b2b492487a3c,true,768,true,"canto","canto",""","""
992,PASS,411,411,true,d6bce9a4-2bc0-463b-8df1-26b6020145db,true,768,true,"i","i",""","""
993,PASS,491,491,true,f6239daa-28ba-46f8-a7ba-c7dd8633256a,true,768,true,"canto","canto","by","by"
994,PASS,492,492,true,ea33341d-158a-43ae-b3c8-1358779bef39,true,768,true,"them","them",""","""
995,PASS,453,453,true,e36cfa06-27f4-477a-bb7f-27b94298eb90,true,768,true,"canto","canto","in","in"
996,PASS,497,497,true,2398772d-0c90-4b36-b9dd-d426c3be1f83,true,768,true,"hastinapura","hastinapura","so","so"
997,PASS,239,239,true,a399788e-2ed0-4c7f-8e1e-1dbd7a05beea,true,768,true,"many","many",""","""
998,PASS,448,448,true,67d0861e-d5a8-4092-9d79-98cb78c24e7f,true,768,true,"canto","canto",".","."
999,PASS,493,493,true,c9b04f11-e46c-4450-aa22-0b1d279301c7,true,768,true,"pouring","pouring","'","'"
1000,PASS,497,497,true,1a9eb2b4-936e-499a-a848-9ae324ef1553,true,768,true,"crying","crying",".","."
1001,PASS,133,133,true,494b03c4-c2fc-4486-983a-bec491b3f0eb,true,768,true,"for","for",""","""
1002,PASS,467,467,true,81159c51-9d00-4994-bf25-2f1f12f5b6b2,true,768,true,"canto","canto","soon","soon"
1003,PASS,450,450,true,24f08dfe-1577-4fe5-b787-b7a34804aa8b,true,768,true,"reaches","reaches",""","""
1004,PASS,444,444,true,31230e5c-2519-4dde-a7d4-e040867cc01f,true,768,true,"canto","canto",",",","
1005,PASS,526,526,true,225ca887-29c0-4838-a439-530f184804de,true,768,true,"surrounded","surrounded","in","in"
1006,PASS,477,477,true,9068d026-c4d5-4554-bd33-7861d6077679,true,768,true,"some","some","!","!"
1007,PASS,475,475,true,2379ca3c-af65-406d-a2df-38bf218eadf3,true,768,true,"mahabaho","mahabaho",""","""
1008,PASS,465,465,true,c1e97d35-3b88-4000-81be-4ee5a46f632b,true,768,true,"canto","canto","'","'"
1009,PASS,287,287,true,8eab87c9-d255-4ca7-879f-9529d9bf0830,true,768,true,"arjuna","arjuna",""","""
1010,PASS,433,433,true,4e067cc7-dc52-44ad-b458-6807ee546d5b,true,768,true,"canto","canto","another","another"
1011,PASS,470,470,true,a1d4e444-29ff-4393-aa58-cec8708998db,true,768,true,"sun","sun","the","the"
1012,PASS,430,430,true,4bd1b7ed-65fe-44aa-9ab8-8726b05cba62,true,768,true,"field","field",""","""
1013,PASS,407,407,true,2058d99a-96cc-4d0a-aaef-0f1b24ee493f,true,768,true,"canto","canto",".","."
1014,PASS,517,517,true,f2d2ad64-f31e-4035-a8c0-819949610f27,true,768,true,"he","he","of","of"
1015,PASS,172,172,true,16b81113-ebf1-4641-a946-bbd2590c2d26,true,768,true,"apsaras","apsaras",""","""
1016,PASS,443,443,true,fc3064a3-fd04-4996-9c43-1e909bbc937d,true,768,true,"canto","canto","alights","alights"
1017,PASS,425,425,true,37884034-ad4c-48a2-a532-c87e2bcb837b,true,768,true,"from","from",""","""
1018,PASS,358,358,true,2f1f2f7c-8284-4a43-b566-79da64e38591,true,768,true,"canto","canto",""","""
1019,PASS,484,484,true,9ab9c78b-34c2-4ab7-a48f-0033c7ce874f,true,768,true,"canto","canto","'","'"
1020,PASS,98,98,true,744a4673-a7b3-4bdc-bfc3-9a30632802e9,true,768,true,"urvasi","urvasi","'","'"
1021,PASS,433,433,true,647d4a77-bc96-446f-aba1-5aaad3a23c3a,true,768,true,"canto","canto",".","."
1022,PASS,481,481,true,c2f7d51b-7bfc-48ba-927f-ca658c376865,true,768,true,"swiftly","swiftly",""","""
1023,PASS,556,556,true,fbdb8e97-9ae3-445d-947e-aa98ddaeeca7,true,768,true,"even","even","'","'"
1024,PASS,307,307,true,b3a2720a-2658-4fbd-bc74-8d8e9b21d68a,true,768,true,"with","with",""","""
1025,PASS,462,462,true,d04384d9-bc10-49d5-b839-3614b0a939e1,true,768,true,"canto","canto",".","."
1026,PASS,476,476,true,d0b12190-b43e-44fb-a635-1b5eb92617ba,true,768,true,"the","the",""","""
1027,PASS,438,438,true,edd683b8-2ed4-4e4f-bb90-e12eb33fbd7c,true,768,true,"canto","canto",".","."
1028,PASS,113,113,true,9f9506df-0b2f-44b3-89f4-58d9476bf6eb,true,768,true,"o","o",""","""
1029,PASS,439,439,true,23286a59-e219-4c5e-9afa-1f79060f59d1,true,768,true,"canto","canto","by","by"
1030,PASS,133,133,true,0db486c2-7db4-447a-81ba-4f1bb1abcf5f,true,768,true,"arjuna","arjuna",""","""
1031,PASS,353,353,true,a7c51651-c4a0-4053-9c09-544abff7f11d,true,768,true,"canto","canto",""","""
1032,PASS,440,440,true,c7a5a552-a76c-4b36-a8db-3a92951f62e2,true,768,true,"canto","canto","'","'"
1033,PASS,494,494,true,d03f6564-7b19-4efb-808c-fd875c4550cf,true,768,true,"sanjaya","sanjaya",""","""
1034,PASS,486,486,true,fb0817f5-0f8e-4b76-800d-f920fdab58c4,true,768,true,"rajan","rajan","'","'"
1035,PASS,483,483,true,56fa3614-1e12-4656-80e6-a2e1385e4131,true,768,true,"canto","canto",".","."
1036,PASS,508,508,true,a74baa35-3fc9-4e1a-8d36-ca45529c5832,true,768,true,"and","and","king","king"
1037,PASS,523,523,true,668cb108-5971-4015-8416-b2c02302c0b4,true,768,true,"worships","worships","'","'"
1038,PASS,457,457,true,48479fd5-2b05-4483-a117-869cb258bda9,true,768,true,"canto","canto",".","."
1039,PASS,421,421,true,fe81b57f-472a-4fc8-8eb6-6898254b45ef,true,768,true,"hearing","hearing","'","'"
1040,PASS,431,431,true,2f0b4c57-44df-4258-b138-74baff339647,true,768,true,"canto","canto","time","time"
1041,PASS,359,359,true,c2e80157-6902-4176-90a6-4fd86403a7e2,true,768,true,"comes","comes",""","""
1042,PASS,457,457,true,8b3b6193-b4c9-4b83-963c-67261c769e1d,true,768,true,"canto","canto",".","."
1043,PASS,233,233,true,37a3761e-775b-4948-ac84-1644883ea3f4,true,768,true,""",""",""","""
1044,PASS,471,471,true,13b52b07-22a3-4946-97a7-f4eb3e5e3ec3,true,768,true,"canto","canto","devas","devas"
1045,PASS,255,255,true,54b85f53-363b-4afd-a9ac-c3bd664bd6ca,true,768,true,"led","led",""","""
1046,PASS,442,442,true,5dfb80de-a4b9-42a7-97dc-4cc2b592a029,true,768,true,"canto","canto",",",","
1047,PASS,518,518,true,ec426301-2f82-44e9-8948-52cfb34ef3f6,true,768,true,"let","let",".","."
1048,PASS,200,200,true,bcc1b734-015e-4266-90f4-087800d92887,true,768,true,"having","having","'","'"
1049,PASS,401,401,true,14fcf56d-bd87-458f-91aa-7b85835f2e71,true,768,true,"canto","canto",""","""
1050,PASS,453,453,true,5315edd1-276e-4cb2-88e6-eadc9ac6612f,true,768,true,"canto","canto","'","'"
1051,PASS,471,471,true,950eee25-0475-49ad-95be-50591524cf29,true,768,true,"canto","canto","'","'"
1052,PASS,486,486,true,812a30f5-82a0-40cc-9e54-a33c8fdc62a5,true,768,true,"canto","canto","own","own"
1053,PASS,423,423,true,c1fc03ad-1fee-47c2-9502-24df7df20691,true,768,true,"good","good",""","""
1054,PASS,420,420,true,26341bb1-4f03-495e-99e5-55400f88b10d,true,768,true,"canto","canto",""","""
1055,PASS,304,304,true,bdc56ab0-9ee5-411b-a2d0-4d12cb7ca645,true,768,true,"thinking","thinking","'","'"
1056,PASS,465,465,true,5eebe929-2cee-40f9-9872-2534a0d62904,true,768,true,"canto","canto","hungry","hungry"
1057,PASS,413,413,true,d54f8ed4-d2cf-42e4-9655-a2a919122764,true,768,true,"snake","snake","'","'"
1058,PASS,439,439,true,c6cbc375-c605-4ca3-93b3-8643bd797e77,true,768,true,"canto","canto","the","the"
1059,PASS,590,590,true,6643f837-939d-4d14-84ba-627e2791ae13,true,768,true,"angas","angas","whom","whom"
1060,PASS,511,511,true,741d7ade-561a-497d-b8d4-537e5cca5a7e,true,768,true,"lions","lions","?","?"
1061,PASS,575,575,true,bcbe9bbb-1ef8-41ef-b168-efd88d392a43,true,768,true,"o","o",",",","
1062,PASS,499,499,true,e9fe5115-580a-4913-be29-de7cdc30517f,true,768,true,"who","who",""","""
1063,PASS,547,547,true,5c2bac7e-f515-4142-b7a7-a90d8878f97e,true,768,true,"after","after","daughter","daughter"
1064,PASS,231,231,true,4f28e989-1770-41df-ba3b-fc55b92aa226,true,768,true,"in","in",""","""
1065,PASS,415,415,true,2d29d335-7ab2-4196-897c-5cac484e9af2,true,768,true,"canto","canto",""","""
1066,PASS,482,482,true,3361eba9-a79d-43b8-b5ad-6f925ebeac42,true,768,true,""",""",".","."
1067,PASS,508,508,true,9eb9714b-b637-4555-a536-fc9a984728f3,true,768,true,"everything","everything","by","by"
1068,PASS,454,454,true,d5670e3a-36b0-461d-952b-c2420474c7bb,true,768,true,"his","his","'","'"
1069,PASS,477,477,true,49916839-7c27-4fb1-ade5-3ba452382195,true,768,true,"canto","canto",".","."
1070,PASS,162,162,true,eddc8411-03cf-42bc-a6f8-a5dae190d08d,true,768,true,"lord","lord","'","'"
1071,PASS,478,478,true,4be06939-ded7-45d2-8166-6c7e7498ea59,true,768,true,"canto","canto","no","no"
1072,PASS,81,81,true,549dd385-dd56-4926-95e4-201cebc4e4c3,true,768,true,"knowledge","knowledge",""","""
1073,PASS,474,474,true,171f9f2e-4b1b-437d-b7a2-ba0dfa0ada0f,true,768,true,"canto","canto","her","her"
1074,PASS,516,516,true,6b5e18d1-afae-4265-8914-6f5f86510649,true,768,true,"husband","husband","'","'"
1075,PASS,483,483,true,8c8faf26-cf80-48d7-a485-3bf4315a6df2,true,768,true,"canto","canto","still","still"
1076,PASS,502,502,true,a5627515-4717-482a-8b3e-87aafb2009f9,true,768,true,"happier","happier","?","?"
1077,PASS,191,191,true,857dab8a-a9ac-469a-a0f0-64cf1b6a9972,true,768,true,"i","i",".","."
1078,PASS,439,439,true,be6ae4b6-ae93-46b6-a397-f0c280974895,true,768,true,"canto","canto",""","""
1079,PASS,234,234,true,32224972-8691-425e-a0cf-0b0835287ba6,true,768,true,"when","when","'","'"
1080,PASS,459,459,true,3fa68b99-52f4-436c-8720-a8f4aa471682,true,768,true,"canto","canto",""","""
1081,PASS,360,360,true,5c5e7bfa-bfad-4a0c-89c8-d6025a18fd47,true,768,true,"rituparna","rituparna","'","'"
1082,PASS,480,480,true,3d99b676-7d03-4e59-a25b-25574b79595b,true,768,true,"canto","canto","said","said"
1083,PASS,465,465,true,a0843f45-0018-4604-be32-97734d9070df,true,768,true,"to","to","'","'"
1084,PASS,465,465,true,dd4742db-c817-4b75-9c61-68391f07078a,true,768,true,"canto","canto","and","and"
1085,PASS,446,446,true,6c34b13e-747d-4339-a477-04b95624fe95,true,768,true,"bahuka","bahuka","'","'"
1086,PASS,454,454,true,aee0d62b-d3ba-4e95-871e-6780d08542c7,true,768,true,"canto","canto","tearing","tearing"
1087,PASS,306,306,true,6d3efd60-b08f-4e74-81a6-4b691c680528,true,768,true,"off","off",".","."
1088,PASS,431,431,true,5dfa845c-c8bf-42a9-853c-14d5dd22f094,true,768,true,"canto","canto",",",","
1089,PASS,216,216,true,223e969b-b124-407b-b754-dfe78c67d9e8,true,768,true,"she","she",""","""
1090,PASS,439,439,true,e660c1f3-da1f-4607-9761-608a788f0e61,true,768,true,"canto","canto",".","."
1091,PASS,540,540,true,60f19865-a498-40c0-ac94-588704c9a3b4,true,768,true,"through","through",".","."
1092,PASS,281,281,true,8eef16d8-1f6b-438a-ac39-12c00befd459,true,768,true,"seeing","seeing",""","""
1093,PASS,458,458,true,cd3719a5-9290-4dc3-800f-4439e85999a6,true,768,true,"canto","canto","'","'"
1094,PASS,477,477,true,623f403c-1bc9-4e89-bf3c-8c228e17a78a,true,768,true,"canto","canto",",",","
1095,PASS,364,364,true,6eab1c49-83ac-4442-94a1-3af3ac207226,true,768,true,"which","which",""","""
1096,PASS,432,432,true,49b12fea-fec4-415f-b9d8-2e7921aeaf2e,true,768,true,"canto","canto",".","."
1097,PASS,281,281,true,5ae7296b-5642-44aa-bd75-eb922bf61242,true,768,true,"also","also",""","""
1098,PASS,444,444,true,9db58d06-24b7-4399-bdb3-4859077ac076,true,768,true,"canto","canto","hands","hands"
1099,PASS,355,355,true,b7b544e4-e0b1-4026-95f9-54bca52cb1b5,true,768,true,"wield","wield",""","""
1100,PASS,456,456,true,6aa3ebdc-702b-4fe1-86b1-4b20055f5e16,true,768,true,"canto","canto",".","."
1101,PASS,108,108,true,b38a3240-16eb-453f-9687-5c79f3e65635,true,768,true,"purifying","purifying","'","'"
1102,PASS,468,468,true,2b97b363-54e0-4f33-be0b-df2460f23fe3,true,768,true,"canto","canto",".","."
1103,PASS,488,488,true,bbd6545c-dd59-4fcd-b531-e674807c6a90,true,768,true,"however","however",".","."
1104,PASS,525,525,true,7b4e9b77-8598-43d1-ac8f-d60651d8438f,true,768,true,"man","man","gift","gift"
1105,PASS,527,527,true,8ce528ce-4c0f-4b53-a716-e741659c019a,true,768,true,"of","of","devas","devas"
1106,PASS,504,504,true,6e740d97-aeed-44f8-b66e-605194f9f44f,true,768,true,"one","one","where","where"
1107,PASS,492,492,true,f35bef6f-132d-466d-9355-fdf6eef4f690,true,768,true,"to","to",".","."
1108,PASS,466,466,true,feadcfbb-47a6-42a0-883e-df546de25561,true,768,true,"there","there","shall","shall"
1109,PASS,154,154,true,7e1b24c3-b52b-4a6a-ac07-4d8cf2a36153,true,768,true,"grow","grow",""","""
1110,PASS,463,463,true,e6647d15-a746-4690-afab-1cf2cdada7b0,true,768,true,"canto","canto","to","to"
1111,PASS,515,515,true,9507e9dd-5bdc-475c-af96-4b8ec2d7a873,true,768,true,"panchananda","panchananda","the","the"
1112,PASS,446,446,true,f33ea527-570c-428f-9a8f-5af5e0acef16,true,768,true,"kshatriyas","kshatriyas",".","."
1113,PASS,496,496,true,04a82ff9-060b-4579-b8a8-36b5ec0f5a54,true,768,true,"virtuous","virtuous","who","who"
1114,PASS,481,481,true,2b38347c-679c-4e9a-959a-6dfa8d430199,true,768,true,"is","is",".","."
1115,PASS,489,489,true,154bedd7-f060-4d4f-8928-6591d987aed1,true,768,true,"dharmatma","dharmatma",".","."
1116,PASS,534,534,true,830c3dc2-dfca-4138-8248-6cc3eab05451,true,768,true,"bhaaratottama","bhaaratottama","mobile","mobile"
1117,PASS,463,463,true,5491794a-56c3-4739-9c98-d82de75ebd9e,true,768,true,"and","and",".","."
1118,PASS,489,489,true,c20a0ebf-26d1-43c2-ac0b-0778d9f28196,true,768,true,"he","he","sthanu","sthanu"
1119,PASS,511,511,true,cc8eb624-0ecb-4c6f-8cae-cb6df91b249b,true,768,true,"himself","himself","ekaratra","ekaratra"
1120,PASS,465,465,true,6d519906-60c9-4fbf-aebd-d84914c994f4,true,768,true,"tirtha","tirtha",".","."
1121,PASS,223,223,true,4038efbc-ac8e-441b-b5c4-4eb24b4f3cbd,true,768,true,"best","best",""","""
1122,PASS,440,440,true,1b4af71b-3275-4063-86bd-5538060b8f75,true,768,true,"canto","canto","in","in"
1123,PASS,493,493,true,adfa01a5-ca09-4543-97ec-ade9cc62c0a3,true,768,true,"purity","purity","the","the"
1124,PASS,486,486,true,7bb42168-c598-40fa-bf65-3bd8da4c3dd2,true,768,true,"man","man","the","the"
1125,PASS,479,479,true,92b05177-acd7-4753-add5-c398429b1e22,true,768,true,"most","most",".","."
1126,PASS,502,502,true,0b412d8c-57f6-4800-9850-b0d1d8fcdbec,true,768,true,"after","after","her","her"
1127,PASS,510,510,true,5e18497b-9eba-4754-a23d-61009d7b3b7d,true,768,true,"calf","calf",".","."
1128,PASS,496,496,true,69c4792c-e89f-4e06-9a12-c6418ff57ae6,true,768,true,"going","going",",",","
1129,PASS,536,536,true,593fbd59-403c-4dc6-ba26-10ae3fbfbce9,true,768,true,"the","the",",",","
1130,PASS,500,500,true,6565276b-408a-401a-af5e-1332f5e47c65,true,768,true,"viswamitra","viswamitra","tirtha","tirtha"
1131,PASS,84,84,true,e109b602-af1e-40fa-bdc9-c460a4d5cf40,true,768,true,"dharma","dharma",""","""
1132,PASS,427,427,true,7d9ddfbd-79ac-4e9d-a97f-593ec835db64,true,768,true,"canto","canto",".","."
1133,PASS,515,515,true,1618e999-0732-4d7e-bbe8-5b2419f1e2c3,true,768,true,"arriving","arriving",".","."
1134,PASS,482,482,true,bf4c46d1-b171-4ff2-a753-518dc1c9423b,true,768,true,"going","going",",",","
1135,PASS,497,497,true,3cf73ec0-57bb-4528-b49e-b8346784ce78,true,768,true,"in","in",",",","
1136,PASS,498,498,true,d4d8a772-51fa-4c87-83c7-b8a7398dc680,true,768,true,"one","one","the","the"
1137,PASS,508,508,true,ab4ec808-8c47-4c23-96b3-d7a329a95501,true,768,true,"merit","merit","cherish","cherish"
1138,PASS,526,526,true,17f0be23-1926-4ab3-9a8f-ae3b88483823,true,768,true,"with","with",".","."
1139,PASS,395,395,true,73ec7801-116e-418f-a44b-8e5ce9cc1519,true,768,true,"these","these",""","""
1140,PASS,454,454,true,bdf95b37-4a2c-4cf1-94df-ec2ebe4a1b43,true,768,true,"canto","canto","the","the"
1141,PASS,216,216,true,c6ac5f9d-3c8b-4259-9921-f7c40759e196,true,768,true,"rainbow","rainbow",""","""
1142,PASS,447,447,true,ccf92779-164e-4116-8f31-ab3510bb16d6,true,768,true,"canto","canto","and","and"
1143,PASS,419,419,true,ea946c18-1d4c-4a80-b318-9d7a1bb43d68,true,768,true,"where","where",""","""
1144,PASS,443,443,true,627f145a-657d-4817-a33a-2f8185a675d0,true,768,true,"canto","canto","the","the"
1145,PASS,422,422,true,cb316ea1-6ba0-4e0f-8c51-ccf50e23729b,true,768,true,"tirtha","tirtha","'","'"
1146,PASS,469,469,true,3c366928-553f-4b6d-8c28-c94cb699fe91,true,768,true,"canto","canto","the","the"
1147,PASS,76,76,true,1d6001fc-fb93-4ea6-8409-00165f902cd2,true,768,true,"celebrated","celebrated","'","'"
1148,PASS,438,438,true,2e108d9c-11fe-4823-81e3-08398ee44e20,true,768,true,"canto","canto",".","."
1149,PASS,492,492,true,bb327858-d524-468d-ad33-38b7568839b5,true,768,true,"here","here",".","."
1150,PASS,85,85,true,ad378a1f-5c8b-426d-99e8-d9819b913c30,true,768,true,"these","these",""","""
1151,PASS,460,460,true,3c395410-d6f8-4611-b92c-afdb9913f367,true,768,true,"canto","canto","they","they"
1152,PASS,244,244,true,26673e28-6771-405a-9ab9-218ad2e9a4b2,true,768,true,"themselves","themselves",".","."
1153,PASS,470,470,true,d7038ddd-c000-414e-824e-849ce0be210d,true,768,true,"canto","canto","?","?"
1154,PASS,312,312,true,415c68d2-7c35-4a98-8fc0-52fd7af10bee,true,768,true,"as","as",""","""
1155,PASS,476,476,true,41592dfd-9f5a-451b-891a-a10c1d4db2d8,true,768,true,"canto","canto","parvata","parvata"
1156,PASS,336,336,true,18a62e60-ed2a-467b-b05a-22e31daf625b,true,768,true,"and","and","!","!"
1157,PASS,418,418,true,2e00c347-da9d-40cd-87cb-6f340d17adc5,true,768,true,"canto","canto","performed","performed"
1158,PASS,185,185,true,7952ee76-f47f-405c-81d3-daee7a976a5c,true,768,true,"sacrifices","sacrifices",""","""
1159,PASS,440,440,true,b88f0fd1-a109-45aa-9360-be350cb48ed4,true,768,true,"canto","canto","come","come"
1160,PASS,483,483,true,8921e5c0-8999-4f8f-a3cb-94c052feb8bc,true,768,true,"to","to",""","""
1161,PASS,462,462,true,a4145bf6-bfbf-4cd4-ac0c-0bd5c586e236,true,768,true,"canto","canto","we","we"
1162,PASS,372,372,true,914d1b82-35f5-4f25-9656-191476c12307,true,768,true,"can","can",""","""
1163,PASS,469,469,true,6fe9386e-74bc-4c13-9fe7-2e2963c133d4,true,768,true,"canto","canto","other","other"
1164,PASS,243,243,true,01cb8b79-b2b3-412d-9410-bf496ae94833,true,768,true,"ornaments","ornaments",""","""
1165,PASS,453,453,true,3d47c4dd-3442-42b0-9eda-5f2439ba4fa4,true,768,true,"canto","canto",""","""
1166,PASS,152,152,true,3f7ca627-e51c-4c26-85af-7319194af82a,true,768,true,"that","that","'","'"
1167,PASS,474,474,true,522510b6-9694-4861-9ee5-cc8927ea8fc7,true,768,true,"canto","canto","daitya","daitya"
1168,PASS,513,513,true,6ce96ba3-ad7b-4fd7-b116-de9d67cfde66,true,768,true,"then","then",".","."
1169,PASS,537,537,true,6528255d-321b-4747-8570-b79664ce7791,true,768,true,"bathe","bathe","the","the"
1170,PASS,530,530,true,f601b0e5-3de5-46e7-b991-ac87b1f60d88,true,768,true,"greatest","greatest",""","""
1171,PASS,53,53,true,51978163-a2e1-45b8-a1cc-111dac7d38d0,true,768,true,"rama","rama","'","'"
1172,PASS,430,430,true,4ba814df-dad6-411c-a09e-18b89ae2e382,true,768,true,"canto","canto","down","down"
1173,PASS,307,307,true,d377913e-1197-44bb-9a5b-a157c6f46644,true,768,true,"from","from","'","'"
1174,PASS,449,449,true,b2f8b516-4889-4bf9-96f8-337b657f7ec0,true,768,true,"canto","canto",".","."
1175,PASS,251,251,true,c2c721ad-7f0c-4098-a6b9-daf5257220d8,true,768,true,"however","however","'","'"
1176,PASS,410,410,true,074efb43-0354-4057-91fe-b50e292097e3,true,768,true,"canto","canto",",",","
1177,PASS,292,292,true,8e03ab93-c428-4ee9-b472-a17f3ee0072a,true,768,true,"they","they",""","""
1178,PASS,439,439,true,2378a596-571e-4410-a800-ba0eae99b817,true,768,true,"canto","canto","his","his"
1179,PASS,119,119,true,eaed06ba-2089-411c-8944-f521b534d4dc,true,768,true,"throne","throne",""","""
1180,PASS,440,440,true,a45fbb0e-ab61-4a2b-a344-a0076418824b,true,768,true,"canto","canto",".","."
1181,PASS,230,230,true,ab472ca1-16bd-4f71-9781-dcb7ddf4b8a0,true,768,true,"having","having","'","'"
1182,PASS,453,453,true,babad1de-cd20-46f4-8d93-5ac207a83ab2,true,768,true,"canto","canto",""","""
1183,PASS,69,69,true,1963b8ed-8b60-4301-ab8d-653659fc4163,true,768,true,"great","great","'","'"
1184,PASS,461,461,true,35361e9c-6fcd-4676-8409-a04b96e1b462,true,768,true,"canto","canto",".","."
1185,PASS,279,279,true,81d1edfe-b868-4373-b46d-37bda163be96,true,768,true,"well","well","'","'"
1186,PASS,441,441,true,6bb466f6-6d19-4759-82d6-c1713eb082ad,true,768,true,"canto","canto",".","."
1187,PASS,512,512,true,5c7fed21-f11c-44b1-b9b9-c16d4cd4f080,true,768,true,"returning","returning","strength","strength"
1188,PASS,515,515,true,44f24629-688b-4de6-8ffa-42926595a7c1,true,768,true,"encountered","encountered","a","a"
1189,PASS,452,452,true,5fa54127-126a-4839-a463-b744f2a9ef61,true,768,true,"grandson","grandson","'","'"
1190,PASS,426,426,true,614698e8-debd-4a35-b430-06d121f9e3f9,true,768,true,"canto","canto",".","."
1191,PASS,340,340,true,8770833b-f976-478f-9f49-0e90df1823bf,true,768,true,"ganga","ganga","'","'"
1192,PASS,441,441,true,e0949357-df51-44ba-987d-230880df983e,true,768,true,"canto","canto",".","."
1193,PASS,117,117,true,dd2590cc-b1cc-46ba-b072-5509f8df8875,true,768,true,"with","with",""","""
1194,PASS,451,451,true,c28bafa6-de61-4781-8d98-3ce0d59e27a6,true,768,true,"canto","canto",".","."
1195,PASS,548,548,true,ead32a69-4c28-4e9d-8c59-f78d49cef0da,true,768,true,"therefore","therefore","like","like"
1196,PASS,516,516,true,8673f115-c97c-4008-a32b-5298af69359f,true,768,true,"the","the","at","at"
1197,PASS,252,252,true,99d3fc07-121d-4e5b-bac7-a1e1af3f6c0c,true,768,true,"giving","giving",".","."
1198,PASS,428,428,true,a607ebb7-1713-47b1-af77-9d281940140c,true,768,true,"canto","canto",".","."
1199,PASS,460,460,true,56977d8b-d362-4cd0-8bfa-905ca4f6ee63,true,768,true,"o","o",""","""
1200,PASS,464,464,true,08b32736-ce09-4fdf-8846-357f6528f4a9,true,768,true,"canto","canto",",",","
1201,PASS,268,268,true,618c5bc6-3360-4374-9998-53c77e803f08,true,768,true,"seized","seized",""","""
1202,PASS,392,392,true,e56fe38e-2e88-4388-8d26-6d3f9da87325,true,768,true,"canto","canto",".","."
1203,PASS,501,501,true,813fec42-f65b-49bd-8598-4b23af05ec17,true,768,true,"with","with","to","to"
1204,PASS,64,64,true,5755dd23-c1a3-4428-b646-fe1d5e8ef867,true,768,true,"mudgala","mudgala",""","""
1205,PASS,410,410,true,8dc6ac84-21c8-4cb2-b7fd-741e274ccb33,true,768,true,"canto","canto",".","."
1206,PASS,531,531,true,bb0d6281-1ec3-4b5a-8839-b71fbda41330,true,768,true,"yudhishtira","yudhishtira",",",","
1207,PASS,74,74,true,454318ef-3ea8-4b3f-8cd5-331e483923cc,true,768,true,"this","this",""","""
1208,PASS,440,440,true,687d36a9-a694-4bae-9c06-6f61e7cd48b0,true,768,true,"canto","canto",".","."
1209,PASS,482,482,true,9d70d29a-a04c-4e2a-a42b-a65180689e18,true,768,true,"finally","finally","the","the"
1210,PASS,509,509,true,44138b64-c93d-479e-aeb6-14710d72ffb5,true,768,true,"dwellers","dwellers","the","the"
1211,PASS,18,18,true,3b629829-190c-4d93-b30a-1757c002cddc,true,768,true,"martial","martial","'","'"
1212,PASS,448,448,true,02c49a71-6fa9-4507-bd7b-2cda1bb14046,true,768,true,"canto","canto",",",","
1213,PASS,474,474,true,90be3357-435c-49a1-bbcc-849b0af7cf4f,true,768,true,""",""","'","'"
1214,PASS,430,430,true,455e9722-c27d-4ff9-85d7-9a0c247940e4,true,768,true,"canto","canto","upon","upon"
1215,PASS,135,135,true,adb81f4f-38f7-49a8-8b81-83725616fcff,true,768,true,"this","this",""","""
1216,PASS,470,470,true,40c24a42-aa6d-4611-a847-de34aa834b52,true,768,true,"canto","canto","brahma","brahma"
1217,PASS,476,476,true,c227b6dc-7aa9-4cf8-b372-c3bdbef93635,true,768,true,"and","and",""","""
1218,PASS,450,450,true,6b87beea-c3a5-4070-96de-dfdd55a3a8fd,true,768,true,"canto","canto",".","."
1219,PASS,496,496,true,8e3e938e-f2ad-42a2-9557-4499f7eb63b9,true,768,true,"surely","surely",""","""
1220,PASS,450,450,true,6300611d-d938-431d-8169-8a93f0b41610,true,768,true,"canto","canto",".","."
1221,PASS,493,493,true,19d6158f-986a-48c1-ba1b-2e8763463da9,true,768,true,"kripa","kripa","nor","nor"
1222,PASS,363,363,true,324a7fff-2edf-47b0-9218-68bd3a39a4d3,true,768,true,"would","would",".","."
1223,PASS,420,420,true,439dedf3-bf66-4d4e-a637-0f711d8e2f66,true,768,true,"canto","canto","'","'"
1224,PASS,258,258,true,dcbf5b8b-540c-48fc-89c4-b04c403366fc,true,768,true,"purushottama","purushottama","'","'"
1225,PASS,439,439,true,58ef3c01-6c55-408a-9f52-776602f246ef,true,768,true,"canto","canto",""","""
1226,PASS,289,289,true,d32e3107-1462-404c-8d64-527cf11e24ff,true,768,true,"at","at",""","""
1227,PASS,458,458,true,10e46630-39f1-47f9-9197-594c463fa9ff,true,768,true,"canto","canto",".","."
1228,PASS,152,152,true,b6a9fb58-0dcc-45ac-b6a4-743be3784945,true,768,true,"they","they","'","'"
1229,PASS,493,493,true,d7fb6613-8bc0-470c-8609-6df0d08a85df,true,768,true,"canto","canto","as","as"
1230,PASS,247,247,true,648cbc2e-b6e0-4f97-9e45-c197492384d1,true,768,true,"the","the",""","""
1231,PASS,425,425,true,9bdcb462-44be-4cf7-a187-dae0c90a6df9,true,768,true,"canto","canto",".","."
1232,PASS,398,398,true,660ff9b6-0f6e-4e6b-8f9c-dc6db893aa10,true,768,true,"for","for",""","""
1233,PASS,462,462,true,44bac55d-942e-4bd8-8e2f-0225c4c78df6,true,768,true,"canto","canto","feeble","feeble"
1234,PASS,506,506,true,783af8ad-ceec-40e5-aa3e-fa2ff98beafa,true,768,true,"with","with","king","king"
1235,PASS,343,343,true,8f3726e3-e19e-4b89-868b-e4720358c8bd,true,768,true,"conquered","conquered",".","."
1236,PASS,479,479,true,a50aa2f4-e700-48fe-9fb9-7190e4c02bee,true,768,true,"canto","canto","will","will"
1237,PASS,138,138,true,59616fa3-5997-40c5-9297-fb06811d7df7,true,768,true,"explain","explain","'","'"
1238,PASS,424,424,true,648392b3-9824-4eec-bab8-0ac0c6feb0af,true,768,true,"canto","canto","'","'"
1239,PASS,147,147,true,0637ec4e-3367-4140-bb55-7181fb023203,true,768,true,"dharmaraja","dharmaraja","'","'"
1240,PASS,427,427,true,c554dab8-75b8-42d4-9ce5-567b41e59908,true,768,true,"canto","canto",".","."
1241,PASS,264,264,true,07b108f8-36a2-4c72-84dd-86addb7faf5c,true,768,true,"rajan","rajan","'","'"
1242,PASS,449,449,true,d9aef95b-5a7b-43c8-b886-425219e6d531,true,768,true,"canto","canto",".","."
1243,PASS,216,216,true,11ff4fdc-cac2-43ec-a2be-f6541e676907,true,768,true,"and","and","'","'"
1244,PASS,470,470,true,f5414024-4df7-4e1f-81f2-545e15a5b621,true,768,true,"canto","canto","i","i"
1245,PASS,506,506,true,6bc13fc3-6e84-441e-b8be-7df72a831d38,true,768,true,"am","am","'","'"
1246,PASS,442,442,true,9da4417d-90fa-4923-bcd2-dc99b7b12dbc,true,768,true,"canto","canto",".","."
1247,PASS,314,314,true,50ec76b0-e6cd-459e-b8d5-7e04d2dd5380,true,768,true,"anxious","anxious","'","'"
1248,PASS,445,445,true,a380f2bc-61f8-4a89-99dd-3103201caea0,true,768,true,"canto","canto",""","""
1249,PASS,534,534,true,a699cdf2-454a-415c-a063-bfe578776a95,true,768,true,"the","the",""","""
1250,PASS,439,439,true,bfd6f911-8e00-4f4f-b99b-1a980c952eef,true,768,true,"the","the",".","."
1251,PASS,456,456,true,65c2f351-c03c-4cc5-8792-eb4a241b1910,true,768,true,"canto","canto","3","3"
1252,PASS,546,546,true,1ce018f3-c48d-4073-a2d7-f13ec798656e,true,768,true,"ashtavakra","ashtavakra","twelve","twelve"
1253,PASS,475,475,true,a4471d47-774d-4da8-b9b3-cc9a08c51f01,true,768,true,"-","-",""","""
1254,PASS,483,483,true,d9f2bb3c-4e03-491d-95f5-d63b68724e9b,true,768,true,"ashtavakra","ashtavakra","of","of"
1255,PASS,773,773,true,14103cc6-0efe-4b89-b639-9dd7c086fbff,true,768,true,"the","the","have","have"
1256,PASS,23,23,true,dd70a646-80c0-4572-866d-e9919712c7c8,true,768,true,"surmounted","surmounted",".","."
1257,PASS,439,439,true,dcf44dfe-a688-471b-929b-6cf1927d7e20,true,768,true,"canto","canto","he","he"
1258,PASS,494,494,true,5295f7f2-77d9-430a-a17e-4512de40e669,true,768,true,"embarked","embarked",""","""
1259,PASS,492,492,true,bbb0dadc-185c-4784-981b-8111048a66fc,true,768,true,"yavakrita","yavakrita",".","."
1260,PASS,213,213,true,b4c56919-d177-4f15-8a15-18ab24fcae32,true,768,true,"taking","taking",""","""
1261,PASS,448,448,true,42232f7f-7e5c-4471-bb3b-ed6ebce5b619,true,768,true,"canto","canto",".","."
1262,PASS,48,48,true,3e5575b9-d187-46f0-83f1-66a337f759e0,true,768,true,"now","now","'","'"
1263,PASS,456,456,true,609138db-1851-4bf7-b62e-e422891c62de,true,768,true,"canto","canto","this","this"
1264,PASS,73,73,true,7b9b087e-224b-4fec-8563-a7854bb1e746,true,768,true,"world","world","'","'"
1265,PASS,472,472,true,dc7e8d0c-6e3a-4c86-aa75-258a392daa33,true,768,true,"canto","canto","revealed","revealed"
1266,PASS,343,343,true,b5b755fe-e041-4cd6-85ad-db1d65d9eb34,true,768,true,"to","to","'","'"
1267,PASS,461,461,true,446907dd-4559-48ed-9eaf-bb24b4f3587a,true,768,true,"canto","canto","this","this"
1268,PASS,165,165,true,c6043acf-56b9-4c93-84df-2ab890ebe0f0,true,768,true,"king","king","'","'"
1269,PASS,446,446,true,c489964e-15e1-41ab-adf1-2c66e536e62a,true,768,true,"canto","canto",""","""
1270,PASS,501,501,true,b1b4d1cc-a8cd-4b88-95ab-29f3b2257f4c,true,768,true,"yudhishtira","yudhishtira",".","."
1271,PASS,522,522,true,d8770f19-1e1c-42c5-8f61-88f24b372fab,true,768,true,"just","just","be","be"
1272,PASS,103,103,true,c7547df6-22c2-486b-8797-3f53d075b3fa,true,768,true,"reached","reached","'","'"
1273,PASS,400,400,true,f2aefa74-9acb-479b-93c7-aae282fbedc5,true,768,true,"canto","canto","!","!"
1274,PASS,500,500,true,c7ad44e6-81fc-40aa-8651-140b6abe8083,true,768,true,"the","the","and","and"
1275,PASS,482,482,true,0eb9453f-d2bc-4ae2-ac68-5b36101b4bea,true,768,true,"when","when",""","""
1276,PASS,281,281,true,424a8b16-acdf-480c-b13b-ed491f616d22,true,768,true,"brahma","brahma",""","""
1277,PASS,419,419,true,e314e5e8-1b24-4a91-970d-aa11f5df0caa,true,768,true,"canto","canto",".","."
1278,PASS,154,154,true,76e1bf4c-8a27-497c-a18a-be0e749cfca7,true,768,true,"then","then",""","""
1279,PASS,406,406,true,2d31ac5a-3f6b-4c82-859a-73b059cc51f8,true,768,true,"canto","canto","being","being"
1280,PASS,289,289,true,d0e462b4-4daa-40d6-96a2-3dceaac137a7,true,768,true,"stroked","stroked",".","."
1281,PASS,423,423,true,98b76631-06b1-4e9a-9d75-4f3851e31886,true,768,true,"canto","canto",".","."
1282,PASS,502,502,true,521afcb2-5d71-4a1c-aced-c0059e72feca,true,768,true,"passing","passing",".","."
1283,PASS,443,443,true,46fbef6a-dcec-4d21-8eb1-fca8ccc746af,true,768,true,"and","and",""","""
1284,PASS,440,440,true,44722b72-4d58-4a2a-90c6-50fefa66ba8a,true,768,true,"canto","canto",".","."
1285,PASS,461,461,true,88d5226c-86d6-4c5b-9a54-43ac849469aa,true,768,true,"and","and","'","'"
1286,PASS,503,503,true,e84d4520-b88c-4360-9bd4-19d33310938f,true,768,true,"worried","worried","so","so"
1287,PASS,470,470,true,a8ef657f-3068-41b7-9bb8-ad05268f7bfc,true,768,true,"many","many",".","."
1288,PASS,515,515,true,ffacfe87-4e25-4934-994d-7a6f3b147287,true,768,true,"bhima","bhima",".","."
1289,PASS,40,40,true,f86e6d9c-827c-49eb-8442-945c02f79641,true,768,true,"lord","lord","'","'"
1290,PASS,478,478,true,ca71022d-2f89-4db2-a150-9616c88e08c9,true,768,true,"canto","canto",",",","
1291,PASS,533,533,true,88aaf491-8678-4ad1-bff5-217e1805666a,true,768,true,"'","'","'","'"
1292,PASS,478,478,true,450aa021-28d7-4b3f-a21a-03ab3cbe32b3,true,768,true,"canto","canto",".","."
1293,PASS,80,80,true,6f328bb3-b91a-4971-8ac0-1e63e4f7c1e4,true,768,true,"sinless","sinless",""","""
1294,PASS,472,472,true,c53a0b56-cf22-4990-ae61-c185b80d2988,true,768,true,"canto","canto","the","the"
1295,PASS,471,471,true,6e630d21-b590-4321-8f36-76f383bb0474,true,768,true,"necessaries","necessaries","now","now"
1296,PASS,397,397,true,8c1b0b1b-7271-46ff-9a1e-9961c6cc04b5,true,768,true,"some","some",".","."
1297,PASS,440,440,true,3b3eb6b6-f89f-4c98-89c4-c49cf28060bd,true,768,true,"canto","canto","the","the"
1298,PASS,440,440,true,1ad9b7d9-b223-4e80-a4ce-0a4322efc504,true,768,true,"glory","glory",".","."
1299,PASS,483,483,true,372ba895-7d6d-4f68-b595-d5294389a0f1,true,768,true,"the","the","of","of"
1300,PASS,356,356,true,aed5189c-b3ec-40ee-9b33-ad33889a743d,true,768,true,"the","the",""","""
1301,PASS,378,378,true,23fd21c3-a97f-4078-881b-b216db3043d4,true,768,true,"canto","canto",""","""
1302,PASS,371,371,true,d7efcaf6-810a-4d2a-b608-12d0bef47a3a,true,768,true,"canto","canto","'","'"
1303,PASS,460,460,true,d32db821-d156-4548-b47c-fc385a2e36df,true,768,true,"canto","canto","eat","eat"
1304,PASS,325,325,true,16296122-f5e2-4987-afe3-3a00c0c83660,true,768,true,"him","him",""","""
1305,PASS,430,430,true,de5ef8ca-032e-41b8-803b-fe99cc5a3baf,true,768,true,"canto","canto","'","'"
1306,PASS,305,305,true,c3ef5cd7-2dc6-48ab-a236-400f99b6b4e9,true,768,true,"saying","saying",")",")"
1307,EMPTY_PAGE,0,0,true,,false,,false,"","","",""
1308,EMPTY_PAGE,0,0,true,,false,,false,"","","",""
1309,EMPTY_PAGE,0,0,true,,false,,false,"","","",""
1310,EMPTY_PAGE,0,0,true,,false,,false,"","","",""
1311,PASS,12,12,true,e00967e6-c12c-4f77-bcdf-01ea4089d338,true,768,true,"the","the","parva","parva"
1312,EMPTY_PAGE,0,0,true,,false,,false,"","","",""
1313,EMPTY_PAGE,0,0,true,,false,,false,"","","",""
1314,PASS,127,127,true,4d5c9bca-f0b4-4b60-a806-6c2ede4795ca,true,768,true,"published","published","2","2"
1315,PASS,8,8,true,ae81dfc2-eb28-4456-9c6b-39adb30c0a4d,true,768,true,"for","for","friend","friend"
1316,PASS,108,108,true,e3ae29ab-6a36-4665-8399-99315a29ba9b,true,768,true,"c","c","parva","parva"
1317,PASS,49,49,true,123c8193-9d4c-4573-8e57-86619c6fe3fc,true,768,true,"canto","canto","parva","parva"
1318,PASS,301,301,true,cbaf2d60-eaf3-4fd8-aaab-f93867622855,true,768,true,"a","a","is","is"
1319,PASS,34,34,true,043254c7-365c-4dfa-97c8-4dfa6a6a5f64,true,768,true,"very","very","editor","editor"
1320,PASS,308,308,true,4c23e33e-3ebe-481f-ad9a-b61b4127f8d3,true,768,true,"a","a",".","."
1321,PASS,9,9,true,77e9f091-d0ad-4e60-8e0d-7e61a12e4ad2,true,768,true,"v","v",")",")"
1322,PASS,325,325,true,93b3028c-dae9-41b2-9240-f3660da6c250,true,768,true,"v","v","land","land"
1323,PASS,160,160,true,2b5d591e-e18c-494d-9bd7-7311d2c46350,true,768,true,"of","of",""","""
1324,PASS,288,288,true,1110d360-84a3-4475-8dbb-25226885616c,true,768,true,"v","v","of","of"
1325,PASS,530,530,true,f4043581-9dce-49eb-88d3-1aff36fd428d,true,768,true,"dharma","dharma","'","'"
1326,PASS,527,527,true,854fc828-574d-4574-9fa3-c4a34ee85245,true,768,true,"madri","madri","vali","vali"
1327,PASS,249,249,true,2e1f2c85-3de0-43e7-8a1b-9b5c3e642ae3,true,768,true,"and","and",""","""
1328,PASS,298,298,true,325ec095-2ce7-40bc-afb8-464e022a0656,true,768,true,"v","v","'","'"
1329,PASS,466,466,true,774b52db-b742-46c9-892e-e7e19e74c831,true,768,true,"bowing","bowing",".","."
1330,PASS,475,475,true,fc59d7be-9b6c-4433-83a5-9ae3991fcbe8,true,768,true,"in","in","with","with"
1331,PASS,497,497,true,5650a59f-efd2-492f-8a7f-780d0849ed70,true,768,true,"monsoon","monsoon","the","the"
1332,PASS,410,410,true,892661e1-0f45-4d1f-9b8c-de7585ad4bbc,true,768,true,"mighy","mighy",""","""
1333,PASS,317,317,true,ca66733e-16d2-4df4-a87d-c1dd631dc69d,true,768,true,"v","v","sins","sins"
1334,PASS,495,495,true,3c4726d9-26a0-42b0-b134-84df317e6e13,true,768,true,"of","of",""","""
1335,PASS,292,292,true,c0be217d-b70f-4b83-8d84-8b3cd20e6c00,true,768,true,"j","j","lake","lake"
1336,PASS,520,520,true,06cd0739-7b2f-4df2-907a-6e4510b72d53,true,768,true,"in","in",".","."
1337,PASS,488,488,true,37f53056-931c-4d5a-9027-dbebd0ec4829,true,768,true,"from","from","his","his"
1338,PASS,354,354,true,bff01104-4249-43e3-b11a-96936a3bd29d,true,768,true,"hands","hands",""","""
1339,PASS,308,308,true,ae939544-b046-4a22-b37d-dced52b78f05,true,768,true,"v","v","into","into"
1340,PASS,482,482,true,4d122336-ac21-4f4e-8ea9-54ec4cd8d909,true,768,true,"thoughtful","thoughtful","to","to"
1341,PASS,533,533,true,eae272bf-1f9d-465e-88f2-e3326016d711,true,768,true,"be","be","of","of"
1342,PASS,153,153,true,3aaa1cde-4a4b-40d4-b95b-64bf2df9a4f4,true,768,true,"foolishness","foolishness",""","""
1343,PASS,301,301,true,02ced6e0-91bf-4fad-914b-cc9185cccd53,true,768,true,""",""",".","."
1344,PASS,497,497,true,79f3148b-cc00-41aa-b24a-2b30d4464d63,true,768,true,"return","return","'","'"
1345,PASS,136,136,true,368889d1-6a4c-42d2-86e9-1e7a32624881,true,768,true,"after","after",""","""
1346,PASS,302,302,true,a8a6397d-915c-4049-b781-970237ecb719,true,768,true,"v","v","blissful","blissful"
1347,PASS,501,501,true,3b002024-df41-44fa-af3f-4a7119706476,true,768,true,"abode","abode",".","."
1348,PASS,208,208,true,fd59f64e-20e3-44d2-8dc0-6f00d7ef27c8,true,768,true,"the","the",""","""
1349,PASS,301,301,true,d5586187-96c2-4010-b4fb-2bb63bf2c24a,true,768,true,"v","v","their","their"
1350,PASS,306,306,true,1728be66-e896-4243-8601-7cfb187b62ec,true,768,true,"locations","locations",""","""
1351,PASS,315,315,true,7f7691d0-d49c-4411-beb6-8b65c2f53d0d,true,768,true,"v","v","the","the"
1352,PASS,90,90,true,1ea2259b-cc46-437a-a52e-c4ac628af8f8,true,768,true,"sun","sun",""","""
1353,PASS,280,280,true,8c579b39-200e-4608-9161-8d6cc7151e99,true,768,true,"v","v","of","of"
1354,PASS,49,49,true,f63918d2-6aa3-448c-9c95-4e83513eb346,true,768,true,"kunti","kunti",""","""
1355,PASS,264,264,true,177cc9e1-8cab-4c83-89ca-55c74402caa8,true,768,true,"v","v","to","to"
1356,PASS,536,536,true,c14d1446-4318-41fb-b174-72dc12bd2579,true,768,true,"perform","perform",".","."
1357,PASS,535,535,true,9352c19b-9799-4945-9b2d-917c18d26e9c,true,768,true,"when","when","can","can"
1358,PASS,60,60,true,2e9d97ac-9035-4b9a-a6e0-b82bf52498ef,true,768,true,"consume","consume",""","""
1359,PASS,264,264,true,9d0bd44b-faef-44da-9b97-fd9195e58110,true,768,true,""",""",".","."
1360,PASS,520,520,true,2e22d5b9-5436-4e8b-af5a-7bb03684fec8,true,768,true,"he","he","supreme","supreme"
1361,PASS,498,498,true,64bf6fbf-f757-4e0e-af66-27b56c203998,true,768,true,"competence","competence",",",","
1362,PASS,486,486,true,a5f29f51-48cd-4335-b349-b00af73d9acf,true,768,true,"ever","ever",""","""
1363,PASS,362,362,true,dd15a35e-28a1-4747-98c7-0bf436a42c5a,true,768,true,"saying","saying",""","""
1364,PASS,279,279,true,d5419b21-02c0-4466-9304-1dbd5286c9ac,true,768,true,""",""",".","."
1365,PASS,277,277,true,e7c8fcff-74e7-4551-886a-ec8e6293b29a,true,768,true,"i","i",""","""
1366,PASS,292,292,true,28d150eb-b78c-459a-b317-dcee260eef47,true,768,true,""",""","breaking","breaking"
1367,PASS,289,289,true,74d8b307-80b0-45f9-af54-5b4a5f3ca6ab,true,768,true,"through","through",""","""
1368,PASS,281,281,true,6ba608c2-bcf9-479f-8a6c-c649b963c054,true,768,true,""",""",".","."
1369,PASS,390,390,true,58197bba-d0b3-4216-844f-8b5871e27a47,true,768,true,"he","he",""","""
1370,PASS,278,278,true,4173a04d-ef87-403f-a1fc-55e2a3399812,true,768,true,""",""","of","of"
1371,PASS,492,492,true,ca1181a7-614b-4727-936b-4542e030a04d,true,768,true,"falling","falling",""","""
1372,PASS,18,18,true,926a90dc-99d8-42b6-979e-e33b2c5801a0,true,768,true,"after","after",""","""
1373,PASS,287,287,true,df381e70-48b1-4b9a-96c5-e0b658acd10d,true,768,true,""",""",".","."
1374,PASS,532,532,true,ff88f75c-19d9-4817-ae1f-c95e9610e35f,true,768,true,"bhaaratottama","bhaaratottama","hardly","hardly"
1375,PASS,494,494,true,26b5deaa-0229-4398-ab9e-0c250bb4661b,true,768,true,"vanquish","vanquish","witnessed","witnessed"
1376,PASS,435,435,true,4888009a-e69a-4f64-adb9-f0d682caa03e,true,768,true,"my","my",""","""
1377,PASS,301,301,true,77e161ac-cd65-4a60-baf9-6b5113815f04,true,768,true,""",""","it","it"
1378,PASS,134,134,true,158a6925-d611-4eb8-bad6-fe4db18544b7,true,768,true,"bodes","bodes",""","""
1379,PASS,284,284,true,bbae1949-396b-4e2c-bf5c-b35b9949de6d,true,768,true,"v","v","other","other"
1380,PASS,233,233,true,c63ea3db-d223-4100-b556-0dc1c242e6ed,true,768,true,"beings","beings",""","""
1381,PASS,310,310,true,c9b2139a-594a-4440-b281-9ecf691aeb0c,true,768,true,"j","j",".","."
1382,PASS,475,475,true,771d1113-ccf0-4c5b-880a-202ab4067c32,true,768,true,"once","once",""","""
1383,PASS,290,290,true,bb5733b5-5729-41bf-9288-b13d61481225,true,768,true,"v","v","the","the"
1384,PASS,505,505,true,6f75a332-f453-492b-9d89-f50e918b152d,true,768,true,"kshatriyas","kshatriyas","wandering","wandering"
1385,PASS,33,33,true,e485abfd-69ec-4619-bad5-853109f59550,true,768,true,"contentedly","contentedly",""","""
1386,PASS,316,316,true,ad557437-e837-4b81-8749-edd7598c7a73,true,768,true,"j","j",",",","
1387,PASS,312,312,true,87b5fbd3-1d07-49d5-bf67-90262755f5b0,true,768,true,"he","he",""","""
1388,PASS,360,360,true,b58d8c9a-07b3-47da-afc9-f11fa9a3c8da,true,768,true,"v","v","comes","comes"
1389,PASS,495,495,true,d73864e4-7282-455d-9de7-a52baac79bb2,true,768,true,"within","within",".","."
1390,PASS,477,477,true,924a80f4-3c25-435d-931f-c69339da4c43,true,768,true,"what","what",""","""
1391,PASS,327,327,true,84a5fdd6-9cb6-466d-959d-7bcac8ed86ad,true,768,true,"v","v","i","i"
1392,PASS,517,517,true,eadb7bb5-ffad-4082-851d-81838d654fd2,true,768,true,"earned","earned","'","'"
1393,PASS,293,293,true,3d12c66c-71cc-49bb-b8b3-44aa3e3ced14,true,768,true,"the","the",""","""
1394,PASS,309,309,true,eb725707-fdfe-4da6-829b-1e7621bd4d17,true,768,true,""",""","and","and"
1395,PASS,491,491,true,15da75bd-d0fe-44b6-92c3-3a6a6efba7b2,true,768,true,"hardworking","hardworking","'","'"
1396,PASS,530,530,true,39530931-a9c9-4265-afb9-7e0cb7dc1b5e,true,768,true,"yudhishtira","yudhishtira","are","are"
1397,PASS,55,55,true,1505bf93-7ccb-44ed-8286-f87553007c9b,true,768,true,"ashamed","ashamed",""","""
1398,PASS,316,316,true,96ece025-cf3a-4f1d-a169-e7e05a65eba3,true,768,true,"v","v",".","."
1399,PASS,103,103,true,de85490a-dd57-4d99-9d07-5fb7818ec4dc,true,768,true,"they","they",""","""
1400,PASS,291,291,true,69300cda-80cf-4598-a10d-9cd19c19bb24,true,768,true,"v","v","worship","worship"
1401,PASS,477,477,true,42ccb5e9-a534-4b06-a28c-1f98725204c3,true,768,true,"krishna","krishna",".","."
1402,PASS,519,519,true,ff878708-50fc-48ca-85e0-2c894856e041,true,768,true,"rukmini","rukmini","ageless","ageless"
1403,PASS,513,513,true,6af47958-26fa-4b89-8367-5e23554f0b1b,true,768,true,"markandeya","markandeya",".","."
1404,PASS,493,493,true,64ad82ce-72e2-432c-be3f-3a0c4a33324f,true,768,true,"prajapati","prajapati","the","the"
1405,PASS,513,513,true,53fbf7c0-751f-42f0-ae2d-b21f778d2080,true,768,true,"consequences","consequences","to","to"
1406,PASS,97,97,true,6a90516f-b0d5-4f43-9242-169b0ffa642a,true,768,true,"fulfil","fulfil",""","""
1407,PASS,251,251,true,58196150-f402-40d6-9ccb-6b0163492f4b,true,768,true,"v","v",""","""
1408,PASS,365,365,true,58ffa6b8-a66f-471c-81e6-f0947422528a,true,768,true,"the","the",""","""
1409,PASS,275,275,true,c2d6648a-9d2f-4adb-8f28-5df912530b55,true,768,true,""",""","see","see"
1410,PASS,513,513,true,b002e077-de7c-4305-bb74-2dc17f7f2f91,true,768,true,"the","the","is","is"
1411,PASS,233,233,true,a31e3bbc-d4c4-4fc4-b2c5-a2f84203c77b,true,768,true,"the","the",""","""
1412,PASS,293,293,true,c3159d62-d701-47bb-96be-ac62113e80ba,true,768,true,""",""",".","."
1413,PASS,368,368,true,e4ad8238-6447-4ac5-8437-08b9fdd33e29,true,768,true,"he","he",""","""
1414,PASS,308,308,true,8d337506-cbac-4c9a-b9bf-58640256699a,true,768,true,""",""",""","""
1415,PASS,570,570,true,67876515-5c59-4457-8caf-54d31183c4e4,true,768,true,"manu","manu",",",","
1416,PASS,282,282,true,37ed55c4-5bec-4644-8d5f-3ae849e83a7f,true,768,true,"when","when",""","""
1417,PASS,282,282,true,1f54c99a-e926-4bd9-8afd-af6d29bb050e,true,768,true,""",""","has","has"
1418,PASS,514,514,true,ae94573d-10ab-4502-b5e4-6095ee5f6b54,true,768,true,"any","any","and","and"
1419,PASS,483,483,true,06a747cb-8754-4b92-ab54-c90bb57562bf,true,768,true,"sudras","sudras",".","."
1420,PASS,505,505,true,4ca6a365-e715-4e50-b9bb-3e29269c31d9,true,768,true,"hermitages","hermitages","it","it"
1421,PASS,513,513,true,743b0f61-bc47-471a-a2eb-0beb2bb7c46a,true,768,true,"consumes","consumes","know","know"
1422,PASS,527,527,true,eb6b89b0-bdf9-4084-8bae-eede83d68658,true,768,true,"all","all","the","the"
1423,PASS,546,546,true,16b65b4a-40f2-4430-83e0-458978775bed,true,768,true,"garutmats","garutmats","and","and"
1424,PASS,42,42,true,a46beabe-6a32-492b-9c68-f9d0fd011535,true,768,true,"exactly","exactly",""","""
1425,PASS,274,274,true,7662421e-89d7-462d-96f5-e5b389d182ba,true,768,true,""",""",".","."
1426,PASS,513,513,true,74a694f0-877a-44c3-819f-05fb8d40a990,true,768,true,"i","i","the","the"
1427,PASS,536,536,true,ae238415-1e12-4994-9d0d-c2abb36153c7,true,768,true,"ignorant","ignorant",".","."
1428,PASS,392,392,true,12635af4-61e8-4d88-8a7f-44ea417c2063,true,768,true,"and","and",""","""
1429,PASS,318,318,true,d7bf6e14-6751-472a-8ed6-1775e51e525e,true,768,true,"v","v","to","to"
1430,PASS,481,481,true,2cef3e14-f681-4c16-88d3-3771081b8279,true,768,true,"limp","limp",".","."
1431,PASS,524,524,true,2162a49b-bc26-47f5-92ff-c069adb0a70a,true,768,true,"men","men",".","."
1432,PASS,496,496,true,0de90281-20b9-496c-a1d8-1ff8ce411f6c,true,768,true,"o","o",".","."
1433,PASS,504,504,true,572c9b4a-132d-494e-9282-cdf2d1930ec7,true,768,true,"men","men","will","will"
1434,PASS,447,447,true,4fccdb4f-c125-4bdd-98ff-c8823539fb0d,true,768,true,"kill","kill",""","""
1435,PASS,285,285,true,5bc60483-2398-45fd-91bf-5e525eb915f1,true,768,true,""",""","three","three"
1436,PASS,496,496,true,d3c7cfa6-d300-4406-bb2f-4feed53a8527,true,768,true,"twice","twice",".","."
1437,PASS,322,322,true,1d1271f5-5281-4b9d-a2fd-7ddb1a9f3cd4,true,768,true,"be","be",""","""
1438,PASS,266,266,true,520ca1b0-cbee-4c23-ad6a-699870f69c85,true,768,true,"j","j","?","?"
1439,PASS,532,532,true,7b03db18-771a-463c-a0cd-046f884ca038,true,768,true,"she","she",""","""
1440,PASS,543,543,true,f55cb7dd-9ca4-4d4b-80d8-5a369a827198,true,768,true,"when","when",""","""
1441,PASS,512,512,true,e57115b6-baad-4a2f-87da-49c6b5946231,true,768,true,"the","the",".","."
1442,PASS,525,525,true,61df234e-7c65-4b19-bb00-417ad6784a55,true,768,true,"take","take","men","men"
1443,PASS,488,488,true,c60eff2f-507e-4213-bd94-b6dfadae3f1c,true,768,true,"should","should",""","""
1444,PASS,276,276,true,c56808a4-6064-4625-8fc4-98c56e195b60,true,768,true,"v","v","saw","saw"
1445,PASS,500,500,true,b805c0fc-4216-4121-a947-2c8c9bba192e,true,768,true,"kings","kings",",",","
1446,PASS,227,227,true,42512e80-8c4a-486b-8dd3-d287c8e0cf89,true,768,true,"or","or",""","""
1447,PASS,292,292,true,a6214a12-3292-4d09-8196-1a1cbad62c58,true,768,true,"v","v","the","the"
1448,PASS,160,160,true,d448c1be-eb63-4934-b060-ed4b881a8460,true,768,true,"dishonest","dishonest",""","""
1449,PASS,257,257,true,1f3a5f61-e9ef-474f-ae24-b29a4db12a13,true,768,true,""",""",""","""
1450,PASS,269,269,true,73070145-0f7b-48d9-a8da-a6f4140aaac7,true,768,true,"v","v",""","""
1451,PASS,81,81,true,8491b521-cdec-4796-8e5b-eb092be5fcf3,true,768,true,"and","and",""","""
1452,PASS,316,316,true,4c9a8986-f62d-466f-ade8-4b2fc6378cee,true,768,true,""",""",""","""
1453,PASS,540,540,true,e8b1d745-a710-4856-8307-eb8d6a32e318,true,768,true,"now","now","would","would"
1454,PASS,319,319,true,d39a8845-efdd-485d-a714-be195a2799a4,true,768,true,"please","please","'","'"
1455,PASS,296,296,true,f6825843-8ada-45cd-9d22-ca6513b388c9,true,768,true,"v","v","were","were"
1456,PASS,557,557,true,ecf309a4-d486-468c-83a7-582f7c206c7c,true,768,true,"and","and",".","."
1457,PASS,514,514,true,cde4ef3b-922e-414d-ab0a-54b0fe81a64f,true,768,true,"sometime","sometime",".","."
1458,PASS,113,113,true,f0e8a005-53ba-456e-bc30-3f4dc9c068ad,true,768,true,"when","when",""","""
1459,PASS,280,280,true,9e70fcc3-cc7a-4b10-bc18-ef7592cc12b1,true,768,true,"v","v",""","""
1460,PASS,502,502,true,0c612a7f-566f-42ff-ba89-82d044994aea,true,768,true,"and","and","to","to"
1461,PASS,48,48,true,21efe68b-1753-4fa6-819c-c926d879d054,true,768,true,"make","make",""","""
1462,PASS,308,308,true,9206cbd5-a038-4513-9524-ad58bc93a475,true,768,true,"v","v","who","who"
1463,PASS,496,496,true,0b8d304e-395c-4cb1-acfe-4e841e97960a,true,768,true,"is","is",".","."
1464,PASS,541,541,true,408bc994-c344-4c9f-98d1-b63ba1b0dfe5,true,768,true,"the","the","'","'"
1465,PASS,541,541,true,0346a471-949b-4130-ab0a-db9fa51ed053,true,768,true,"hearing","hearing","behind","behind"
1466,PASS,505,505,true,9bd5c284-1ef3-4d68-b5e9-cc82f3c37128,true,768,true,"him","him","his","his"
1467,PASS,494,494,true,b4c9e23c-bc4f-42d9-8b04-1688a69cf5f3,true,768,true,"vajra","vajra","hearted","hearted"
1468,PASS,514,514,true,54470287-fad7-44d0-b947-ac14c5ba54fc,true,768,true,"people","people","some","some"
1469,PASS,487,487,true,9d39ba57-6664-4691-9ed1-f4521d009eed,true,768,true,"succeed","succeed",".","."
1470,PASS,429,429,true,e240cf01-1adb-45e9-bfd8-1886a54aba29,true,768,true,"the","the",".","."
1471,PASS,263,263,true,592f5501-1f98-422c-be9d-9b3281cb0fd6,true,768,true,"v","v","appeared","appeared"
1472,PASS,510,510,true,3784e587-bbbb-4aec-b97e-22055453c52d,true,768,true,"before","before","you","you"
1473,PASS,149,149,true,f94ea0b7-f086-41d1-8351-43d650fbdd0a,true,768,true,"shall","shall",""","""
1474,PASS,276,276,true,1c6b8ceb-ec47-4f31-ad36-403661390d08,true,768,true,""",""","the","the"
1475,PASS,452,452,true,c5c25d3d-d36f-47ba-ac11-af20dfa70345,true,768,true,"earth","earth",""","""
1476,PASS,286,286,true,66045478-9b21-477c-b121-f5ae6378376d,true,768,true,""",""","the","the"
1477,PASS,525,525,true,27e6c979-429f-44f9-bbed-a04e7fe219f3,true,768,true,"infinite","infinite","your","your"
1478,PASS,106,106,true,6a4bddb7-a4ac-4e61-a532-e26fe5747a10,true,768,true,"sons","sons",""","""
1479,PASS,284,284,true,a236b3ce-7cfa-4025-ae56-d7a363d43c41,true,768,true,""",""","command","command"
1480,PASS,486,486,true,a25c3481-e3b6-4122-8ba4-7ee76050614f,true,768,true,"of","of","and","and"
1481,PASS,343,343,true,cc4e35eb-97ad-4ea6-bc36-3f3f971a2d38,true,768,true,"from","from",""","""
1482,PASS,288,288,true,68da1022-9f58-4057-b04c-eb0ef88129a8,true,768,true,"v","v",".","."
1483,PASS,370,370,true,8fd85805-476b-4ab5-b598-793ddd5c193b,true,768,true,"women","women",""","""
1484,PASS,272,272,true,bd3dbb5c-369e-48f8-b32b-22dd83a979ba,true,768,true,""",""","-","-"
1485,PASS,506,506,true,06dc4074-951c-4661-8468-1ac71f5ca812,true,768,true,"eyed","eyed",".","."
1486,PASS,533,533,true,b52aa140-8c4b-451a-8b90-e49f38d99010,true,768,true,"it","it",".","."
1487,PASS,97,97,true,acb02a76-fed4-4dda-981b-736c2dbe8d43,true,768,true,"forgive","forgive",""","""
1488,PASS,263,263,true,5dfe4a76-f38f-43f9-afa8-49f975496570,true,768,true,""",""","people","people"
1489,PASS,496,496,true,2576bbdf-410c-48b7-aa33-2bf4c48b4a55,true,768,true,"thronged","thronged",".","."
1490,PASS,537,537,true,1d55e1e3-b5dc-4d10-9fa7-9fdd0721fc5e,true,768,true,"the","the","righteousness","righteousness"
1491,PASS,517,517,true,c2e8df00-73ea-411d-9159-3b714d8908a3,true,768,true,"when","when",""","""
1492,PASS,494,494,true,fb12f7da-05db-47bb-91b7-d8e41fb096c4,true,768,true,"the","the",".","."
1493,PASS,503,503,true,3083fbf8-c4b9-42d3-a4d3-e1cd7b5f131f,true,768,true,"those","those",",",","
1494,PASS,120,120,true,89afca3d-70b0-4e57-a6dc-95666a9c2f8f,true,768,true,"who","who",""","""
1495,PASS,268,268,true,7a1d06ae-6efb-4886-a1cf-f2b4a5d12fe9,true,768,true,""",""",",",","
1496,PASS,506,506,true,4afd71b1-e81a-4f8a-8a43-1d7968ee53ba,true,768,true,"purged","purged","air","air"
1497,PASS,232,232,true,7c20c232-ea2b-4295-a601-011b0c3f0f7e,true,768,true,"swarm","swarm",""","""
1498,PASS,278,278,true,0478f3cb-c9cf-40db-8355-e569999303d7,true,768,true,""",""","achieve","achieve"
1499,PASS,478,478,true,93e31df2-6515-45b8-9ce4-5dbd066583ac,true,768,true,"prosperity","prosperity","fits","fits"
1500,PASS,503,503,true,d34d04a7-a4ad-498e-a22d-30bcdef84a64,true,768,true,"itself","itself","in","in"
1501,PASS,402,402,true,e20982ac-993c-42b6-9ba6-3f2177e827f0,true,768,true,"dharma","dharma",""","""
1502,PASS,282,282,true,54c67ed2-8610-407b-bcd2-afdfb886982c,true,768,true,""",""","respectfully","respectfully"
1503,PASS,298,298,true,b360d177-a338-438b-b51a-e7958675d5bd,true,768,true,"attentive","attentive",""","""
1504,PASS,288,288,true,46cffa29-93ae-4df5-a87f-44124fdbcf96,true,768,true,""",""","of","of"
1505,PASS,493,493,true,68d7c704-6b76-4537-a6bf-a714a9f8608d,true,768,true,"the","the","spiritual","spiritual"
1506,PASS,24,24,true,c416c3e6-1cba-4de5-a3cb-26e1cbe1542e,true,768,true,"insight","insight",""","""
1507,PASS,278,278,true,33614db1-5f8e-4564-99b4-d602f032f165,true,768,true,""",""",",",","
1508,PASS,59,59,true,54e10efb-513e-446e-bf94-a4d299bf0061,true,768,true,"but","but","'","'"
1509,PASS,310,310,true,b8eff97d-e0cf-4ea2-8fe1-095f22876f71,true,768,true,"'","'","as","as"
1510,PASS,481,481,true,7b10bb45-f4a4-41ff-8459-c2d245fc0776,true,768,true,"vyana","vyana","the","the"
1511,PASS,489,489,true,a1605f22-eab1-4e73-a884-1f26e09d4da9,true,768,true,"sound","sound",".","."
1512,PASS,101,101,true,a65a31bd-8303-4dfe-83d0-cb675fd1f9ae,true,768,true,"he","he",""","""
1513,PASS,265,265,true,79ad6083-09ca-4945-9b8d-9fd64ff25680,true,768,true,""",""",".","."
1514,PASS,502,502,true,45dc6605-6d13-45b5-bef1-7e36fc291fa6,true,768,true,"you","you","'","'"
1515,PASS,261,261,true,566b4417-f16b-4f80-8342-ac7e5d33de63,true,768,true,""",""",".","."
1516,PASS,515,515,true,48f98009-9a3f-4678-992d-2896e736c0d5,true,768,true,"take","take","'","'"
1517,PASS,107,107,true,da6f2a47-0012-4809-99e1-7e96e7a8d078,true,768,true,"my","my","'","'"
1518,PASS,299,299,true,e06b7af3-8b9b-41f4-ac41-b16042585832,true,768,true,"'","'","short","short"
1519,PASS,512,512,true,e6a34882-1241-43a7-866f-32a45ad9e3b9,true,768,true,"time","time","do","do"
1520,PASS,227,227,true,3b49f89e-055b-49c7-8637-b93cc719c43b,true,768,true,"not","not",""","""
1521,PASS,274,274,true,cb1788e1-7371-40be-b3b4-040128ff98e4,true,768,true,"v","v","created","created"
1522,PASS,307,307,true,1f4b362f-6b1a-485c-9bfb-aec07c4ef07f,true,768,true,"another","another",""","""
1523,PASS,250,250,true,e4f3f0c1-1462-4325-9a59-6eeb1563a5fa,true,768,true,""",""",""","""
1524,PASS,297,297,true,180a85db-f9e3-44f2-8810-ed59031f4f67,true,768,true,""",""","ghee","ghee"
1525,PASS,525,525,true,3da8705a-402f-4afc-a462-74b42fe691e7,true,768,true,"oblation","oblation",""","""
1526,PASS,301,301,true,4b4c95b4-aeaf-4358-b191-7fbe40cbc0a9,true,768,true,""",""","of","of"
1527,PASS,233,233,true,bc7fd9bb-06f7-4ddc-a524-e2d244d05ade,true,768,true,"chyavana","chyavana",""","""
1528,PASS,270,270,true,d52487e6-0258-451a-aac7-2696ad0eb8bc,true,768,true,""",""","married","married"
1529,PASS,542,542,true,b69a6836-b93b-448c-9c5f-6807c646e91e,true,768,true,"supraja","supraja","if","if"
1530,PASS,209,209,true,7d2da7d1-d4a5-48e3-bf1f-7c1b06885d90,true,768,true,"the","the",""","""
1531,PASS,278,278,true,6953dd3e-f9c6-43b2-b72a-978ad2bce3ad,true,768,true,""",""",""","""
1532,PASS,512,512,true,45c03a1c-2381-4763-84d7-bcc1271bbe1d,true,768,true,"having","having","atri","atri"
1533,PASS,167,167,true,ac90e541-6c3b-4320-af23-be75b48cadab,true,768,true,"conceived","conceived",""","""
1534,PASS,296,296,true,5b92c2ef-2933-4c97-926b-cb91ebd6ac8f,true,768,true,""",""",".","."
1535,PASS,136,136,true,607b787b-7d1d-45bf-8a0a-ebc2c145a702,true,768,true,"desist","desist",""","""
1536,PASS,264,264,true,212f046f-252d-4763-b55d-c14cf09bee8c,true,768,true,"t","t","'","'"
1537,PASS,498,498,true,47a2c5f6-07bc-400f-86aa-a3dc3f5c1ca9,true,768,true,"markandeya","markandeya",".","."
1538,PASS,411,411,true,75719ccc-ee39-4ede-8fb7-36b857ac7b27,true,768,true,"bhaaratottama","bhaaratottama",""","""
1539,PASS,286,286,true,fd2b1953-118e-4600-bc75-ccd22e126184,true,768,true,""",""",".","."
1540,PASS,517,517,true,b4560b2b-dacb-45ba-b42a-ea86d8208575,true,768,true,"she","she","of","of"
1541,PASS,243,243,true,5f714e53-5ece-4fcd-9994-41785de62cc4,true,768,true,"different","different",""","""
1542,PASS,265,265,true,9956ea10-512a-48f7-90c1-207fad8c3aed,true,768,true,""",""",".","."
1543,PASS,510,510,true,6fbcb3dc-eb98-447e-934b-24fdb4d59c89,true,768,true,"earlier","earlier","their","their"
1544,PASS,8,8,true,32084df9-b2b4-47ac-866d-eee8a4367c17,true,768,true,"mountain","mountain",""","""
1545,PASS,251,251,true,44cfb7ce-ee89-40b0-9141-52e622d88b71,true,768,true,""",""","the","the"
1546,PASS,240,240,true,3251e661-93c1-44ae-af65-3a7f5e78762e,true,768,true,"sea","sea",""","""
1547,PASS,291,291,true,337a0c16-7687-44dd-a753-9fea6bf3d0fd,true,768,true,""",""","fearful","fearful"
1548,PASS,195,195,true,e30b1ef2-db5e-40fc-985f-741e38c4d5b7,true,768,true,"looking","looking",".","."
1549,PASS,270,270,true,9710c199-5e88-4324-9e18-de391aaf5a36,true,768,true,""",""",""","""
1550,PASS,515,515,true,a622fbe1-1d12-4747-bfad-17b1b4853fd2,true,768,true,"the","the","honoured","honoured"
1551,PASS,498,498,true,7421ed54-6d72-4236-aa63-5db25419c70a,true,768,true,"skanda","skanda",",",","
1552,PASS,154,154,true,1bc4aacd-6d6a-462c-a0ef-80b885fdfc5b,true,768,true,"even","even",""","""
1553,PASS,277,277,true,32affb32-581b-4214-b43c-8d5d009d19ab,true,768,true,""",""","other","other"
1554,PASS,502,502,true,60a3e948-f7af-4e24-8167-8d78524b78ea,true,768,true,"asterisms","asterisms",".","."
1555,PASS,486,486,true,ff58bf17-b47c-43e9-bfd0-e5d6b190cb54,true,768,true,"vinata","vinata","worshipping","worshipping"
1556,PASS,449,449,true,fce780f5-ac49-45e0-bec1-313f2c861825,true,768,true,"skanda","skanda",""","""
1557,PASS,278,278,true,d58bf7d8-4682-4a87-abe5-6b2e4f4ed93e,true,768,true,""",""",",",","
1558,PASS,502,502,true,80136249-3c9c-4d09-a49d-8da031d60943,true,768,true,"was","was","and","and"
1559,PASS,492,492,true,790d79a0-7696-4099-951b-912c5fb73d6e,true,768,true,"thousands","thousands","the","the"
1560,PASS,479,479,true,cbf1e836-e7f1-46f7-b32d-990767d5cbdd,true,768,true,"rakshasa","rakshasa",".","."
1561,PASS,504,504,true,55385194-cde2-429e-ba15-02baca107a3c,true,768,true,"indra","indra",",",","
1562,PASS,513,513,true,b2c41ae3-d97a-486a-b979-1d2ccce15515,true,768,true,"highest","highest","first","first"
1563,PASS,522,522,true,92fb41db-3659-4e53-8bff-c481799c6e26,true,768,true,"achievement","achievement","the","the"
1564,PASS,529,529,true,7af3993f-d1f7-4bc9-bf47-87b6d1a4d214,true,768,true,"lover","lover","long","long"
1565,PASS,26,26,true,6f25fc56-070e-4dde-ba4b-96ba7b2326d9,true,768,true,"life","life",".","."
1566,PASS,323,323,true,541c7e0d-6b26-4cf3-aa3a-f3e46a8cc8c7,true,768,true,"v","v","the","the"
1567,PASS,536,536,true,3b50e875-3cb9-414b-ab46-b9dc50a0da76,true,768,true,"husband","husband",".","."
1568,PASS,491,491,true,3980e89c-c003-41b8-b463-ffcbe42f2f1d,true,768,true,"satyabhama","satyabhama",".","."
1569,PASS,442,442,true,b5a6d9b6-5b79-4e42-8676-902b1a4a9ab5,true,768,true,"the","the",""","""
1570,PASS,288,288,true,93357abf-a525-43f9-81e4-5880fa343312,true,768,true,""",""","up","up"
1571,PASS,253,253,true,ebfa0787-e6dd-4d28-8dbf-95f8f7d79fee,true,768,true,"and","and",""","""
1572,PASS,268,268,true,060c2bea-0730-43d6-bcc3-35903fd694fd,true,768,true,"v","v","in","in"
1573,PASS,188,188,true,70c53e67-d5f8-444b-8dcf-2e3d6d885da6,true,768,true,"delightful","delightful",""","""
1574,PASS,304,304,true,c59ff9e4-b243-41ff-89c1-5d38c2352c49,true,768,true,"j","j",".","."
1575,PASS,523,523,true,2ed3ee77-757d-4451-aa8f-e983ff04036b,true,768,true,"trembling","trembling","by","by"
1576,PASS,473,473,true,30d43bf1-7913-48db-ac46-3a9f50b703fa,true,768,true,"cheating","cheating",""","""
1577,PASS,307,307,true,941cb6ce-bfbd-40fa-b8ae-12f168c900cc,true,768,true,"v","v",".","."
1578,PASS,332,332,true,fa78afde-a15a-4ae3-812d-d35187289920,true,768,true,"we","we",""","""
1579,PASS,313,313,true,6437feb2-7b4c-458d-9c21-ab19c3109972,true,768,true,"v","v",".","."
1580,PASS,298,298,true,5a772eb4-b287-4168-8b02-186d47ade74d,true,768,true,"you","you",""","""
1581,PASS,293,293,true,4fbd6b7a-bbc5-4915-b5f1-6e9c79a66c50,true,768,true,"v","v",".","."
1582,PASS,462,462,true,28ac1e51-5992-4ac4-afa2-695003e29c8f,true,768,true,"i","i",""","""
1583,PASS,302,302,true,77926167-5236-4cee-8389-753d63f8dd32,true,768,true,"v","v","and","and"
1584,PASS,500,500,true,29fb1dcd-85e1-487b-939a-d875f32f1ce1,true,768,true,"enjoying","enjoying",""","""
1585,PASS,279,279,true,47e43520-05bb-4119-b01c-79d504bdcc6d,true,768,true,"v","v",".","."
1586,PASS,488,488,true,28196cf8-09f8-4ae9-b5db-53b9cf2bbdf4,true,768,true,"karna","karna","in","in"
1587,PASS,37,37,true,2d624672-f1c9-4f74-a3c4-132488b889e9,true,768,true,"unison","unison",""","""
1588,PASS,277,277,true,0cb5d69d-fc6e-4854-8683-9b76fc425086,true,768,true,"v","v",".","."
1589,PASS,300,300,true,12c5481b-dc63-4209-920f-18ec39b3752d,true,768,true,"the","the",""","""
1590,PASS,314,314,true,1fe41d02-9a6f-40ec-88ca-9fa801dca9db,true,768,true,""",""",",",","
1591,PASS,230,230,true,580d0f35-37f0-45ee-b00d-ee027c9d645c,true,768,true,"sovereignty","sovereignty",""","""
1592,PASS,280,280,true,4384ded3-f982-41f7-a090-d4c7e75336a9,true,768,true,"v","v","'","'"
1593,PASS,126,126,true,4b3c6fb3-9874-48b9-ade1-e9478bdb59c0,true,768,true,"arjuna","arjuna",""","""
1594,PASS,270,270,true,e9da9e00-4689-4765-8bb8-2741b0fbfb9e,true,768,true,"v","v",".","."
1595,PASS,397,397,true,8e9bbcde-a02e-4919-a3ea-c0b65b9d88e7,true,768,true,"heads","heads",""","""
1596,PASS,282,282,true,9d58aeb7-56e2-4614-bdea-8a676b54e15d,true,768,true,"v","v","both","both"
1597,PASS,392,392,true,cc9deef5-532e-4589-97a3-107e3f990e07,true,768,true,"yudhishtira","yudhishtira",""","""
1598,PASS,301,301,true,7fe8eec3-3899-438a-bac2-d1562f6b5dfa,true,768,true,"j","j",".","."
1599,PASS,104,104,true,0ce4751d-39e4-4512-967a-849c02780827,true,768,true,"as","as",""","""
1600,PASS,317,317,true,0a788452-062b-45fb-8d64-d91e33b0584a,true,768,true,""",""","-","-"
1601,PASS,146,146,true,a6f33d3e-f2a1-4f54-bac1-c4613985e8c1,true,768,true,"rangers","rangers",""","""
1602,PASS,310,310,true,62e05d3d-2c7e-44a3-a5f6-b1c9776d8fff,true,768,true,""",""",".","."
1603,PASS,518,518,true,9cb61823-f817-4e21-be0b-7771382a6083,true,768,true,"my","my","his","his"
1604,PASS,234,234,true,5d952645-084a-44e8-9564-a174a1317dfb,true,768,true,"speed","speed","'","'"
1605,PASS,303,303,true,6c918bd6-145b-4307-99fb-e521d1751bb4,true,768,true,""",""","you","you"
1606,PASS,40,40,true,eeab2a69-8058-49f2-91e7-33ccfda45d6a,true,768,true,"decide","decide",""","""
1607,PASS,305,305,true,d9b7cb66-73b1-4bba-8442-5cb0dcc84b08,true,768,true,"v","v","'","'"
1608,PASS,486,486,true,55c6ff73-e33a-4387-9caf-83481da63aad,true,768,true,"hearing","hearing",""","""
1609,PASS,302,302,true,6797d84f-5d73-4b41-80ff-227dcaf699ce,true,768,true,""",""",".","."
1610,PASS,483,483,true,cc185b4d-e43b-4327-96ee-d2f35776a893,true,768,true,"other","other",",",","
1611,PASS,523,523,true,0eea167d-bf04-4910-b7e7-18102e13ff38,true,768,true,"they","they","with","with"
1612,PASS,51,51,true,bef681bd-a5c4-4a9e-bd13-49978dabe2d2,true,768,true,"dussasana","dussasana",""","""
1613,PASS,294,294,true,2a8577b2-2877-4543-897d-c343f0a6f334,true,768,true,"j","j",".","."
1614,PASS,399,399,true,6bcec4b2-ae52-49b0-8f1e-ecb6174e41cd,true,768,true,"after","after",""","""
1615,PASS,286,286,true,25d7b215-9c4e-4526-a591-14395db325ee,true,768,true,"v","v","'","'"
1616,PASS,467,467,true,df2b7bcf-e5a4-460a-96f7-ac1555b19bc0,true,768,true,"karna","karna",".","."
1617,PASS,30,30,true,658356f5-86e7-45ee-8c65-62d2ade2eb02,true,768,true,"from","from",""","""
1618,PASS,286,286,true,71625c64-50d3-48cf-adda-12e8712b44df,true,768,true,"v","v","'","'"
1619,PASS,294,294,true,91b8166f-4933-47b4-8a5b-59728531e0d3,true,768,true,"the","the",""","""
1620,PASS,301,301,true,180f6c9f-31a6-423a-b966-534269bdf855,true,768,true,"v","v","'","'"
1621,PASS,271,271,true,eb2f94dc-d321-4850-b85c-d444c3632721,true,768,true,"bhima","bhima",""","""
1622,PASS,323,323,true,83522cde-a394-42f9-9302-befaf0fd55af,true,768,true,"v","v",",",","
1623,PASS,369,369,true,c7153998-5247-4ce4-bb3f-b715f91f3cb4,true,768,true,"you","you",""","""
1624,PASS,319,319,true,d41e922e-e4cb-4e6e-861d-fce8a350bb18,true,768,true,"j","j","and","and"
1625,PASS,186,186,true,883dba24-358c-4b1f-9def-4fe43734d643,true,768,true,"begged","begged",""","""
1626,PASS,310,310,true,0742b397-e12e-4875-bed9-6bd31ae2baa8,true,768,true,"v","v","in","in"
1627,PASS,478,478,true,8aae8c1f-3c91-452b-a7c4-130e4cc5fa32,true,768,true,"turns","turns",".","."
1628,PASS,106,106,true,aaa0f765-7d19-4373-a166-1c2f862003d7,true,768,true,"especially","especially",""","""
1629,PASS,293,293,true,aab5c9a0-80b6-4d05-980a-27c959580a3c,true,768,true,""",""",".","."
1630,PASS,484,484,true,976d4a6f-f882-45c3-b62f-14b52c1567c3,true,768,true,"o","o","of","of"
1631,PASS,177,177,true,c44c1038-83d5-4736-b01d-cfd0eb99c696,true,768,true,"bells","bells",""","""
1632,PASS,301,301,true,1657ecfe-070f-4856-b2a1-43b18056cf45,true,768,true,""",""","enchanting","enchanting"
1633,PASS,500,500,true,43cd5a2f-5d73-4851-84b0-69ce6f4d9ba9,true,768,true,"the","the","until","until"
1634,PASS,511,511,true,af944401-c0af-42da-9689-5aeb94bc5f13,true,768,true,"they","they",".","."
1635,PASS,167,167,true,65ca8abc-b11b-4a29-ba5a-6b31578f3257,true,768,true,"praise","praise",""","""
1636,PASS,334,334,true,a95b5e76-3627-4856-b11f-c180d170af26,true,768,true,"j","j",".","."
1637,PASS,324,324,true,ff7cf0c1-dcbb-4217-b107-55591093b145,true,768,true,"then","then",""","""
1638,PASS,335,335,true,ef85be34-983c-4173-87c1-282fa1cce72a,true,768,true,"v","v","of","of"
1639,PASS,514,514,true,74dcecab-002e-49e5-9a71-041a668b6876,true,768,true,"all","all","we","we"
1640,PASS,500,500,true,a2c57aa1-36ef-4b01-95d3-d6745ce242ab,true,768,true,"cannot","cannot",""","""
1641,PASS,323,323,true,1048e50d-b491-465e-a3ad-5a9313b20a7b,true,768,true,"v","v","with","with"
1642,PASS,120,120,true,f01f1031-d003-44cf-87e8-80fe7f88a68f,true,768,true,"me","me",""","""
1643,PASS,326,326,true,5a3171f8-b5c7-4035-8c6d-d7c185704797,true,768,true,""",""",".","."
1644,PASS,167,167,true,8c61ae8c-4b62-47f6-8d73-0f5313606304,true,768,true,"and","and",""","""
1645,PASS,304,304,true,2de75937-2976-40a7-8ca1-dba50d1e944d,true,768,true,"v","v",""","""
1646,PASS,328,328,true,dd7ff5c5-d687-4e6f-8ffc-2ab67cae66e7,true,768,true,"v","v",",",","
1647,PASS,278,278,true,e525231c-6353-4612-a9f2-4d2c9e037c76,true,768,true,"nanku","nanku",""","""
1648,PASS,301,301,true,816e3dfe-ce32-4413-b699-4868bf9c7570,true,768,true,"v","v","the","the"
1649,PASS,499,499,true,cedf9a6c-7b9a-440a-a189-b5a5e5f53115,true,768,true,"plantain","plantain",".","."
1650,PASS,152,152,true,a99c86af-953b-492f-9685-9e47369a2bef,true,768,true,"darting","darting",""","""
1651,PASS,294,294,true,a3d26dac-7422-4bd2-af10-21dbc02f9751,true,768,true,"v","v",".","."
1652,PASS,511,511,true,150ce317-f9d2-411e-b31f-3a91d03fa439,true,768,true,"indrasena","indrasena","and","and"
1653,PASS,149,149,true,6ae0ab67-0f0d-48c3-a049-fe267464fdd0,true,768,true,"twanging","twanging",""","""
1654,PASS,330,330,true,56d98496-226b-45ec-a840-3ac7c5f7bb6a,true,768,true,"v","v",",",","
1655,PASS,462,462,true,5fa8002b-8570-4e2f-96c4-cfc6830bfe1f,true,768,true,"draw","draw",""","""
1656,PASS,278,278,true,a153233d-ff77-45f7-8397-dcb0709320df,true,768,true,"v","v",".","."
1657,PASS,523,523,true,0eb2cc72-c5bf-4739-974e-d5b73ddf040e,true,768,true,"bow","bow","out","out"
1658,PASS,507,507,true,f1551c51-3efd-4f15-b5bb-c163fb0453ff,true,768,true,"their","their","petty","petty"
1659,PASS,74,74,true,c004c21e-1671-449f-893b-c94fa8ae7c98,true,768,true,"man","man",""","""
1660,PASS,278,278,true,dba3fe04-2cfa-4e80-827f-0745fedcfe6f,true,768,true,"v","v","you","you"
1661,PASS,513,513,true,d3ffb8dc-b232-4e40-bca8-5e60cbad27f3,true,768,true,"must","must","to","to"
1662,PASS,511,511,true,c55ff23d-b1d3-45b2-bafa-3534872a6bc8,true,768,true,"contain","contain",".","."
1663,PASS,497,497,true,fdb44022-9960-442a-9aed-32a1c61ac413,true,768,true,"these","these","jata","jata"
1664,PASS,502,502,true,5ef38800-4a19-44e9-8e56-30a179bbaab6,true,768,true,"and","and","dreadful","dreadful"
1665,PASS,44,44,true,f157871f-173b-4d99-a08d-e83efc80c5ab,true,768,true,"entourage","entourage",""","""
1666,PASS,300,300,true,e8055c23-2ef7-42be-819a-032a1cfbe108,true,768,true,"j","j","our","our"
1667,PASS,69,69,true,8fb6ac0b-48f0-4359-a57d-a8c7d0d75220,true,768,true,"carelessness","carelessness",""","""
1668,PASS,293,293,true,1d1e4243-0499-4a71-92e2-d22addb1e762,true,768,true,""",""","of","of"
1669,PASS,209,209,true,5146d6e6-61b6-4389-9668-20b764c51461,true,768,true,"rama","rama",""","""
1670,PASS,288,288,true,443a8721-5f2b-47fb-91ed-427786b9d60f,true,768,true,""",""",".","."
1671,PASS,511,511,true,06ac0385-141c-41d0-a780-b5d5e90d9484,true,768,true,"and","and",""","""
1672,PASS,257,257,true,0431bbc1-ed02-4452-858f-2149ea2fd1f7,true,768,true,"markandeya","markandeya",""","""
1673,PASS,311,311,true,6f4a371c-d224-4c05-9299-d73a2fd59c35,true,768,true,""",""","as","as"
1674,PASS,98,98,true,30d6204c-4dc0-42d0-9064-d9ca6baba34a,true,768,true,"diamonds","diamonds",""","""
1675,PASS,305,305,true,11495f7c-3270-4df8-b6ab-6b1ea5d45a8c,true,768,true,""",""",".","."
1676,PASS,539,539,true,d8b9a959-2e28-41ae-96e3-78ef8a0e7654,true,768,true,"rama","rama",".","."
1677,PASS,479,479,true,fc23b97f-2fd4-48a6-9371-7ef93ed6f406,true,768,true,"after","after","is","is"
1678,PASS,229,229,true,d090551c-9bb5-4b0c-88cd-ac9e2351a23a,true,768,true,"he","he","'","'"
1679,PASS,336,336,true,77b6c228-a92e-4713-92ea-81b62a08a9de,true,768,true,"v","v",""","""
1680,PASS,530,530,true,f2b0deca-2fdd-4677-a5c2-b2f84cf70e92,true,768,true,"maricha","maricha","will","will"
1681,PASS,220,220,true,68c6f1e6-0d44-4eb8-88cc-a917b8ffd875,true,768,true,"live","live",""","""
1682,PASS,323,323,true,962ca5b2-0005-4b09-8556-c77c505e1d81,true,768,true,""",""",",",","
1683,PASS,457,457,true,dd2cc083-73e6-4dc2-ad1c-b8df55599a66,true,768,true,"which","which",".","."
1684,PASS,538,538,true,fd83bcab-052d-46a8-bc21-b5fc2dabb47d,true,768,true,"shortly","shortly","i","i"
1685,PASS,45,45,true,ac23f94f-e3f9-405b-b394-6a8cdaf7200e,true,768,true,"can","can",""","""
1686,PASS,307,307,true,ab9b7246-cde1-4a42-9440-ea63a027ad44,true,768,true,""",""",",",","
1687,PASS,520,520,true,0947fbcf-3afb-41b0-91e7-c5749a39cd95,true,768,true,"sugriva","sugriva","struck","struck"
1688,PASS,521,521,true,3b301d78-4754-4c4f-b9ad-dcf357fbda78,true,768,true,"each","each","desire","desire"
1689,PASS,510,510,true,b19a2f7c-b82d-4d1b-b0c2-428c5e7aa9c2,true,768,true,"to","to","summit","summit"
1690,PASS,186,186,true,3ff52df6-1fac-4c02-b35d-5097cbb85622,true,768,true,"of","of",""","""
1691,PASS,305,305,true,01289c35-6f25-47f2-8819-947f4a084f65,true,768,true,""",""",".","."
1692,PASS,507,507,true,d6bed059-970b-4602-a27d-f5e7fd491d84,true,768,true,"one","one",""","""
1693,PASS,315,315,true,3161ae15-14aa-4274-88dd-92ff950cd544,true,768,true,""",""","to","to"
1694,PASS,486,486,true,7f657cb1-ce9a-49a7-9e26-0c121b0f8522,true,768,true,"meet","meet",".","."
1695,PASS,563,563,true,0d8e7aec-171c-412e-a263-c71fc5c59b3a,true,768,true,"rama","rama","'","'"
1696,PASS,496,496,true,5be422b7-4a24-4abf-850f-68af3ff33035,true,768,true,"we","we",""","""
1697,PASS,289,289,true,b3626d03-9ba7-4aa7-b436-18de011aef4b,true,768,true,""",""","the","the"
1698,PASS,530,530,true,c18d7465-e0b9-4729-bcc8-f14d158ecde3,true,768,true,"dust","dust","divine","divine"
1699,PASS,517,517,true,c6e5cb50-3f91-4fe7-8347-9c4ccbb10d0b,true,768,true,"sagara","sagara",".","."
1700,PASS,108,108,true,bc2f15b4-abb6-44c8-8099-0a884a221bfd,true,768,true,"as","as",""","""
1701,PASS,261,261,true,30552443-7cd8-4941-a268-0f8be66699e9,true,768,true,""",""","in","in"
1702,PASS,508,508,true,d4cc806a-ecd8-4049-abcf-d5ff2b1ed0d3,true,768,true,"the","the","as","as"
1703,PASS,370,370,true,e13612aa-cc22-49e9-b0ac-7adcef7f658d,true,768,true,"shirisha","shirisha",""","""
1704,PASS,289,289,true,873e48d5-41b4-4866-a1ff-75f102dd89bc,true,768,true,""",""","on","on"
1705,PASS,53,53,true,d1e3815f-ab0b-4392-8843-3207a779e5a6,true,768,true,"prahasta","prahasta",""","""
1706,PASS,284,284,true,884e474a-eef3-4b59-be2b-c38bae00f2e4,true,768,true,""",""",".","."
1707,PASS,350,350,true,03133d49-a53a-419d-a66c-4e4b87c92aeb,true,768,true,"the","the",""","""
1708,PASS,318,318,true,17a469f1-48c7-425f-bae1-826f75b87f1d,true,768,true,""",""",".","."
1709,PASS,379,379,true,b1ad804d-e5f5-4ebd-9f86-3322ce389735,true,768,true,"kumbhakarna","kumbhakarna",""","""
1710,PASS,286,286,true,b7898184-5465-4987-8d20-37517d10943e,true,768,true,""",""",".","."
1711,PASS,313,313,true,fa0869aa-d2bb-4847-8287-1d818593fa74,true,768,true,"when","when",""","""
1712,PASS,295,295,true,dc175118-283d-4089-997b-59caa06f39d2,true,768,true,""",""","and","and"
1713,PASS,467,467,true,6ee0ec81-5d77-4dbe-a5da-1288bf22ea5d,true,768,true,"jambavan","jambavan",".","."
1714,PASS,172,172,true,b7cf3ae7-da59-443d-90c8-082e61778b27,true,768,true,"listen","listen",""","""
1715,PASS,300,300,true,12574d4b-f924-41af-8d9c-9451c2a65760,true,768,true,""",""","chestnuts","chestnuts"
1716,PASS,440,440,true,4228840a-1329-4ff5-b969-4345310c6b4f,true,768,true,"belongs","belongs",""","""
1717,PASS,296,296,true,56dff706-239d-4724-b264-7162c7ae6c4a,true,768,true,""",""","but","but"
1718,PASS,552,552,true,6fce12fd-7c02-4b36-a17d-1753172ded0e,true,768,true,"knowing","knowing","the","the"
1719,PASS,533,533,true,8a02a96e-57ab-446f-a1bd-9cb8df2e8aaa,true,768,true,"gandharvas","gandharvas",".","."
1720,PASS,492,492,true,9def30e0-4a06-4ca7-8c81-08a3839d7ce1,true,768,true,"as","as",".","."
1721,PASS,118,118,true,8f17c3f3-85c6-46fe-9936-06082ead83ef,true,768,true,"after","after",""","""
1722,PASS,286,286,true,6fc77167-5a74-4cf3-b34a-cd1530807909,true,768,true,""",""",".","."
1723,PASS,48,48,true,5ba5f1a6-b389-4485-917d-14d3020eaec2,true,768,true,"rajan","rajan",""","""
1724,PASS,301,301,true,ad849430-0f87-40ce-a111-62872d3da743,true,768,true,""",""",".","."
1725,PASS,512,512,true,190456df-94e0-451c-9837-680e88d3068b,true,768,true,"after","after","stood","stood"
1726,PASS,298,298,true,7121dd02-b03d-47f1-a5dd-13d3ba3d544a,true,768,true,"beside","beside",""","""
1727,PASS,319,319,true,50279d71-f276-40ba-9bb3-1e72c6cc0ca6,true,768,true,""",""","have","have"
1728,PASS,543,543,true,ed447820-6930-42b4-ae23-e895db44b7b5,true,768,true,"excellent","excellent",""","""
1729,PASS,132,132,true,59f8ffff-bb30-4f99-911c-550754295624,true,768,true,"narada","narada",""","""
1730,PASS,320,320,true,258f09a0-2150-4646-88cf-82de68596974,true,768,true,""",""","ought","ought"
1731,PASS,319,319,true,16dd7259-54da-4f2c-8b7c-ce8c4b056399,true,768,true,"not","not",""","""
1732,PASS,316,316,true,626b8fda-5dad-479a-978a-4609d161d70b,true,768,true,""",""","suffer","suffer"
1733,PASS,515,515,true,148bb01d-4a65-4589-a039-a16bb577770c,true,768,true,"widowhood","widowhood",",",","
1734,PASS,114,114,true,ab3e90ab-9b04-4040-95bf-a5ebccf77f52,true,768,true,"but","but",""","""
1735,PASS,366,366,true,0c3eb3cb-90df-49e6-91dc-36664979e4e9,true,768,true,""",""","to","to"
1736,PASS,507,507,true,7123109e-f0f9-4d0c-840a-213d8d2aeba3,true,768,true,"live","live",""","""
1737,PASS,531,531,true,e3c8f402-e797-478c-b406-cba07cbfe71d,true,768,true,"savitri","savitri",""","""
1738,PASS,527,527,true,26b06994-9e45-4e47-93d1-11c6a5e75a90,true,768,true,"savitri","savitri",";",";"
1739,PASS,517,517,true,d092e6db-6c14-4b16-951e-7e46145706f7,true,768,true,"without","without",".","."
1740,PASS,552,552,true,a31f7dc5-3c02-4b60-a722-395f493d3e59,true,768,true,"if","if","i","i"
1741,PASS,460,460,true,c6bcc41a-46e4-4f63-b37a-3852ce636f57,true,768,true,"will","will",""","""
1742,PASS,260,260,true,56785c0e-1599-47a2-9e0d-eae9a0200955,true,768,true,""",""",""","""
1743,PASS,466,466,true,ad770c2a-d02c-415e-9f31-66201431de32,true,768,true,"another","another","the","the"
1744,PASS,464,464,true,6eca1d20-a4c1-48b1-b42a-8bd79d40b172,true,768,true,"night","night",""","""
1745,PASS,287,287,true,93f8c62c-bf1e-4fa7-83c5-3197749b2363,true,768,true,""",""",".","."
1746,PASS,198,198,true,a860b783-0eba-44e2-8be3-2f20bc9725a6,true,768,true,"arriving","arriving",""","""
1747,PASS,320,320,true,3758b2d3-c264-4a3a-8dfa-24ff8b5c57a1,true,768,true,"j","j","or","or"
1748,PASS,517,517,true,24b9087d-a972-4db0-8a86-b36540741dd0,true,768,true,"whatever","whatever",".","."
1749,PASS,215,215,true,b8d6c43b-aeb2-43cd-92ba-57be273d3072,true,768,true,"renown","renown",""","""
1750,PASS,357,357,true,cec8e329-c176-4316-953a-2d1678dc519d,true,768,true,""",""","your","your"
1751,PASS,180,180,true,9fff75d1-7602-4746-9f0b-c2ce24e6532d,true,768,true,"kundala","kundala",""","""
1752,PASS,344,344,true,956c5020-365f-46b2-b02e-4c236c4d4bd9,true,768,true,""",""","in","in"
1753,PASS,220,220,true,c4fa3b24-3b84-4e8f-a4d6-a7d838b2c830,true,768,true,"battle","battle",""","""
1754,PASS,333,333,true,98ce31b9-703e-4342-9077-7b469e80f845,true,768,true,"j","j","'","'"
1755,PASS,504,504,true,74ed2e2f-55b4-404d-b0c7-cf9de75ef908,true,768,true,"having","having",",",","
1756,PASS,19,19,true,7b2d3a64-b173-4f1e-bc0e-d21ffc148c53,true,768,true,"however","however",""","""
1757,PASS,311,311,true,d9dc8692-eeae-4d48-82b6-b718fd8334da,true,768,true,""",""",",",","
1758,PASS,251,251,true,699f7b42-5e50-4b51-9d92-d6961c3f19f9,true,768,true,"without","without",""","""
1759,PASS,296,296,true,072ed6e3-0a25-407c-a472-519d15acbdab,true,768,true,"v","v",".","."
1760,PASS,281,281,true,143505a3-0b75-4eb2-aa87-4fbf39d28cd4,true,768,true,"o","o",""","""
1761,PASS,292,292,true,a1fcbcb3-49c5-4f77-bec9-6d62252a9833,true,768,true,"v","v",".","."
1762,PASS,561,561,true,85c5cc67-43b2-4f9a-b8e9-5bd2b8f5faae,true,768,true,"and","and","me","me"
1763,PASS,63,63,true,64f14d9a-5053-41d6-a642-fd450dfcc32b,true,768,true,"with","with",""","""
1764,PASS,365,365,true,a5019440-40a5-4a8e-8b20-afebbed5d5ad,true,768,true,"v","v",".","."
1765,PASS,499,499,true,4f27e932-9902-4323-b295-80dc6ac1f3f4,true,768,true,"listen","listen","rays","rays"
1766,PASS,34,34,true,93fbf47a-11d9-4e64-bb53-0538cdccbd8e,true,768,true,"entered","entered",""","""
1767,PASS,333,333,true,18ee203f-c615-4617-8158-dbd36fefa6e0,true,768,true,"v","v","may","may"
1768,PASS,424,424,true,e707a1d9-302c-47e4-a5ca-511bb89ec895,true,768,true,"you","you",""","""
1769,PASS,305,305,true,94abf8a6-3591-435a-95ec-8b770069992a,true,768,true,"v","v",".","."
1770,PASS,330,330,true,83fe1ea2-99ba-45cb-b242-5318699d4810,true,768,true,"after","after",""","""
1771,PASS,317,317,true,e0fe8c4e-07e3-47b3-b3e4-61344e3ad8b8,true,768,true,"v","v","'","'"
1772,PASS,547,547,true,d69c249a-f307-4a00-a68a-f0f3a5fbaaf5,true,768,true,"when","when",".","."
1773,PASS,399,399,true,f9ae5334-35fd-41ba-962b-1c2c6b6e56e6,true,768,true,"here","here",""","""
1774,PASS,338,338,true,0c880c0a-25bb-4a42-b951-8b75a02b65cc,true,768,true,"j","j","you","you"
1775,PASS,210,210,true,25dea0d8-cf5e-444c-bc19-ccf810988c5c,true,768,true,"must","must",""","""
1776,PASS,321,321,true,03ebd64a-8118-4ff4-ac26-c31b0c5be62f,true,768,true,""",""","you","you"
1777,PASS,526,526,true,e1bc4220-2c93-43bf-80ad-15ea2175860f,true,768,true,"must","must","'","'"
1778,PASS,464,464,true,50f4416f-ef38-450b-9095-1051613291f9,true,768,true,"arjuna","arjuna",""","""
1779,PASS,301,301,true,d3f74df7-a286-4367-b209-1ffe7fc3e7ee,true,768,true,"v","v","?","?"
1780,PASS,500,500,true,9c1759ec-1926-4049-9c22-e84ddf353b0d,true,768,true,"this","this",".","."
1781,PASS,511,511,true,883271f0-c89a-493d-b856-9d04a1242254,true,768,true,"this","this","that","that"
1782,PASS,478,478,true,5bd9557a-0468-46c6-ace9-d30e04509743,true,768,true,"a","a","'","'"
1783,PASS,484,484,true,07b2304b-a1d2-4104-9feb-77bc8b3c8ecf,true,768,true,"the","the","and","and"
1784,PASS,529,529,true,eeb43fb3-a813-46c0-b718-74114406402c,true,768,true,"what","what","'","'"
1785,PASS,514,514,true,cea5f0b7-02fe-48f1-9550-9de872e43569,true,768,true,"yudhishtira","yudhishtira","'","'"
1786,PASS,526,526,true,20d00c9e-1810-4849-980e-807f50a7ad64,true,768,true,"yudhishtira","yudhishtira","'","'"
1787,PASS,549,549,true,9518c9c9-7760-41bb-aa61-0094e4c1b400,true,768,true,"yudhishtira","yudhishtira",".","."
1788,PASS,96,96,true,018462e5-4684-40a4-ae44-1b65073868a2,true,768,true,"my","my",""","""
1789,PASS,335,335,true,debc7e43-529f-4cd3-b6f7-b2fbaaf19509,true,768,true,"v","v",".","."
1790,PASS,563,563,true,b74819c8-869a-446d-b0d9-81565d158942,true,768,true,"i","i","life","life"
1791,PASS,45,45,true,44620368-7a44-4875-8c83-73e0aa04b0e4,true,768,true,"of","of",""","""
1792,PASS,310,310,true,b3dbc3d0-cacf-4c7a-8819-3de0925dcde6,true,768,true,"v","v",".","."
1793,PASS,466,466,true,f801f2a0-19e4-40a5-a8c4-a48dc8400db3,true,768,true,"indra","indra",".","."
1794,PASS,6,6,true,222a8fda-7d9e-4aa9-937f-b6a0abf7aae9,true,768,true,"the","the","parva","parva"
1795,PASS,2,2,true,64bdc787-dc7b-4313-81b7-20e41b583f21,true,768,true,"virata","virata","parva","parva"
1796,PASS,287,287,true,2d0db955-4766-42f6-a271-f0744d4e01fd,true,768,true,"a","a",".","."
1797,PASS,402,402,true,478f2516-8592-4e1b-b530-0058f4ffa033,true,768,true,"surrounding","surrounding",""","""
1798,PASS,306,306,true,30dee6cd-ab8b-4979-b0dd-bafd397a1f44,true,768,true,""",""","?","?"
1799,PASS,482,482,true,4e86e535-29e7-408c-9b9d-efbe31ab1724,true,768,true,"even","even",""","""
1800,PASS,320,320,true,1d2b99bc-9b03-4036-813c-e7f681293f23,true,768,true,"v","v",".","."
1801,PASS,353,353,true,b950b9f4-6e57-45ed-b738-79f44e199300,true,768,true,"i","i",""","""
1802,PASS,302,302,true,af207182-5688-403d-bb1a-9dd1f7ce2145,true,768,true,""",""",".","."
1803,PASS,497,497,true,558bbe09-0ab4-4211-986f-1d08cb9c4003,true,768,true,"first","first","by","by"
1804,PASS,530,530,true,f8a54de0-9a2d-4147-9875-abc3e1beee6c,true,768,true,"intervening","intervening",".","."
1805,PASS,302,302,true,7e35787e-965c-4ce9-912d-eddbaa4cb357,true,768,true,"you","you",""","""
1806,PASS,290,290,true,29a3029b-dc42-41a7-bc89-d51cf4ee5c25,true,768,true,"v","v","them","them"
1807,PASS,483,483,true,c56d0be1-c894-463d-91f5-d876deb5ccb5,true,768,true,"long","long",",",","
1808,PASS,34,34,true,d8d97771-c133-470b-a3ca-517b9236013a,true,768,true,"jayanta","jayanta",""","""
1809,PASS,316,316,true,2dbad565-52c2-4f43-8e98-b559bc69102f,true,768,true,"v","v","two","two"
1810,PASS,544,544,true,6726f3c7-b842-47d0-8411-f5fc443e898b,true,768,true,"great","great",".","."
1811,PASS,287,287,true,32eae84c-0faa-4db8-b63e-78b127cebf17,true,768,true,"o","o",""","""
1812,PASS,290,290,true,d5165b83-d3cc-430f-8b8b-db05bb851b96,true,768,true,"v","v","'","'"
1813,PASS,405,405,true,cd3e746a-6291-423e-a83f-940bc1dd386c,true,768,true,"the","the",""","""
1814,PASS,312,312,true,afa82bf8-8199-482f-b373-0c2bfbdaa1fc,true,768,true,"v","v","'","'"
1815,PASS,187,187,true,df6ded71-0130-4857-894b-29944c895d3e,true,768,true,"bhima","bhima",""","""
1816,PASS,331,331,true,1aa69848-fff1-42ff-9cb3-7935aee6527f,true,768,true,"v","v","and","and"
1817,PASS,554,554,true,8c792381-92f6-48c9-ad7d-42908c84951c,true,768,true,"exquisite","exquisite",",",","
1818,PASS,214,214,true,c85798c9-b7a5-4287-8130-9b9b37982ced,true,768,true,"even","even",""","""
1819,PASS,335,335,true,32e8291a-baa1-4d17-8315-fd15dd9898b8,true,768,true,"v","v","tend","tend"
1820,PASS,160,160,true,00253474-54fc-4a5d-8115-18fcf46606f1,true,768,true,"all","all",""","""
1821,PASS,320,320,true,c838c039-5012-4672-a6e6-739ea89d1f13,true,768,true,"v","v","dance","dance"
1822,PASS,223,223,true,a39e1fd0-47ec-4d72-92b8-93991cf8d1a6,true,768,true,"teacher","teacher",""","""
1823,PASS,334,334,true,a23a2784-dc32-465d-9904-51ccc67a5a8c,true,768,true,"v","v","'","'"
1824,PASS,225,225,true,bcccf9af-be80-4993-be78-3b2eb5ce3bd2,true,768,true,"virata","virata",""","""
1825,PASS,300,300,true,799eb2ee-f7b2-4bb6-909e-0f1aca0063f8,true,768,true,"j","j",".","."
1826,PASS,492,492,true,82f015b8-e640-41a9-89c5-4fcea79a5074,true,768,true,"three","three",".","."
1827,PASS,329,329,true,bfe538db-bc78-4312-8ee3-1a9bec73c9f6,true,768,true,"the","the",""","""
1828,PASS,307,307,true,80ef6247-0cb9-476d-8008-0382332f471f,true,768,true,"v","v","'","'"
1829,PASS,536,536,true,1d910e25-fd54-4110-ae59-57b5179a0b30,true,768,true,"having","having",".","."
1830,PASS,553,553,true,5828cfa2-5452-42bf-a395-3bcfbf63a4b6,true,768,true,"i","i",""","""
1831,PASS,339,339,true,ea9ff1aa-f3e9-4c15-a51c-95458dfc970b,true,768,true,"v","v","of","of"
1832,PASS,198,198,true,2a87b562-4cb4-4bc3-9792-c398180b376a,true,768,true,"the","the",""","""
1833,PASS,332,332,true,a0036296-8e5b-40dd-8158-0314624b7f99,true,768,true,""",""",".","."
1834,PASS,507,507,true,75a8889e-f404-474e-a848-600010137b41,true,768,true,"then","then",".","."
1835,PASS,503,503,true,a3c83b62-8d77-49cf-84c9-a468ee228c53,true,768,true,"let","let",""","""
1836,PASS,329,329,true,2175f981-7b8c-4a85-a4a9-81c76ec709d8,true,768,true,"v","v",",",","
1837,PASS,148,148,true,37cabc22-ed17-446e-bf87-a6e1ddba7cbc,true,768,true,"'","'",""","""
1838,PASS,320,320,true,cf1c8e9f-2dfc-4263-a10c-c9d3abd9e610,true,768,true,""",""",".","."
1839,PASS,455,455,true,899b46c8-fa93-4c08-95e5-1ef3a99ac958,true,768,true,"it","it",""","""
1840,PASS,327,327,true,9b9bb97b-a892-4c17-a588-22163b44c217,true,768,true,""",""","am","am"
1841,PASS,517,517,true,0568a3da-237b-46eb-bedc-817cc1a17fdf,true,768,true,"already","already","my","my"
1842,PASS,375,375,true,c592a999-b683-4c50-8417-48eec038f464,true,768,true,"mind","mind",""","""
1843,PASS,335,335,true,be39b51b-92af-4197-9097-1d325950c435,true,768,true,""",""","joyful","joyful"
1844,PASS,480,480,true,44972e9c-04a0-4872-854c-b3f7210004a4,true,768,true,"about","about",".","."
1845,PASS,321,321,true,9b3fcedc-0367-44ac-b396-09fb4224515e,true,768,true,""",""",".","."
1846,PASS,499,499,true,23df33d6-4616-4269-a3bb-7614a78f0dc0,true,768,true,"you","you",".","."
1847,PASS,458,458,true,4830b45c-01b2-4394-ba13-3ddb72a8e8c8,true,768,true,"kichaka","kichaka",""","""
1848,PASS,323,323,true,63bf88ca-ab94-4c8a-80f8-3e7b2e026a0f,true,768,true,""",""","am","am"
1849,PASS,516,516,true,538174c8-f21b-449b-a17c-57498775bf78,true,768,true,"mortally","mortally","'","'"
1850,PASS,484,484,true,fa61a373-1189-4aec-a86c-0cef80f74ed8,true,768,true,"knowing","knowing","'","'"
1851,PASS,492,492,true,383101a1-31df-4b38-ab6e-ffb91b06fa13,true,768,true,"saying","saying",".","."
1852,PASS,447,447,true,9f8cecc5-78f0-44ac-9d76-119e9f8dc548,true,768,true,"at","at",""","""
1853,PASS,334,334,true,8d166fd8-5f41-4a2d-9c33-9cea0c4c3d8b,true,768,true,"v","v","taking","taking"
1854,PASS,465,465,true,2c851517-3162-4508-895d-7e08255d7b4e,true,768,true,"me","me",""","""
1855,PASS,311,311,true,5d9e39ed-cf92-4e67-8632-c7f4683c1c3c,true,768,true,"v","v","doe","doe"
1856,PASS,502,502,true,d55dece8-b686-4ed3-ae48-ef0c2feccbcb,true,768,true,"frightened","frightened",""","""
1857,PASS,294,294,true,5b1829e4-1cdc-4a27-94d8-1e73f3e7177f,true,768,true,"v","v",".","."
1858,PASS,198,198,true,89dd5a1e-c51c-4fa7-95ef-96364cd1fb58,true,768,true,"although","although",""","""
1859,PASS,310,310,true,d3d6a9ff-fc74-40f6-9cf3-c88fdb93e057,true,768,true,"v","v","the","the"
1860,PASS,181,181,true,569c0fb9-05d1-4b19-9873-727bdffbdd5c,true,768,true,"pandavas","pandavas",""","""
1861,PASS,301,301,true,305ffcc2-ccbb-41bb-be0f-aa2f942350b4,true,768,true,"v","v",",",","
1862,PASS,11,11,true,9bbb7964-9076-4e15-ac4a-96c45a6eae35,true,768,true,"and","and",""","""
1863,PASS,322,322,true,47fafaad-f39b-46c7-9b5f-c19ca9a1595c,true,768,true,"v","v",".","."
1864,PASS,473,473,true,afebdc5e-4f87-429a-9162-fd88cbdb2f6e,true,768,true,"understand","understand",",",","
1865,PASS,128,128,true,e852d733-8aae-4fdb-a5c6-1883fc08fffa,true,768,true,"because","because",""","""
1866,PASS,279,279,true,6a201e9d-caaf-462b-86c7-976c72f82ec9,true,768,true,"v","v",".","."
1867,PASS,102,102,true,7516a1a7-6dd2-41b7-ae18-e37f5445f264,true,768,true,"you","you",""","""
1868,PASS,303,303,true,53d5b6f6-d66d-42fd-a1fa-5a47ed1f10e7,true,768,true,"v","v","'","'"
1869,PASS,344,344,true,7ad5069c-3492-45f0-9c80-da96bdf767c7,true,768,true,"karna","karna",""","""
1870,PASS,318,318,true,7b1bb4f5-a347-4d81-a341-d3e62718bd64,true,768,true,"v","v",",",","
1871,PASS,476,476,true,60514e22-3b01-4eef-aafe-036c12f25219,true,768,true,"adorned","adorned","purest","purest"
1872,PASS,16,16,true,048102c1-d963-42a1-b7f9-a396ebf4f520,true,768,true,"bloodlines","bloodlines",""","""
1873,PASS,303,303,true,e1824e6a-1de3-4878-8dc0-e4b96f4e72f9,true,768,true,"v","v",".","."
1874,PASS,449,449,true,a9ffa3d8-8b01-4644-895e-3e70a6ccd430,true,768,true,"severed","severed",""","""
1875,PASS,317,317,true,77c7a304-b108-469b-ac88-b3989525d7f7,true,768,true,"v","v","witness","witness"
1876,PASS,474,474,true,3f1a832d-45e8-42f1-afa7-58c25a87cd71,true,768,true,"my","my","seizes","seizes"
1877,PASS,453,453,true,9d1aff80-da48-4d4d-9503-c5860e4e4f42,true,768,true,"susarman","susarman",""","""
1878,PASS,315,315,true,b46edd0b-c6e7-4376-8086-37d32c3cb604,true,768,true,"v","v","to","to"
1879,PASS,103,103,true,0efc0846-6304-4be2-bc1e-c9e033e475fb,true,768,true,"the","the",""","""
1880,PASS,303,303,true,8aa6c724-7b31-438b-b06e-61abcc319bd7,true,768,true,"v","v","great","great"
1881,PASS,283,283,true,3ecb0e54-61a5-443b-80c5-ea6da6f79fdf,true,768,true,"warrior","warrior",""","""
1882,PASS,328,328,true,c4af2ffa-2ebb-4622-85d2-a4f4e172bea3,true,768,true,""",""","'","'"
1883,PASS,268,268,true,bfaeb15a-8f17-448d-bc04-b2389dae0b93,true,768,true,"panchali","panchali",""","""
1884,PASS,303,303,true,856a5b44-e6cc-45c3-8b28-9a2661dbe909,true,768,true,"v","v","his","his"
1885,PASS,503,503,true,c237f248-1c38-4343-9fab-bc9e2882f26a,true,768,true,"chariot","chariot","'","'"
1886,PASS,110,110,true,7aa9c520-6f21-465a-98bd-b3a998868c35,true,768,true,"heroic","heroic",""","""
1887,PASS,305,305,true,6e68e6c1-7f28-410d-a939-2ebe67267785,true,768,true,"v","v",",",","
1888,PASS,494,494,true,a5ba40a1-b2a7-49f0-86d0-30c1e5eadd9d,true,768,true,"saumadatti","saumadatti",".","."
1889,PASS,475,475,true,98d3bf2f-9dbd-44fa-8394-611b86425e9a,true,768,true,"the","the","'","'"
1890,PASS,40,40,true,8b0e31b6-ac14-4958-82ff-94e4a1fe108b,true,768,true,"speaking","speaking",""","""
1891,PASS,276,276,true,117fce1d-7d08-4a81-9844-e30e4a1b34ee,true,768,true,"v","v","and","and"
1892,PASS,256,256,true,8b92063d-ccc4-4ee1-b548-e01df53183c3,true,768,true,"has","has",""","""
1893,PASS,237,237,true,0a873332-dd52-4f48-bd6e-ea07341cc476,true,768,true,"v","v",""","""
1894,PASS,269,269,true,525e71cb-d639-4cef-a020-c700048f0b8b,true,768,true,""",""",""","""
1895,PASS,306,306,true,5c556db9-4a7d-40bc-8303-b0bd026047c8,true,768,true,""",""","this","this"
1896,PASS,157,157,true,25ea06ad-17bb-46ed-8656-79d53f716c0b,true,768,true,"beautiful","beautiful",""","""
1897,PASS,341,341,true,cc242b96-317a-4e5b-a20a-3c97ddf24727,true,768,true,""",""",",",","
1898,PASS,214,214,true,5e89d898-b9dd-4ee6-80d3-33c8b134ec67,true,768,true,"crescent","crescent",""","""
1899,PASS,298,298,true,398658aa-08f3-474d-8ce2-723540f1e23a,true,768,true,""",""","the","the"
1900,PASS,368,368,true,fc93e9b1-601e-489f-a70d-0faba534fbf6,true,768,true,"meanings","meanings",""","""
1901,PASS,341,341,true,4d4bb1fc-caa1-43e6-bf15-216a749c16b0,true,768,true,""",""",".","."
1902,PASS,532,532,true,9b62158c-6bd6-4b82-89d2-acaf66b94a4b,true,768,true,"indeed","indeed",".","."
1903,PASS,241,241,true,aae2585c-3dd2-4b4d-86cb-3467c8d33d3d,true,768,true,"from","from",""","""
1904,PASS,326,326,true,c4c39ba7-4e74-40cb-baed-45f7d5cef4ac,true,768,true,"v","v","arrayed","arrayed"
1905,PASS,506,506,true,addf0d33-0934-47e5-96e0-9cabcc73cdaf,true,768,true,"for","for",".","."
1906,PASS,64,64,true,41f08308-7097-4f05-b02e-bf6ac7ef047b,true,768,true,"you","you",""","""
1907,PASS,317,317,true,b78a2684-86ce-419c-a899-566e7fd780fc,true,768,true,"v","v","and","and"
1908,PASS,513,513,true,a0d24af9-b96f-4eaa-a000-4cbc85da82e7,true,768,true,"that","that",".","."
1909,PASS,134,134,true,bed702aa-64c2-4305-b4b2-f99e8f04bb31,true,768,true,"they","they",""","""
1910,PASS,332,332,true,0394fa65-5aa2-46d8-8220-a1f8ae5f2cfc,true,768,true,""",""","is","is"
1911,PASS,249,249,true,808425e8-10e0-46e1-b944-a1fe31ab5bb6,true,768,true,"the","the",""","""
1912,PASS,308,308,true,3ff9ffa1-8597-4cc9-a650-1422940d9e9b,true,768,true,""",""",".","."
1913,PASS,379,379,true,e5f0a2f4-ddf5-49ff-ab5d-22f3c01612f0,true,768,true,"o","o",""","""
1914,PASS,292,292,true,d717077a-64d6-45e8-a533-2e50f08cb256,true,768,true,""",""","?","?"
1915,PASS,493,493,true,ea450d7b-a311-48b0-8237-3e37bbca50c6,true,768,true,"you","you",""","""
1916,PASS,336,336,true,5449295d-4e1e-41fe-8ebb-195b33f970ad,true,768,true,""",""","has","has"
1917,PASS,268,268,true,58e818df-72c8-4f15-a101-317f5c9a2e81,true,768,true,"come","come",""","""
1918,PASS,286,286,true,d8379dfd-aa55-4125-871d-7006163e6688,true,768,true,""",""",".","."
1919,PASS,363,363,true,97895f66-65ea-4dd2-a295-a3a3945ff2b6,true,768,true,"but","but",""","""
1920,PASS,298,298,true,e23c2940-08a2-4163-97d2-0ec61d2f1f29,true,768,true,"v","v","the","the"
1921,PASS,447,447,true,89aed667-0a25-4933-ba9e-a2307f345f7f,true,768,true,"midst","midst",""","""
1922,PASS,293,293,true,540b7789-1c0a-4b96-9a8a-21382e6edfad,true,768,true,"v","v","vicious","vicious"
1923,PASS,479,479,true,13105626-86e5-4c1a-8637-45098bb86918,true,768,true,"barbs","barbs",".","."
1924,PASS,416,416,true,1cefdcd4-d992-4bee-b534-5419c9568fa3,true,768,true,"breaking","breaking",""","""
1925,PASS,315,315,true,08bdac56-f81c-4203-932d-9904db3d1de4,true,768,true,"v","v","tusks","tusks"
1926,PASS,495,495,true,df81a238-56ef-4761-8494-c7553e06c955,true,768,true,"and","and",".","."
1927,PASS,548,548,true,bcc18fbf-25d9-41f4-b9ff-f78abd4ccd80,true,768,true,"beset","beset","illustrious","illustrious"
1928,PASS,307,307,true,0af60e9f-e37a-4026-bef8-70d030937efe,true,768,true,"duryodhana","duryodhana",""","""
1929,PASS,305,305,true,c6c836d0-d4a2-49cb-bc0e-7e50532a8e89,true,768,true,"v","v","the","the"
1930,PASS,169,169,true,859044c2-23ca-445b-96cb-3aa154383fcc,true,768,true,"foremost","foremost",""","""
1931,PASS,303,303,true,cd4acdab-bf53-4855-9cb5-ad509e0869b0,true,768,true,"v","v","the","the"
1932,PASS,537,537,true,94820aca-1cf5-4570-b637-746b968f4040,true,768,true,"string","string",".","."
1933,PASS,116,116,true,d7955291-49a4-4d6c-9eb1-94491a817b11,true,768,true,"with","with",""","""
1934,PASS,337,337,true,ffd2ec56-bc49-4a9b-9633-695699cffb99,true,768,true,"v","v","like","like"
1935,PASS,485,485,true,e4628020-7abf-4bd7-b7bb-80185da81134,true,768,true,"one","one","lethal","lethal"
1936,PASS,501,501,true,650a32db-1d1b-493a-a09b-2b98911106b2,true,768,true,"deluge","deluge","the","the"
1937,PASS,390,390,true,4252bd54-e4b5-484c-8db0-ce3d832a8c52,true,768,true,"shoulder","shoulder",""","""
1938,PASS,312,312,true,3ee4637c-89f8-4784-a61b-5db4ebd2c11d,true,768,true,"v","v",".","."
1939,PASS,219,219,true,9be1b1ac-25f9-4b0a-ab24-2422bbf97005,true,768,true,"the","the",""","""
1940,PASS,308,308,true,7fd87007-a1dd-4a95-a37e-d7c90d73112d,true,768,true,""",""",".","."
1941,PASS,412,412,true,69f3d9bd-2bf2-4a07-b3c6-2ec44f210abf,true,768,true,"but","but",""","""
1942,PASS,310,310,true,db89bd4d-4d61-45c7-bb81-216ce8bc7a9e,true,768,true,"v","v","'","'"
1943,PASS,518,518,true,4377ece3-de0a-43f7-85d1-76d017823995,true,768,true,"arjuna","arjuna","'","'"
1944,PASS,322,322,true,41042949-86c1-4c8c-8ac3-d8d2c007bee7,true,768,true,"thus","thus",""","""
1945,PASS,309,309,true,92dd6a59-8ea3-4c6d-97be-0e9056b6a133,true,768,true,"v","v","and","and"
1946,PASS,332,332,true,5e7a0560-d998-4bc5-bd5d-bdc4876576d0,true,768,true,"menacing","menacing",""","""
1947,PASS,229,229,true,971ed1ea-e1cd-4235-aed0-70549b57c701,true,768,true,"v","v",""","""
1948,PASS,286,286,true,476c725f-3124-4f7f-baf6-5ceb9f6dabc2,true,768,true,"v","v","warriors","warriors"
1949,PASS,478,478,true,1e762ba2-324a-4fe1-bc4c-35e4940690c2,true,768,true,"stand","stand","his","his"
1950,PASS,425,425,true,6f4551b1-cc5d-41d8-b1cc-a4d900cac19c,true,768,true,"adversary","adversary",""","""
1951,PASS,296,296,true,df927aca-2798-4839-9e16-8e08ca7904a8,true,768,true,"v","v",".","."
1952,PASS,225,225,true,0261a9fe-8955-4992-a59e-dc52dde4cb36,true,768,true,"when","when",""","""
1953,PASS,292,292,true,4226158d-c94e-4c61-ae7a-f988f7dc9fa9,true,768,true,"v","v","the","the"
1954,PASS,497,497,true,12e0682c-0ee4-487e-94ad-aeb7cd032cab,true,768,true,"earth","earth",".","."
1955,PASS,240,240,true,a4fd4302-16fe-42cb-9d7a-0547acabb59b,true,768,true,"arjuna","arjuna",""","""
1956,PASS,307,307,true,ea5384db-628b-43e3-b5e8-235020b0b5ac,true,768,true,"v","v",""","""
1957,PASS,389,389,true,58c49e1e-2434-4dd0-b4cc-7923b2a758b4,true,768,true,"uttara","uttara",""","""
1958,PASS,303,303,true,51f30146-cf7b-4b0b-9e41-c92a0fe0c0de,true,768,true,"v","v","and","and"
1959,PASS,515,515,true,c0fc0307-97fa-426f-9f11-d1c13e030ae8,true,768,true,"ready","ready","always","always"
1960,PASS,521,521,true,358e8874-ff90-430b-a678-736d3156ab5c,true,768,true,"conscious","conscious","the","the"
1961,PASS,502,502,true,65820a5e-f80b-44d3-9ea4-7636820abf19,true,768,true,"provinces","provinces","the","the"
1962,PASS,112,112,true,ce46f7b9-e7e7-49c0-8641-f63713b42470,true,768,true,"acharya","acharya",""","""
1963,PASS,322,322,true,e09af5e4-640c-4406-a670-30010801b730,true,768,true,""",""","ferocious","ferocious"
1964,PASS,157,157,true,bf663639-5477-4407-9bea-bc2e59bd4a00,true,768,true,"tiger","tiger",""","""
1965,PASS,309,309,true,70e29493-6ed4-4aeb-9b1f-e573129444a5,true,768,true,"v","v","with","with"
1966,PASS,455,455,true,c6f5152e-ab15-43a8-b79f-83736c748558,true,768,true,"foresight","foresight",""","""
1967,PASS,283,283,true,ac20f59a-05cf-41c6-a07d-d1cbc52aaee8,true,768,true,""",""",".","."
1968,PASS,463,463,true,20075500-13fc-47f1-97d6-bd9b36fd6029,true,768,true,"rajan","rajan","'","'"
1969,PASS,345,345,true,2610b50a-c863-4c39-9702-d795e88eed11,true,768,true,"virata","virata",""","""
1970,PASS,331,331,true,9e978b59-b8c7-4fdc-87e3-520bea66e0c1,true,768,true,""",""","and","and"
1971,PASS,449,449,true,997930b1-b580-4609-bf99-391503abf188,true,768,true,"to","to",".","."
1972,PASS,392,392,true,f7632685-be53-4f5e-9671-c36c838f3368,true,768,true,"with","with","parva","parva"
1973,EMPTY_PAGE,0,0,true,,false,,false,"","","",""
1974,PASS,5,5,true,c2050f11-ec10-4d62-84af-98a44a4230ea,true,768,true,"the","the","parva","parva"
1975,EMPTY_PAGE,0,0,true,,false,,false,"","","",""
1976,EMPTY_PAGE,0,0,true,,false,,false,"","","",""
1977,PASS,117,117,true,24c55434-43db-4340-987e-5035bab579e4,true,768,true,"published","published",".","."
1978,PASS,3,3,true,910dcc81-e6ff-4991-96f0-5d55ffe7e63e,true,768,true,"for","for","mother","mother"
1979,PASS,76,76,true,81c4201a-b79a-4035-b030-7b527464599b,true,768,true,"c","c","parva","parva"
1980,PASS,301,301,true,394629f5-dbc5-44ec-b57a-af348c545d59,true,768,true,"a","a","is","is"
1981,PASS,34,34,true,44e37ecd-6ede-43be-a128-f99808b23da0,true,768,true,"very","very","editor","editor"
1982,PASS,46,46,true,7024f929-df10-4ae0-8b5f-1f9e98f62f59,true,768,true,"a","a",".","."
1983,PASS,308,308,true,df3c16a4-4dd8-41d0-afd3-5919955edce2,true,768,true,"a","a","their","their"
1984,PASS,473,473,true,bcae0591-f5bb-4004-bc88-14596d6bcdb9,true,768,true,"attention","attention","are","are"
1985,PASS,147,147,true,d2642b66-5d30-485e-9aaf-6a48a041b9b4,true,768,true,"too","too",""","""
1986,PASS,279,279,true,854cac4e-e1b0-4465-87d8-2dc1c78be6c1,true,768,true,""",""",".","."
1987,PASS,233,233,true,4a1dc00a-e85e-491d-b056-128a34021a64,true,768,true,"while","while",""","""
1988,PASS,296,296,true,ca023ba5-2092-4e0b-b21b-123903719fa1,true,768,true,""",""",",",","
1989,PASS,327,327,true,426b0ae2-d3c7-46ec-9e0b-ef196c3dd61d,true,768,true,"although","although",""","""
1990,PASS,298,298,true,7eed2dc8-4f23-4556-a8bc-fb0fffd1e991,true,768,true,""",""","the","the"
1991,PASS,260,260,true,4d13c767-4a7f-4dad-9cf2-2bb46314deb2,true,768,true,"sakas","sakas",""","""
1992,PASS,312,312,true,59378cdc-3265-4021-a2a6-112864fdb5f5,true,768,true,""",""",".","."
1993,PASS,127,127,true,c52b53be-e9e8-4171-856e-23437e634e98,true,768,true,"virata","virata",""","""
1994,PASS,289,289,true,10db8b33-91c3-405e-b265-030f725cb9d6,true,768,true,""",""",",",","
1995,PASS,289,289,true,8fc3d7f5-8d73-4496-bb82-6d602a3a95c2,true,768,true,"antagonise","antagonise",""","""
1996,PASS,283,283,true,88612eaf-3110-4486-be77-fe9e0cbc1f0a,true,768,true,"v","v","up","up"
1997,PASS,493,493,true,13f8b1d0-a485-45e8-b3be-f4c7ad10fef4,true,768,true,"the","the","to","to"
1998,PASS,202,202,true,c84c23f7-9c71-4de0-af70-15984aa8c78a,true,768,true,"kritavarman","kritavarman",""","""
1999,PASS,284,284,true,0364b8b2-4047-497c-a820-74f3c3d78586,true,768,true,"v","v","and","and"
2000,PASS,482,482,true,c1138b48-7929-4880-a956-eb9e9ccee5fd,true,768,true,"there","there",".","."
2001,PASS,542,542,true,c96e5b1c-f6aa-4715-aa0c-86306161326d,true,768,true,"when","when","will","will"
2002,PASS,189,189,true,4cbee420-41e5-4740-9a8c-fa0c2c359b4a,true,768,true,"point","point",""","""
2003,PASS,264,264,true,e18147bf-a4a1-497e-b28e-4102a9e02cca,true,768,true,""",""",".","."
2004,PASS,508,508,true,97728910-fa31-4415-a4d3-7c6f005694b2,true,768,true,"he","he",""","""
2005,PASS,520,520,true,349f5dbf-8810-49ba-a2ca-f9f9cc8bdd2c,true,768,true,"the","the",",",","
2006,PASS,307,307,true,d76f8826-440b-4d00-b591-621121b93f5f,true,768,true,"who","who",""","""
2007,PASS,294,294,true,aa6f2b39-3521-4ab2-b1df-0a7088fb36d8,true,768,true,""",""",",",","
2008,PASS,538,538,true,922c6775-e2ba-4215-8752-64a8473daf78,true,768,true,"who","who","indra","indra"
2009,PASS,519,519,true,44b1e4fc-2b7b-42d1-bd6b-38c4be27f434,true,768,true,"himself","himself","stricken","stricken"
2010,PASS,78,78,true,3a4ddb34-b8df-460f-987e-aedee0ce38de,true,768,true,"because","because",""","""
2011,PASS,301,301,true,2bb31fc0-c970-43e7-ba3b-16a01fa434ca,true,768,true,""",""",",",","
2012,PASS,346,346,true,7ad353ef-9a70-4bc3-a728-72b5b50faa16,true,768,true,"upon","upon",""","""
2013,PASS,319,319,true,abffd387-570e-455f-83aa-2284199ee4ce,true,768,true,""",""","the","the"
2014,PASS,496,496,true,cbd5c558-f1ea-47d1-8d5a-e58c34b999a8,true,768,true,"lustrous","lustrous","will","will"
2015,PASS,60,60,true,1b7550c3-ece1-462d-b9e6-3a83cdfd9caf,true,768,true,"fail","fail",""","""
2016,PASS,313,313,true,3d7c68c6-8ed8-4133-a364-d979670ba6e2,true,768,true,""",""",""","""
2017,PASS,379,379,true,249a1b17-4f34-4b51-87ef-65e155c0c748,true,768,true,"vishnu","vishnu",""","""
2018,PASS,293,293,true,4ced245f-e620-492b-a752-6acf0d242ff0,true,768,true,""",""","and","and"
2019,PASS,180,180,true,292a0169-d679-4274-b562-36a2ee7298a5,true,768,true,"upasruti","upasruti",""","""
2020,PASS,330,330,true,e82a90a6-b06a-4354-bc39-f013859a76f2,true,768,true,""",""","exalted","exalted"
2021,PASS,525,525,true,8f74fc79-0132-4588-8501-1a8583bddcca,true,768,true,"rishis","rishis","o","o"
2022,PASS,105,105,true,959c4a77-62c2-430a-b3ae-8bc431679e27,true,768,true,"brahmana","brahmana",""","""
2023,PASS,289,289,true,0e06299c-249e-40e7-9348-f97ddaeb20d6,true,768,true,""",""",""","""
2024,PASS,476,476,true,c21fa309-c795-4ad0-be23-e4f8964a4b08,true,768,true,"then","then",".","."
2025,PASS,328,328,true,f8ac5e82-16d2-45e6-84a4-e6fd4537bc1f,true,768,true,"may","may",""","""
2026,PASS,289,289,true,11f1f05a-0700-40e3-b026-486e0d72f00f,true,768,true,""",""","that","that"
2027,PASS,324,324,true,62fcce8d-3d31-4c75-a041-786da640f15e,true,768,true,"the","the",""","""
2028,PASS,288,288,true,4c13c87b-c8ad-4c0d-a5cf-18d9e1dbe8c3,true,768,true,""",""","the","the"
2029,PASS,323,323,true,50ad5e1a-01e9-4d78-86fe-d6c5eecfde4f,true,768,true,"arrogant","arrogant",""","""
2030,PASS,292,292,true,712fe143-e79a-4187-9a89-56d99b43ebba,true,768,true,"v","v",",",","
2031,PASS,458,458,true,8762c0eb-6475-40fb-9b00-edb768e4b1d4,true,768,true,"accompanied","accompanied","kaurava","kaurava"
2032,PASS,20,20,true,42ff9d57-a40e-418a-9fe1-13d19418e23a,true,768,true,"army","army",""","""
2033,PASS,308,308,true,b6a15883-1924-4121-bc0e-e1810fa915f2,true,768,true,"v","v",".","."
2034,PASS,366,366,true,06bdc607-06dd-41d5-afb3-9ff7ba0bf4b6,true,768,true,"for","for",""","""
2035,PASS,291,291,true,d1aad044-8d31-4a0c-ab1d-ea9b790fe408,true,768,true,"v","v","thirteen","thirteen"
2036,PASS,300,300,true,310a8dd5-3886-42b1-adf1-b833d81ea4c7,true,768,true,"years","years",""","""
2037,PASS,300,300,true,d9703b20-1e01-4aac-9ee3-f83cc3d871bc,true,768,true,""",""",".","."
2038,PASS,518,518,true,f75eed89-2612-451e-bceb-e4b49f6b9f32,true,768,true,"the","the","to","to"
2039,PASS,494,494,true,303d415a-92bf-4b01-95ab-f78d0d593245,true,768,true,"regain","regain",".","."
2040,PASS,307,307,true,32d601cf-65cb-424f-82fd-19aac42ce776,true,768,true,"pandu","pandu",""","""
2041,PASS,332,332,true,ae0a159f-9f71-4a59-960d-962c648b6b6d,true,768,true,"v","v",",",","
2042,PASS,507,507,true,97987877-f5f0-48dc-8715-7fc87350a771,true,768,true,"and","and","in","in"
2043,PASS,151,151,true,a705767c-4251-42c5-b546-5b32833ce92a,true,768,true,"dantakura","dantakura",""","""
2044,PASS,298,298,true,86eb6f83-be08-4e73-9508-f6654e07c1f0,true,768,true,""",""","all","all"
2045,PASS,79,79,true,55518129-fcf9-4c88-b64a-96e3a7ddf4b4,true,768,true,"that","that",""","""
2046,PASS,284,284,true,de362149-af99-4c92-a250-3c4fa91e2b86,true,768,true,""",""",".","."
2047,PASS,329,329,true,34695484-cd39-43ef-ba40-f136bc5d87b4,true,768,true,"the","the",""","""
2048,PASS,306,306,true,85cb5c21-755b-4da2-a22b-7e731a4994f9,true,768,true,""",""","enjoy","enjoy"
2049,PASS,506,506,true,3dbdde8e-408e-439f-a961-22e28aacc200,true,768,true,"wearing","wearing",".","."
2050,PASS,300,300,true,22a1e1d7-1f09-4ccb-a91d-14e42e9832c9,true,768,true,"when","when",""","""
2051,PASS,292,292,true,59e772e9-4e7b-4717-8a55-e3af02bd86b4,true,768,true,""",""","a","a"
2052,PASS,514,514,true,6bf98d21-5101-4cf1-861f-bff8d72a4721,true,768,true,"man","man","crushed","crushed"
2053,PASS,349,349,true,476077d5-886c-4b04-ac94-427383d5ce32,true,768,true,"duryodhana","duryodhana",""","""
2054,PASS,311,311,true,77b694f0-9787-4cea-b366-9507cb785135,true,768,true,""",""",".","."
2055,PASS,388,388,true,f7bcdb1e-e963-4403-82c2-3eae0ff5e835,true,768,true,"for","for",""","""
2056,PASS,278,278,true,f976cffd-f2a5-4709-9e38-95612b4eb66b,true,768,true,""",""","is","is"
2057,PASS,479,479,true,7225727f-f983-4389-87f7-d2d3b9cd9bd3,true,768,true,"something","something",".","."
2058,PASS,506,506,true,3d2bac05-4c4e-46d6-8265-87ee66787d8f,true,768,true,"if","if","one","one"
2059,PASS,527,527,true,2d972441-eca4-4633-86cf-93b91b17f096,true,768,true,"who","who",",",","
2060,PASS,479,479,true,de9aa3ac-e020-45e1-8bb2-b977e6732ac6,true,768,true,"and","and",""","""
2061,PASS,333,333,true,d9985c1e-639e-4421-b026-3e2cfa365bb9,true,768,true,""",""","go","go"
2062,PASS,511,511,true,16cf3e50-3e4a-4cb1-a95d-16de90df644e,true,768,true,"to","to","brought","brought"
2063,PASS,521,521,true,60aa7f7f-f434-48a4-9fdc-ba456b26b826,true,768,true,"together","together",""","""
2064,PASS,493,493,true,0d102a75-635e-4862-9952-903b40c6de12,true,768,true,"then","then",""","""
2065,PASS,272,272,true,484926e1-61c1-4310-a3f6-76da9118274c,true,768,true,""",""",""","""
2066,PASS,367,367,true,6eea51c6-0363-4622-ac4c-ecfbd983655a,true,768,true,"then","then",".","."
2067,PASS,296,296,true,cbc7ea5c-46ab-42c9-9752-d4e170f221e0,true,768,true,"v","v","'","'"
2068,PASS,511,511,true,3be494ae-d735-4c23-bd25-058d7dc1ff12,true,768,true,"dhritarashtra","dhritarashtra","race","race"
2069,PASS,466,466,true,51801c70-cc7a-4cf7-8c35-e27d117b22db,true,768,true,"of","of",""","""
2070,PASS,286,286,true,936df06a-4f02-49f9-b0ce-d580a468f7d9,true,768,true,"v","v","the","the"
2071,PASS,520,520,true,277203f1-c001-49d0-825e-7921c201ea81,true,768,true,"pandavas","pandavas","even","even"
2072,PASS,473,473,true,7ced908b-a671-4845-80f6-e650c83f5cbe,true,768,true,"in","in",".","."
2073,PASS,488,488,true,2a3e0093-8511-4afc-a1e8-f823181388b6,true,768,true,"but","but","like","like"
2074,PASS,514,514,true,d0d52d15-4186-4faa-bfb7-36a2d71a9cba,true,768,true,"sharp","sharp",",",","
2075,PASS,477,477,true,c251938d-082a-43c8-bc59-c81a5a90253e,true,768,true,"fetch","fetch","or","or"
2076,PASS,463,463,true,d0abe120-95df-49f5-8633-0e882ef08d62,true,768,true,"suffers","suffers","invite","invite"
2077,PASS,482,482,true,1a7e5de1-e569-4fe4-96e3-6bbca2ce9797,true,768,true,"hostilities","hostilities",",",","
2078,PASS,231,231,true,b8bba7d9-0dbc-43f5-be8c-3a2d8c703119,true,768,true,"gives","gives",""","""
2079,PASS,324,324,true,d507b26b-f3ca-4698-9f5c-435cea12e205,true,768,true,""",""","the","the"
2080,PASS,525,525,true,c326d8dc-c845-43fd-86cf-f6cd03d1775c,true,768,true,"other","other","be","be"
2081,PASS,414,414,true,21966d5d-9d9c-4efd-81f1-36f2aaadca30,true,768,true,"avoided","avoided",""","""
2082,PASS,265,265,true,1f40a37a-5938-4ab2-a206-e436f199a24b,true,768,true,""",""",""","""
2083,PASS,502,502,true,3695be59-7217-4bfb-8107-265833cc905b,true,768,true,"kesini","kesini",""","""
2084,PASS,528,528,true,cd6f5c5f-643b-4dea-94a4-5647236711a4,true,768,true,"prahlada","prahlada","by","by"
2085,PASS,505,505,true,7cf184a5-f61d-4ee3-a948-44a61dd9779b,true,768,true,"taking","taking",".","."
2086,PASS,482,482,true,f086b0e0-24a4-4376-a6e7-9861d7122286,true,768,true,"of","of","a","a"
2087,PASS,240,240,true,9f8ad3eb-01f5-4952-921d-7adc15f62f73,true,768,true,"man","man",""","""
2088,PASS,307,307,true,ef6ea40d-b0db-47e5-9368-13860d23a9e3,true,768,true,""",""","he","he"
2089,PASS,536,536,true,c51a9c6a-2d82-4821-92f5-20d0ea108b42,true,768,true,"sears","sears","an","an"
2090,PASS,521,521,true,849a9e86-844b-4944-9ec7-6ffab49c983f,true,768,true,"affinity","affinity","success","success"
2091,PASS,511,511,true,b796f564-b408-4ab7-98fc-2af0227459fd,true,768,true,"forsakes","forsakes",".","."
2092,PASS,501,501,true,c653c48b-a3df-4977-8e4c-93edbadd74ec,true,768,true,"as","as",".","."
2093,PASS,82,82,true,358ff6f0-1786-4372-9abe-2d23bb838b20,true,768,true,"rajan","rajan",""","""
2094,PASS,325,325,true,afee537a-74f8-4f8a-9785-9a49ed3ed919,true,768,true,""",""","deceitfully","deceitfully"
2095,PASS,525,525,true,12210190-75ff-44a9-a8e5-234b98df83f8,true,768,true,"with","with",",",","
2096,PASS,497,497,true,2e987dc2-4e01-42ed-8d42-843b1c3d74e6,true,768,true,"however","however",".","."
2097,PASS,528,528,true,0333d291-78c8-446f-a675-0b87b76ad446,true,768,true,"eight","eight",".","."
2098,PASS,528,528,true,1cad3bbf-cbd0-461c-8b12-ed0e55e5b41d,true,768,true,"your","your",".","."
2099,PASS,75,75,true,57227463-d9e4-4f0a-9502-3440402f4397,true,768,true,"o","o",""","""
2100,PASS,304,304,true,aea07095-3614-47e2-8e6d-98c39cc3fdba,true,768,true,""",""","pleasant","pleasant"
2101,PASS,471,471,true,56038ec1-057d-4b8c-824e-eb05ffd90fee,true,768,true,"and","and",".","."
2102,PASS,478,478,true,5b30342a-952c-4d96-8a90-6a772f2b0773,true,768,true,"rajan","rajan","in","in"
2103,PASS,352,352,true,0f3b778f-6a65-4e39-9e8a-7eae21565651,true,768,true,"their","their",""","""
2104,PASS,284,284,true,50d6c618-c850-4b6d-b229-746e33b8fb96,true,768,true,""",""","'","'"
2105,PASS,486,486,true,aed07600-2ff1-4b8e-b8ea-88897d0ec8a3,true,768,true,"dhritarashtra","dhritarashtra",".","."
2106,PASS,490,490,true,1b711680-de22-4d8b-95ee-07692a5b0c3d,true,768,true,"o","o",".","."
2107,PASS,526,526,true,e3aa11aa-9242-496a-8b06-664f8639f0cc,true,768,true,"the","the",".","."
2108,PASS,500,500,true,4bb6f473-af48-4283-a5a7-3659dd2b0a23,true,768,true,"perseverance","perseverance",",",","
2109,PASS,476,476,true,3e741c8d-edfe-40b2-9c37-e693a04a542a,true,768,true,"roots","roots",""","""
2110,PASS,258,258,true,2f595877-eea2-4c74-bce6-521fe595163b,true,768,true,""",""",".","."
2111,PASS,534,534,true,8809b6b4-fa1e-48c0-86e5-cbf552012ff7,true,768,true,"hope","hope",".","."
2112,PASS,365,365,true,3a8749e2-5abf-408c-a394-7a0e2e8870cb,true,768,true,"the","the",""","""
2113,PASS,300,300,true,c77c13b6-c6d8-4889-929a-ea10931db98a,true,768,true,""",""","his","his"
2114,PASS,49,49,true,f6da9438-b996-46b7-b1c3-cdbb65243b3e,true,768,true,"sorrow","sorrow",""","""
2115,PASS,291,291,true,4f61d25a-844e-4b74-b3d3-b4cc6a8b72c2,true,768,true,""",""","his","his"
2116,PASS,479,479,true,abdd5f62-c0e8-4656-9662-2d8d93fb9d8f,true,768,true,"command","command",".","."
2117,PASS,486,486,true,b884996b-71b5-438d-b6cb-108e838bc299,true,768,true,"your","your",".","."
2118,PASS,508,508,true,eaabed8b-2dc5-465e-bd5c-88b9afad93b5,true,768,true,"after","after","the","the"
2119,PASS,322,322,true,1a068a17-13c1-471d-bd51-31feac141c65,true,768,true,"brahman","brahman",""","""
2120,PASS,307,307,true,bf7d997b-67a3-4ef9-8807-ada04654b12f,true,768,true,""",""","prescribed","prescribed"
2121,PASS,518,518,true,48a833c8-f42f-4bc2-a413-3428d327ab9d,true,768,true,"for","for","of","of"
2122,PASS,505,505,true,80fec1e5-3699-488d-852a-b65086ce242b,true,768,true,"others","others","that","that"
2123,PASS,534,534,true,8f78383e-07e5-432c-baf2-40ea1ca39332,true,768,true,"the","the",".","."
2124,PASS,490,490,true,2cd1b157-79d9-498e-8f81-e33a952c8366,true,768,true,"know","know",".","."
2125,PASS,176,176,true,296e7b72-c42c-4932-bdf7-f39a456ba3ae,true,768,true,"completely","completely",""","""
2126,PASS,265,265,true,8f823093-e628-453a-b55e-bec801090fb7,true,768,true,""",""","'","'"
2127,PASS,467,467,true,679c93b6-a60e-482d-9587-91683803d61f,true,768,true,"dhritarashtra","dhritarashtra",".","."
2128,PASS,517,517,true,3cfdfad6-3a23-4e4a-924d-ab764f4ab131,true,768,true,"learned","learned","the","the"
2129,PASS,137,137,true,3383625f-6d14-4ef8-a376-cef0e9dd47f0,true,768,true,"limited","limited",""","""
2130,PASS,294,294,true,dc6fb9e4-92d4-423b-a2e5-07fd2a79610d,true,768,true,""",""","not","not"
2131,PASS,501,501,true,8fa5288e-8789-48fc-909a-46971e416c16,true,768,true,"proper","proper","countless","countless"
2132,PASS,94,94,true,c5a98a74-04de-4814-bc0d-ebac2bfa7eb4,true,768,true,"homas","homas",""","""
2133,PASS,320,320,true,d09349ff-3d7a-441c-8820-9da43a4135e5,true,768,true,""",""","the","the"
2134,PASS,515,515,true,bc3cbf55-d1d3-4530-a23c-25297c638de0,true,768,true,"horses","horses","leg","leg"
2135,PASS,497,497,true,dc4c4801-ae78-41f5-9867-974108bf6990,true,768,true,"deep","deep","brahman","brahman"
2136,PASS,533,533,true,00f8a164-4860-4563-aa0f-fd2c9e03dedd,true,768,true,"may","may",".","."
2137,PASS,42,42,true,47aa219c-f944-479c-80f0-de2c2619342e,true,768,true,"subtler","subtler",""","""
2138,PASS,272,272,true,6cb97e2d-ccc0-4037-b8e4-dea8383da288,true,768,true,"v","v",".","."
2139,PASS,156,156,true,f99888ef-04fa-479d-8a3a-517bdd523d13,true,768,true,"once","once",""","""
2140,PASS,314,314,true,62ed47e0-9741-4566-80e5-75175c019d2e,true,768,true,""",""","the","the"
2141,PASS,517,517,true,50cc87bc-d5fb-4782-a245-131858f58cef,true,768,true,"infallible","infallible","vast","vast"
2142,PASS,478,478,true,50c35d0a-05af-49cc-a589-1476bdb772be,true,768,true,"army","army","and","and"
2143,PASS,492,492,true,32e0aa38-f713-4af7-97d6-ff6e6bf3e27e,true,768,true,"eager","eager",".","."
2144,PASS,482,482,true,59318cbe-91ea-40d5-8a6d-a2fa7af48bdc,true,768,true,"when","when","agni","agni"
2145,PASS,533,533,true,b0358f59-5c09-48f4-ba31-31c91640a2ff,true,768,true,"consumes","consumes","gave","gave"
2146,PASS,534,534,true,34574c85-052e-48b9-9064-3a3cd0e9ea70,true,768,true,"ugrasena","ugrasena","would","would"
2147,PASS,544,544,true,d1d70abd-7e4a-467d-8407-a66cefde6ba5,true,768,true,"cease","cease","those","those"
2148,PASS,104,104,true,bef7f768-ba66-4d43-8bcf-095351238a6e,true,768,true,"kings","kings",""","""
2149,PASS,300,300,true,d92cfa6a-3def-4f6a-8eaf-f359b66847fc,true,768,true,"v","v",",",","
2150,PASS,530,530,true,ab53233e-b22b-4381-849e-ec2dc8eb11e8,true,768,true,"and","and","the","the"
2151,PASS,394,394,true,effdced0-3854-4c10-be3c-82ff039d1572,true,768,true,"pandavas","pandavas",""","""
2152,PASS,263,263,true,fd56b135-ac4c-4d52-8762-76f478c1866b,true,768,true,""",""","'","'"
2153,PASS,508,508,true,a20db37c-5c92-4d3c-bb5d-4d57b39233b5,true,768,true,"with","with",",",","
2154,PASS,505,505,true,43cf5b5e-aacd-4766-bfd6-ed39c1c2f7dd,true,768,true,"this","this",".","."
2155,PASS,84,84,true,7b2babc2-3aee-4efa-aa40-b66158352bd0,true,768,true,"jarasandha","jarasandha",""","""
2156,PASS,326,326,true,0a863af3-9efb-4f70-a32a-5c66548f83c4,true,768,true,""",""","superior","superior"
2157,PASS,543,543,true,5cadfd24-6453-4dcb-9f11-982ddee1bbb6,true,768,true,"strength","strength",",",","
2158,PASS,519,519,true,1c09b158-d388-4cd0-a5fa-7d7de83d99d3,true,768,true,"matching","matching",".","."
2159,PASS,367,367,true,f767b211-785b-48c5-bfc6-5a4dac36b98f,true,768,true,"child","child",""","""
2160,PASS,279,279,true,f392412b-bdaa-4f1b-84b2-9b985a7a447d,true,768,true,""",""",".","."
2161,PASS,311,311,true,e9bd9489-dc89-4660-b744-9dfb02c2c04c,true,768,true,"thirty","thirty",""","""
2162,PASS,298,298,true,8494e502-b448-428e-ab63-fb3bb725c5bf,true,768,true,""",""","blessed","blessed"
2163,PASS,219,219,true,3d31c81c-dddf-4a44-b97e-be1cf544c973,true,768,true,"with","with",""","""
2164,PASS,292,292,true,e4d232ce-4b59-4a94-b304-6375dd8ebea8,true,768,true,""",""",".","."
2165,PASS,361,361,true,c633fe66-bebb-4431-b7e8-43b0e8880405,true,768,true,"in","in",""","""
2166,PASS,292,292,true,21af532e-8d54-438e-b653-ae1eb3f02f69,true,768,true,""",""",".","."
2167,PASS,533,533,true,103eb10f-63d1-46ff-885d-c72d6393ba2e,true,768,true,"the","the","waiting","waiting"
2168,PASS,534,534,true,5eda4994-3983-40d0-b95d-027dec2f592c,true,768,true,"humbly","humbly","to","to"
2169,PASS,355,355,true,ea321e09-a5e4-4c1f-a1d6-685e43af24d5,true,768,true,"please","please",""","""
2170,PASS,292,292,true,dd783292-eb2b-4cd1-a762-931aee60764a,true,768,true,""",""",".","."
2171,PASS,293,293,true,fb30be11-5e9e-4be8-9180-b194d307fe78,true,768,true,"tvashtri","tvashtri",""","""
2172,PASS,296,296,true,4d4640e0-9163-49da-b997-f6e553aa6b36,true,768,true,""",""",".","."
2173,PASS,503,503,true,31192c29-e596-4ecb-80a1-cadaf7ae4d07,true,768,true,"o","o",",",","
2174,PASS,504,504,true,13dbee41-6d2b-4363-9b2b-8444c2eb586f,true,768,true,"virata","virata","kill","kill"
2175,PASS,280,280,true,71a94237-0ba6-4a0f-90a2-88606b8e1db0,true,768,true,"the","the",""","""
2176,PASS,296,296,true,679040f5-8a29-4b6c-9d8a-ac82292d35ac,true,768,true,""",""","in","in"
2177,PASS,526,526,true,391d5326-c944-4889-965f-b85b41573ea3,true,768,true,"our","our","and","and"
2178,PASS,59,59,true,064e6331-121d-4a2c-ba99-9f339a27269d,true,768,true,"rest","rest",""","""
2179,PASS,300,300,true,6078a7cb-5378-43eb-9fd7-634d762230ef,true,768,true,""",""","not","not"
2180,PASS,501,501,true,d5413491-1b3a-4fdf-b5e6-6fd3e1b5bd5b,true,768,true,"realise","realise",""","""
2181,PASS,292,292,true,69f0a1c9-9ee8-4a63-9730-8c5cca05acd7,true,768,true,"v","v","when","when"
2182,PASS,334,334,true,1a24fdb0-cbfe-4e19-aeaa-080916ab06f9,true,768,true,"they","they",""","""
2183,PASS,315,315,true,2dd80376-ea75-4a35-b754-4a479d07f56a,true,768,true,"v","v",".","."
2184,PASS,367,367,true,9d9c5fdd-5134-4089-a719-f48f2951374a,true,768,true,"it","it",".","."
2185,PASS,313,313,true,2776ec99-702b-455c-ad59-1de47e53bf35,true,768,true,"v","v",".","."
2186,PASS,332,332,true,abbe640e-4118-496b-ad3c-3a574a73ecd0,true,768,true,"you","you",""","""
2187,PASS,328,328,true,5d907a65-4160-4d06-9c80-4e3419851690,true,768,true,""",""","holy","holy"
2188,PASS,430,430,true,8db1fdf9-8606-46a4-89a1-3ddd2db5d9cc,true,768,true,"attribute","attribute",""","""
2189,PASS,299,299,true,e96a584d-8fc0-482e-9d50-f350510cca07,true,768,true,""",""",",",","
2190,PASS,389,389,true,5dc79fe3-7e0b-4842-a46b-c188cb052d28,true,768,true,"always","always",""","""
2191,PASS,298,298,true,c6632edb-5300-4202-869a-5afce3c0a493,true,768,true,""",""",".","."
2192,PASS,168,168,true,28699e58-7762-4596-b7ad-d280cc28cfcc,true,768,true,"listen","listen",""","""
2193,PASS,278,278,true,63956153-d85c-43b8-81ef-b883c642fb88,true,768,true,"v","v",".","."
2194,PASS,176,176,true,6d380141-9428-4da3-910d-46b34db56b65,true,768,true,"he","he",""","""
2195,PASS,287,287,true,1df9c15c-624e-4dcb-b98b-c4a301d4f6c1,true,768,true,"v","v",""","""
2196,PASS,314,314,true,a5fd93ef-caa1-464b-8311-cedc0733903f,true,768,true,""",""",",",","
2197,PASS,102,102,true,4cf42531-0b1b-4da0-a8c5-41ddac4d6b27,true,768,true,"who","who",""","""
2198,PASS,285,285,true,5a0efb8c-061f-4d14-9c94-46173bd9a75c,true,768,true,""",""","'","'"
2199,PASS,460,460,true,b025a78d-20bb-4e5c-a4c0-dbc46b2566cc,true,768,true,"dhritarashtra","dhritarashtra",""","""
2200,PASS,272,272,true,544b542f-77eb-4a93-a03e-e7a04c0fdf16,true,768,true,""",""","the","the"
2201,PASS,291,291,true,9de0e3e3-2153-466d-b2a3-796cfff08abc,true,768,true,"vedas","vedas",""","""
2202,PASS,288,288,true,0ec460c0-031c-44fe-ae94-9337eb03fdae,true,768,true,""",""",""","""
2203,PASS,292,292,true,2c0b0479-ccf4-4f84-b6cc-3bfafa0c4058,true,768,true,"j","j","peace","peace"
2204,PASS,509,509,true,829e8f2f-c236-4e70-ac55-6f789c88315f,true,768,true,"with","with","their","their"
2205,PASS,513,513,true,fdef9450-7066-4442-ad7e-120a98abfcea,true,768,true,"enemies","enemies","are","are"
2206,PASS,515,515,true,2e4d3e9d-6271-43ea-a8d3-d6401198dbca,true,768,true,"born","born",".","."
2207,PASS,545,545,true,163734b3-7b47-48d1-9241-e93f91ffaa13,true,768,true,"confidence","confidence","not","not"
2208,PASS,267,267,true,0540656a-d66a-49bf-94fa-a7b2cf780319,true,768,true,"sovereignty","sovereignty",""","""
2209,PASS,295,295,true,69cada0c-0db6-4dd1-a9c9-d3b54a50f4e5,true,768,true,""",""","of","of"
2210,PASS,540,540,true,879cc020-3059-4eff-bddc-a50544abd06b,true,768,true,"pitamaha","pitamaha","one","one"
2211,PASS,202,202,true,aee000ee-02dd-47ce-b010-49dd443d0871,true,768,true,"will","will",""","""
2212,PASS,318,318,true,9224daff-2843-4dfa-b262-2bc1cddf708b,true,768,true,""",""",".","."
2213,PASS,338,338,true,d9aab30c-b862-4dd9-aee5-3be438615cb0,true,768,true,"o","o",".","."
2214,PASS,290,290,true,42c465e5-e723-41d8-9a49-fcbba094b8f4,true,768,true,"v","v","eyes","eyes"
2215,PASS,342,342,true,ee46e346-1ae5-4679-afde-9d4098a3d1cd,true,768,true,"shut","shut",""","""
2216,PASS,313,313,true,30ad2872-468e-4a51-8a58-727d2955396a,true,768,true,"v","v","i","i"
2217,PASS,196,196,true,3a6400a8-ed36-44e4-819d-1ef04ab76aaa,true,768,true,"vanquished","vanquished",""","""
2218,PASS,316,316,true,862619e8-0a30-4c5e-a6ca-46bbdc60a601,true,768,true,""",""","a","a"
2219,PASS,283,283,true,697584ef-9087-454f-875c-9ce832d4e95d,true,768,true,"result","result",""","""
2220,PASS,317,317,true,bd6cd5d2-7245-48f8-b1e6-e0490c737903,true,768,true,""",""","duryodhana","duryodhana"
2221,PASS,164,164,true,b2bf6292-994e-4f80-b14b-6b1628fe8d43,true,768,true,"defeated","defeated",""","""
2222,PASS,312,312,true,563694e0-c127-437f-a5e0-0ab423ca3578,true,768,true,""",""","your","your"
2223,PASS,223,223,true,a7852f05-caeb-4b35-9ff3-5db530df8014,true,768,true,"kingdom","kingdom",""","""
2224,PASS,296,296,true,dae464de-aa65-41f6-8d13-0f971656087e,true,768,true,""",""",".","."
2225,PASS,149,149,true,826f5ddd-aed2-432a-94cd-ccdfd5c3ea34,true,768,true,"what","what",""","""
2226,PASS,225,225,true,66e8055c-5cd7-488d-9c5d-bdb358c7bd75,true,768,true,""",""",""","""
2227,PASS,277,277,true,ac53c016-fcb0-49d3-a8d3-a89df7b99549,true,768,true,""",""","best","best"
2228,PASS,542,542,true,d5a626b5-651d-48a0-91fd-4cd78fe18a7b,true,768,true,"course","course","'","'"
2229,PASS,434,434,true,89419150-b1f0-4688-bd4d-b33eeed731fb,true,768,true,"the","the",""","""
2230,PASS,316,316,true,4186078e-710e-4573-bced-4b8a34693bf2,true,768,true,""",""",".","."
2231,PASS,523,523,true,98de3433-7672-4c1f-820e-edcf26968a7f,true,768,true,"he","he","these","these"
2232,PASS,521,521,true,3238f4e1-5fec-4d20-a83e-7c49ad4434fb,true,768,true,"kshatriyas","kshatriyas",",",","
2233,PASS,458,458,true,b31bb28d-01f7-46bb-9786-c865c025ba98,true,768,true,"dhritarashtra","dhritarashtra",""","""
2234,PASS,282,282,true,1154e50b-1979-4b2c-bbb0-4f224a7681a7,true,768,true,"v","v",",",","
2235,PASS,436,436,true,66f176a8-d537-42ea-bd84-f5e76be2db42,true,768,true,"roaring","roaring",""","""
2236,PASS,293,293,true,ad6a233f-b47e-47e7-ae66-b7fc3a5a3170,true,768,true,"v","v","'","'"
2237,PASS,137,137,true,bd14ce2e-fe33-4e5a-82fb-e5e0373cc857,true,768,true,"bhishma","bhishma",""","""
2238,PASS,326,326,true,59c1c8db-97e0-47d0-99dd-74b3f88494b3,true,768,true,""",""",",",","
2239,PASS,168,168,true,9cd65457-849e-4652-aa0b-5690367c2cd9,true,768,true,"eight","eight",""","""
2240,PASS,322,322,true,70faf141-802e-4532-9855-3e1a1dc7c473,true,768,true,""",""",".","."
2241,PASS,154,154,true,0a181493-0fd6-44e7-b3fa-7441148f91d2,true,768,true,"krishna","krishna",""","""
2242,PASS,319,319,true,fa14a6f9-8f5e-438d-8c0b-76f5e1dab030,true,768,true,""",""",",",","
2243,PASS,194,194,true,6e14fe08-a299-4563-ab25-25f1871d4434,true,768,true,"will","will",""","""
2244,PASS,294,294,true,9c325e7c-b8e4-48ca-82c9-180436b04517,true,768,true,"v","v","blind","blind"
2245,PASS,316,316,true,ae22ddf7-4c21-4d65-bb42-6b27b0927691,true,768,true,"king","king",""","""
2246,PASS,301,301,true,d4d403df-2a50-4b8a-9469-55a44cd2eb08,true,768,true,"v","v","in","in"
2247,PASS,534,534,true,7ed888b7-976f-448d-a07a-9d20f552379d,true,768,true,"the","the","his","his"
2248,PASS,538,538,true,21ab89e4-ce68-4e58-a50b-3cd4af21f7bc,true,768,true,"strength","strength",".","."
2249,PASS,511,511,true,a069a348-c3e5-481b-a9dd-788db51073c2,true,768,true,"whenever","whenever","illustrious","illustrious"
2250,PASS,520,520,true,4870dc53-25d0-4eb0-9221-71d6bafc92c4,true,768,true,"kuntibhoja","kuntibhoja","kuru","kuru"
2251,PASS,488,488,true,b71ce63d-5254-486a-af2e-ffc03f2c1744,true,768,true,"kings","kings",".","."
2252,PASS,190,190,true,0074abf8-503f-48f5-a9c9-0ee7759888f7,true,768,true,"the","the",""","""
2253,PASS,277,277,true,367df9c3-b4e3-47e2-b063-6b580c91374c,true,768,true,"v","v",".","."
2254,PASS,522,522,true,e8e8904f-a619-4c65-af4c-e75cecf24f5c,true,768,true,"duryodhana","duryodhana","your","your"
2255,PASS,199,199,true,78a08c4c-29bd-4cea-bfec-72ab11a34c8a,true,768,true,"vileness","vileness",""","""
2256,PASS,310,310,true,19b78064-ad33-41ec-af0d-50a598f8807a,true,768,true,"v","v",".","."
2257,PASS,523,523,true,a6804332-c343-4329-bc93-e11b48b271dc,true,768,true,"krishna","krishna","how","how"
2258,PASS,24,24,true,bfe39d2c-010a-44e9-a4ae-f459a1b71f0b,true,768,true,"delighted","delighted",""","""
2259,PASS,327,327,true,add7cc43-22ff-4b12-9147-78a291e03674,true,768,true,""",""","his","his"
2260,PASS,342,342,true,f6553574-badb-4a54-a39b-9a1e5266e497,true,768,true,"utmost","utmost",""","""
2261,PASS,289,289,true,cdd064ae-b107-4ca7-9499-d62b0ba1e840,true,768,true,"v","v","jewel","jewel"
2262,PASS,492,492,true,4a3f3cec-b782-4304-9162-364d90b5fe74,true,768,true,"kaustubha","kaustubha","throne","throne"
2263,PASS,378,378,true,a6b35f65-dc74-4fb7-b9d7-cad11f02cd1f,true,768,true,"that","that",""","""
2264,PASS,290,290,true,ca871d0a-6abd-4144-8110-c611d7793358,true,768,true,"v","v","result","result"
2265,PASS,530,530,true,116af1f6-cfe1-4d43-b8cf-c21fecb7b16d,true,768,true,"in","in","the","the"
2266,PASS,516,516,true,cc2479ac-3882-4aab-96e4-2e4a05bbea6d,true,768,true,"people","people",".","."
2267,PASS,436,436,true,5c98158f-17b9-4421-9aa9-fc1c382ecd98,true,768,true,"indeed","indeed",""","""
2268,PASS,293,293,true,c2babef2-e44b-4bb2-ba45-c7c1656eee70,true,768,true,"v","v",""","""
2269,PASS,466,466,true,309f3c21-be62-4487-a01d-caf29a352864,true,768,true,"the","the",""","""
2270,PASS,524,524,true,ffd89949-cc3c-4a21-9967-c3f9fe6a6fb3,true,768,true,"and","and","vanquish","vanquish"
2271,PASS,165,165,true,525694bb-c6f8-4826-9518-9cb9172b15da,true,768,true,"that","that",""","""
2272,PASS,282,282,true,a507bd5b-c478-4349-b16b-72066b69d71c,true,768,true,"v","v",".","."
2273,PASS,304,304,true,8d73641d-82b0-4907-a9e1-7ee84e329a07,true,768,true,"there","there",""","""
2274,PASS,318,318,true,362faf4b-7798-4f8c-bdb8-56676fa615a0,true,768,true,""",""",".","."
2275,PASS,367,367,true,6993f2de-0774-48bc-b0dd-940c5206e3e7,true,768,true,"matali","matali",""","""
2276,PASS,320,320,true,89158ef1-2318-41eb-8c07-68dee3ce5599,true,768,true,""",""","is","is"
2277,PASS,302,302,true,de9105ea-7c2d-40f1-89ad-578c149dd6d1,true,768,true,"here","here",""","""
2278,PASS,301,301,true,a04953ec-bdbc-4dc1-86ed-893889ce9f59,true,768,true,""",""","and","and"
2279,PASS,223,223,true,9c92c04b-70fb-493e-93c2-e516b61d7a1e,true,768,true,"they","they",""","""
2280,PASS,290,290,true,b9f5b3e6-b113-4788-9468-7fae974f1d97,true,768,true,""",""",",",","
2281,PASS,112,112,true,a59afd8c-6494-496e-b936-902f46eff217,true,768,true,"kumuda","kumuda",""","""
2282,PASS,301,301,true,bad53aa1-4877-46c2-9f8c-629eabd4693b,true,768,true,""",""","devi","devi"
2283,PASS,124,124,true,ea507062-7958-4196-a894-3009bcf5c9eb,true,768,true,"lakshmi","lakshmi",""","""
2284,PASS,302,302,true,79e4e614-286f-4885-bf49-d0a222ab622b,true,768,true,""",""",",",","
2285,PASS,325,325,true,6d69e34d-ac12-47c9-94cb-e56d87cf4e01,true,768,true,"mudgaraparnaka","mudgaraparnaka",""","""
2286,PASS,288,288,true,38dd616e-e193-4ce2-8e83-545d5ed17438,true,768,true,""",""",".","."
2287,PASS,523,523,true,a3a448d4-2f87-4bdd-a5e0-01b7670a2894,true,768,true,"although","although","with","with"
2288,PASS,17,17,true,d721f515-57e0-4d4d-9857-f142dca27c1d,true,768,true,"the","the","'","'"
2289,PASS,312,312,true,ae59b58b-ef6f-4241-8ea3-ce5de01bcc1e,true,768,true,"k","k","and","and"
2290,PASS,502,502,true,a0266893-c4be-4c82-86b9-80bd1acdeb0b,true,768,true,"srutasena","srutasena",".","."
2291,PASS,296,296,true,ab736fbf-e172-4b53-8bf3-c5d68350af59,true,768,true,"from","from",""","""
2292,PASS,297,297,true,3a111739-1ea7-40db-9866-99226e4322ca,true,768,true,"j","j","for","for"
2293,PASS,412,412,true,f1ca2570-9719-4b40-9f5e-a6510e45984c,true,768,true,"him","him",""","""
2294,PASS,306,306,true,65790a31-90b3-4b42-9270-92d77eae4cb6,true,768,true,""",""","man","man"
2295,PASS,294,294,true,157fc470-ec93-4c28-ac8a-bb479d173de1,true,768,true,"who","who","'","'"
2296,PASS,304,304,true,3be21200-dd09-4e85-9506-25ef4a11ef96,true,768,true,""",""","drank","drank"
2297,PASS,199,199,true,a5c9e675-6765-4c84-87ec-0fe86b621f8f,true,768,true,"sanctified","sanctified",""","""
2298,PASS,297,297,true,c2e4f1f0-af79-4c15-9166-36fe4e0d25b2,true,768,true,""",""","of","of"
2299,PASS,326,326,true,9e914e44-f2a0-499c-b8e3-74509b337a95,true,768,true,"savarna","savarna","'","'"
2300,PASS,304,304,true,231d62fc-20f5-4c8a-ae9b-aa7be5afdd92,true,768,true,"'","'","with","with"
2301,PASS,229,229,true,a6ac9bf8-4561-40d9-a474-dbb1ca426f09,true,768,true,"golden","golden",""","""
2302,PASS,312,312,true,78222ab4-5e12-4687-b1dd-47f9f2b2fc3d,true,768,true,""",""","and","and"
2303,PASS,499,499,true,025e909f-de5a-4494-a2b7-96e176084656,true,768,true,"shone","shone",""","""
2304,PASS,336,336,true,8b0b968c-6540-43b3-beab-738c0353f8fd,true,768,true,""",""","every","every"
2305,PASS,236,236,true,9402d3a3-5342-4599-a6c7-1e791648d14a,true,768,true,"wing","wing",""","""
2306,PASS,297,297,true,15dfda33-befd-466b-a61f-8da11d82329a,true,768,true,""",""","prompted","prompted"
2307,PASS,350,350,true,40e9a78f-067d-40b1-81a4-7630b9101675,true,768,true,"by","by",""","""
2308,PASS,309,309,true,1147c46a-d44e-4469-875c-81c56c383707,true,768,true,""",""","received","received"
2309,PASS,286,286,true,349b5102-1907-4916-9d11-5c012f5fc7b8,true,768,true,"them","them",""","""
2310,PASS,305,305,true,e5843f08-b0a9-4740-8bb7-304a8df0f50e,true,768,true,""",""","entire","entire"
2311,PASS,257,257,true,5fa6471d-ad48-479f-a08d-eff73a45d7f9,true,768,true,"kingdoms","kingdoms",""","""
2312,PASS,289,289,true,add77e2c-98fa-49d4-ac85-d89940d5137d,true,768,true,""",""",""","""
2313,PASS,334,334,true,299ad711-1562-49e5-bcc5-473b7f63c78f,true,768,true,"at","at",""","""
2314,PASS,300,300,true,a68637d1-1eaa-42b8-b5cf-9bbd3d9c35d2,true,768,true,""",""",",",","
2315,PASS,188,188,true,db9c2c5f-47ee-4b34-83ac-8f16d4b6bb9b,true,768,true,"bhrigu","bhrigu",""","""
2316,PASS,313,313,true,ce14bcba-5384-4fb9-86af-1c87385bafe0,true,768,true,""",""","kind","kind"
2317,PASS,239,239,true,f915936e-cead-4d3e-a4f6-672174bba8a3,true,768,true,"you","you",""","""
2318,PASS,312,312,true,0dcab4dc-aa43-4b33-9f7c-567fed6f4447,true,768,true,""",""","of","of"
2319,PASS,341,341,true,6e1e4087-b8a4-43aa-8522-a53bd113befd,true,768,true,"the","the",""","""
2320,PASS,277,277,true,ae84f142-4678-4469-a93c-b69d191388b5,true,768,true,""",""",".","."
2321,PASS,246,246,true,e74ab864-f68d-42c7-a5c7-f642db168dc3,true,768,true,"king","king",""","""
2322,PASS,314,314,true,cd07e3d0-431f-410f-9169-974031ca973d,true,768,true,""",""","the","the"
2323,PASS,525,525,true,4806cdce-ed42-473c-b82f-d4a8d2dfdc6e,true,768,true,"time","time","and","and"
2324,PASS,47,47,true,a3e471a9-63c0-4195-8987-07711d763e16,true,768,true,"affectionately","affectionately",""","""
2325,PASS,283,283,true,d38ce1b4-6030-4616-8f63-4880cc594957,true,768,true,""",""",".","."
2326,PASS,183,183,true,31b8bc30-84d9-4556-bf91-a4abe55a01f7,true,768,true,"lastly","lastly",""","""
2327,PASS,276,276,true,b6f96220-f9c9-49fb-8393-8a051158ceab,true,768,true,""",""","could","could"
2328,PASS,310,310,true,631be4ba-a4c2-4166-a5c5-f56d9433d899,true,768,true,"such","such",""","""
2329,PASS,311,311,true,c133b4c9-dc6b-4584-b70b-7089dd616711,true,768,true,""",""",".","."
2330,PASS,508,508,true,2202faf0-c742-41fa-bdee-bc2e594c656e,true,768,true,"abandon","abandon","men","men"
2331,PASS,510,510,true,393fb4c9-1acb-4cbe-b8eb-9ca436b75ba1,true,768,true,"have","have",",",","
2332,PASS,350,350,true,8369a092-4163-4d0d-b103-6d15d156bd7e,true,768,true,"asuras","asuras",""","""
2333,PASS,311,311,true,d7246fe9-9f9c-4c7f-ad5e-9942477107f9,true,768,true,"v","v","to","to"
2334,PASS,470,470,true,fb4203c0-10de-4474-8b0f-99a7596d46df,true,768,true,"them","them",""","""
2335,PASS,297,297,true,5eb73ac7-58a2-4653-9ff5-78a070936d61,true,768,true,"v","v","of","of"
2336,PASS,209,209,true,2ca3c958-b82f-4b0b-a5e2-398f60599537,true,768,true,"your","your",""","""
2337,PASS,300,300,true,9143bc68-a07d-470f-8353-0cef12259d98,true,768,true,"v","v","fierce","fierce"
2338,PASS,350,350,true,8cbe3c0d-6d3e-48eb-923e-8cef53750aee,true,768,true,"deeds","deeds",""","""
2339,PASS,308,308,true,dbc06b26-abac-4fa8-9da0-d65a849dc482,true,768,true,"v","v","always","always"
2340,PASS,516,516,true,968b7a5f-d06c-4e24-b5ae-6538b45e68e4,true,768,true,"virtuous","virtuous","'","'"
2341,PASS,455,455,true,4b27aef3-96a0-439b-88c4-408e66a6dee5,true,768,true,"lotus","lotus",""","""
2342,PASS,320,320,true,268ed243-cb2a-4f15-ab73-147752539052,true,768,true,"v","v","you","you"
2343,PASS,487,487,true,2c9012a6-d805-4c32-9e9d-3f51fd82bfd0,true,768,true,"reap","reap","who","who"
2344,PASS,532,532,true,4b1c9281-1112-4f22-8af3-7f46b6f2ba19,true,768,true,"commands","commands","brother","brother"
2345,PASS,162,162,true,24fda2dd-480f-452d-906f-db89f3abed81,true,768,true,"dusasana","dusasana",""","""
2346,PASS,283,283,true,6b8ce19a-7f87-48a9-b721-2cec6f4630ab,true,768,true,"v","v",".","."
2347,PASS,545,545,true,db686711-e61c-48d5-a220-abbe75614d45,true,768,true,"then","then","-","-"
2348,PASS,457,457,true,ce74abff-3a44-4ecd-80cf-eb8cf9d7a0c1,true,768,true,"leaf","leaf",""","""
2349,PASS,309,309,true,8c547417-9569-46c5-b02a-48a4dc68e61f,true,768,true,"v","v","his","his"
2350,PASS,487,487,true,16b8c870-0fad-4258-9d40-62eea17070b8,true,768,true,"body","body","being","being"
2351,PASS,77,77,true,51b74c65-1dc1-4e4b-945a-20ae70014efa,true,768,true,"powerless","powerless",""","""
2352,PASS,286,286,true,61bbaed8-ccfa-4db8-9610-80ba661ddca9,true,768,true,""",""","vaisravana","vaisravana"
2353,PASS,536,536,true,092e3250-21c4-464c-933b-44886c2625a6,true,768,true,"marvelled","marvelled","own","own"
2354,PASS,208,208,true,fb991f6b-6758-4293-b094-449b11f494a3,true,768,true,"with","with",""","""
2355,PASS,297,297,true,bf5dfdaf-c2f0-48dd-9446-13e0ec737ea6,true,768,true,""",""",".","."
2356,PASS,546,546,true,2212c969-f27c-41df-a21c-886042d23945,true,768,true,"little","little","has","has"
2357,PASS,530,530,true,283ca8b9-205d-46bb-b6b8-2b16a2e3c859,true,768,true,"neither","neither","man","man"
2358,PASS,21,21,true,dd5b4808-06cb-4f75-911c-ecee6ed0f424,true,768,true,"who","who","'","'"
2359,PASS,325,325,true,9a9498bb-431b-4ee6-a73a-7f51696029dc,true,768,true,""",""","be","be"
2360,PASS,514,514,true,3900612d-a581-450b-8539-916d705a8d5f,true,768,true,"successful","successful","a","a"
2361,PASS,314,314,true,52e18808-8498-4d2c-898c-7f10b4d25bb5,true,768,true,"kshatriya","kshatriya",""","""
2362,PASS,342,342,true,540e094e-523d-4e57-9dc8-6ea45a61c666,true,768,true,""",""","a","a"
2363,PASS,491,491,true,058c6da9-07eb-4dd6-9143-cff6e5b14174,true,768,true,"son","son","the","the"
2364,PASS,274,274,true,ec4a1531-e580-4720-9349-0f7cc78d1fe1,true,768,true,"devas","devas",""","""
2365,PASS,303,303,true,9b93e2db-3144-4e01-ad33-b6f566526907,true,768,true,""",""",""","""
2366,PASS,341,341,true,51932e9e-16ba-409f-8660-30aff55ff914,true,768,true,"although","although",""","""
2367,PASS,296,296,true,cf4cf718-2825-464c-8cc5-288ae140dd70,true,768,true,""",""",",",","
2368,PASS,474,474,true,2f571bdf-4777-456d-b87e-df999298696f,true,768,true,""",""",".","."
2369,PASS,291,291,true,4c4bd56c-7809-4ec6-a234-646f7ab9f511,true,768,true,"v","v",".","."
2370,PASS,437,437,true,ee56f233-a72f-4b7a-8452-31f7476f76fa,true,768,true,"yudhishtira","yudhishtira",""","""
2371,PASS,308,308,true,492038e3-81d2-4a30-a5ac-a21dfc8c82e6,true,768,true,"v","v","which","which"
2372,PASS,352,352,true,778ce9db-4182-4aed-bd4d-ef95e5703176,true,768,true,"abounds","abounds",""","""
2373,PASS,311,311,true,a4fd5fae-b7ca-4e1d-a76b-95afcbaf4f27,true,768,true,""",""","s","s"
2374,PASS,420,420,true,5b364f9f-7912-4c59-8b55-d8156ce3c6e8,true,768,true,"five","five",""","""
2375,PASS,313,313,true,2dc1ee75-fea1-40a0-a6d5-a55d5c904b6b,true,768,true,""",""",".","."
2376,PASS,544,544,true,f8131eca-ebd6-401e-9fe1-969ed9591817,true,768,true,"for","for","this","this"
2377,PASS,510,510,true,48c05cd3-3693-4181-880f-86e53ac47748,true,768,true,"yagna","yagna",".","."
2378,PASS,138,138,true,3234249b-01f7-410b-bae9-9100d1e14a49,true,768,true,"krishna","krishna",""","""
2379,PASS,297,297,true,3aa3dd48-2e37-4ae4-89bc-2b51f6a73d4b,true,768,true,""",""","a","a"
2380,PASS,277,277,true,5e189360-7bee-4ce6-988e-6f14c9c6b6d2,true,768,true,"fearsome","fearsome",""","""
2381,PASS,301,301,true,ebfc3325-9174-4698-b67d-a12b75a701e2,true,768,true,""",""",".","."
2382,PASS,525,525,true,2cbdcbb8-9467-4722-996d-45e869f36caa,true,768,true,"the","the",".","."
2383,PASS,261,261,true,5bc4afb9-620a-4ade-8271-19ddd2f65881,true,768,true,"those","those",""","""
2384,PASS,313,313,true,d9b19323-4080-4b9f-b1a6-7d37090a05b5,true,768,true,"v","v","of","of"
2385,PASS,506,506,true,1712d28d-5765-400e-a837-66a705505225,true,768,true,"which","which",".","."
2386,PASS,61,61,true,ab351bd0-9ce1-4053-8bc0-db546907799c,true,768,true,"karna","karna",""","""
2387,PASS,331,331,true,79954648-1b7a-435f-8ece-9fd346924dcb,true,768,true,""",""","every","every"
2388,PASS,37,37,true,2e3117c4-c04c-49dd-93db-869f6647a5e9,true,768,true,"virtue","virtue",""","""
2389,PASS,301,301,true,c33de68b-fcd0-4731-be97-ac43116530e8,true,768,true,"v","v","?","?"
2390,PASS,479,479,true,6edbdd3d-c37e-42b0-93c7-377389ef4bd7,true,768,true,"dhritarashtra","dhritarashtra",""","""
2391,PASS,271,271,true,cd10b8ae-456a-4ef3-93f7-4695a895e886,true,768,true,"v","v",".","."
2392,PASS,540,540,true,28f7f9f7-7011-4cb4-9273-d23232c3b569,true,768,true,"you","you","-","-"
2393,PASS,423,423,true,c343c4cf-8620-41af-adbe-be1097f69b41,true,768,true,"mother","mother",""","""
2394,PASS,290,290,true,82dcc1ea-7b87-4cc4-8d82-f8884e2814ac,true,768,true,""",""",".","."
2395,PASS,528,528,true,f7b51ab1-a83e-4b2c-99aa-20550f97f65b,true,768,true,"how","how","of","of"
2396,PASS,229,229,true,1f74d76c-b533-457a-b263-0e0ee8b89b69,true,768,true,"the","the",""","""
2397,PASS,284,284,true,beff05ac-8129-4628-877f-71b6cd7a811d,true,768,true,""",""","and","and"
2398,PASS,517,517,true,ac377858-376e-49d9-bb99-31cab3a62779,true,768,true,"younger","younger","kingly","kingly"
2399,PASS,108,108,true,dc3fc53b-ff66-4372-a4cb-f446e3cd2128,true,768,true,"attributes","attributes",""","""
2400,PASS,260,260,true,114226fc-7f72-43ea-bdc5-5ad16f153281,true,768,true,""",""",".","."
2401,PASS,280,280,true,c88d1619-7cc6-4fdf-a141-d006fef87ba1,true,768,true,"when","when",""","""
2402,PASS,271,271,true,7fcc9728-ab26-4b4d-baee-fb868b3735c6,true,768,true,"v","v","'","'"
2403,PASS,535,535,true,8c442156-a24f-49c4-aeba-66bcd66c8570,true,768,true,"the","the","'","'"
2404,PASS,467,467,true,bf9b3449-02f7-481e-b00b-9b98082729ca,true,768,true,"bhima","bhima",""","""
2405,PASS,277,277,true,cbd3e152-c40b-4d07-b393-87899ed17ceb,true,768,true,"v","v",".","."
2406,PASS,296,296,true,7e0c7beb-bbe2-4ee4-a6ec-064a0693c354,true,768,true,"panchali","panchali",".","."
2407,PASS,294,294,true,02f706d0-d30e-4988-b690-9d3b8595e6bb,true,768,true,"v","v","in","in"
2408,PASS,151,151,true,62d0b249-efea-4c3e-bc22-e81698db21b4,true,768,true,"special","special",""","""
2409,PASS,272,272,true,ae845746-274a-49e4-8e49-fca4804099d3,true,768,true,"j","j","have","have"
2410,PASS,422,422,true,b1ad97ac-562c-4431-a49b-99208f927f17,true,768,true,"fought","fought",""","""
2411,PASS,309,309,true,2b9f3949-15b5-4703-baa2-be60fe3b6466,true,768,true,"v","v","in","in"
2412,PASS,331,331,true,32e7b92e-b472-4e7b-80a7-00656a3b9525,true,768,true,"duryodhana","duryodhana",""","""
2413,PASS,320,320,true,fb42be61-9897-4fd0-bf07-2651de99e4b3,true,768,true,"v","v",".","."
2414,PASS,486,486,true,23fd636f-4dc3-4b8d-baa6-5416469f7361,true,768,true,"handsome","handsome",".","."
2415,PASS,188,188,true,272a203a-f8d4-4abf-aaf7-fda90c082ce8,true,768,true,"the","the",""","""
2416,PASS,285,285,true,12f0b6d0-5f9d-4c58-be36-873f49174bef,true,768,true,"v","v","you","you"
2417,PASS,502,502,true,f520f857-c734-4082-b88a-988ca72996f6,true,768,true,"shine","shine","duryodhana","duryodhana"
2418,PASS,58,58,true,04b96420-2e14-4559-99fe-7c96abb7385d,true,768,true,"marches","marches",""","""
2419,PASS,292,292,true,85fdeb05-d8c5-4b23-b264-5bd5aaed4431,true,768,true,"j","j","pandava","pandava"
2420,PASS,510,510,true,fe7cce12-8fd5-4d53-9e12-d912324cbdb8,true,768,true,"forces","forces","'","'"
2421,PASS,26,26,true,bba207e0-3145-46be-ab28-fbcdfcc69177,true,768,true,"mahabaho","mahabaho",""","""
2422,PASS,282,282,true,ec29fa03-0804-4cf4-9388-41048dd87d01,true,768,true,"v","v",".","."
2423,PASS,508,508,true,5124b43a-51d1-4b70-b7bc-7a29c6c56ff2,true,768,true,"the","the","?","?"
2424,PASS,225,225,true,8574eabe-6b80-41e9-ba27-29fb18249a76,true,768,true,"i","i",""","""
2425,PASS,285,285,true,8ee17bbb-c608-49cb-a820-e1dc9a581e9f,true,768,true,"j","j",".","."
2426,PASS,146,146,true,ca390510-e546-45da-ad19-fb442a9d222b,true,768,true,"let","let",""","""
2427,PASS,290,290,true,ce585931-2a74-4645-969f-e344d7b8efd7,true,768,true,""",""","the","the"
2428,PASS,534,534,true,07a7ee43-7a1c-4450-a566-35e4f211e395,true,768,true,"flag","flag","the","the"
2429,PASS,542,542,true,cde4c3b9-d50c-4e84-9fc2-68a1326ec8d3,true,768,true,"excreta","excreta",".","."
2430,PASS,544,544,true,f503f0e4-03bd-40cd-9abd-16f98dc7ef1a,true,768,true,"you","you",""","""
2431,PASS,501,501,true,d0822880-9c8f-46ac-ba35-ecb13b675ec3,true,768,true,"next","next",".","."
2432,PASS,518,518,true,218ccf06-5407-4ae4-b92c-fe8412d6f20c,true,768,true,"why","why",".","."
2433,PASS,499,499,true,1bef4349-6672-45c8-9998-455e92e8df67,true,768,true,"where","where",""","""
2434,PASS,292,292,true,7e3be954-7593-4736-905f-acf7e26d123a,true,768,true,""",""","of","of"
2435,PASS,544,544,true,a11ae147-1ae4-49d0-b016-2370fb738563,true,768,true,"kurukshetra","kurukshetra",",",","
2436,PASS,413,413,true,c79c268a-d568-411d-992b-940b4c3eab92,true,768,true,"phalguna","phalguna",""","""
2437,PASS,278,278,true,54466186-031f-41b9-aa4c-577659f00866,true,768,true,""",""","with","with"
2438,PASS,499,499,true,ed5fb4ed-3efc-4150-b069-cc18446cd723,true,768,true,"anger","anger","'","'"
2439,PASS,516,516,true,e88ee3a1-e23e-47be-85bd-f11b6c28b4d1,true,768,true,"o","o","in","in"
2440,PASS,272,272,true,38faf8b6-59b7-42ba-bd0c-c7d88b215f57,true,768,true,"every","every",""","""
2441,PASS,324,324,true,84d1484d-9209-4d67-86a5-7389d50a6b64,true,768,true,""",""","the","the"
2442,PASS,539,539,true,c62594d4-3ae1-49b5-b550-0b3ba10f56a2,true,768,true,"world","world","in","in"
2443,PASS,495,495,true,132b3344-2d5a-4aaf-bc24-0b07777267ab,true,768,true,"agony","agony",",",","
2444,PASS,20,20,true,ebf3e314-7690-4ea0-b751-081066dd8d54,true,768,true,"camels","camels",""","""
2445,PASS,273,273,true,abe22d1c-be25-4c37-abb2-867fcdfbec60,true,768,true,""",""",".","."
2446,PASS,33,33,true,5ca5d226-f2af-48ea-9468-c1b3a4aa7f4d,true,768,true,"and","and",""","""
2447,PASS,305,305,true,c4605dab-2a08-4a41-8953-8a41abeef039,true,768,true,"v","v","with","with"
2448,PASS,521,521,true,d489e476-862d-42d6-889d-9c8e1d625521,true,768,true,"you","you","he","he"
2449,PASS,53,53,true,89eb8bb0-d071-4555-8f40-075251ebd23c,true,768,true,"abducted","abducted",""","""
2450,PASS,286,286,true,4aa12b39-214f-40c4-ae1b-55dcca490d45,true,768,true,""",""","the","the"
2451,PASS,261,261,true,181f4e6d-dd92-4646-a1bd-309e5afd4b4c,true,768,true,"land","land",""","""
2452,PASS,284,284,true,579c7daf-6bad-4c36-8365-64c3e62ad471,true,768,true,""",""","with","with"
2453,PASS,503,503,true,51ecc699-703b-4f0f-a56b-cc46c59f0813,true,768,true,"countless","countless",".","."
2454,PASS,239,239,true,f74cb0e3-da1e-4c82-9a1a-f17b255fccc1,true,768,true,"brave","brave",""","""
2455,PASS,291,291,true,7a18a57d-0953-4b30-9de8-6059a1da3a51,true,768,true,""",""","me","me"
2456,PASS,528,528,true,5b6f63b6-a415-4eaa-86c7-489140e1e3a9,true,768,true,"makes","makes","as","as"
2457,PASS,384,384,true,04acfb20-b068-4194-8ac4-274ba7599340,true,768,true,"long","long",""","""
2458,PASS,278,278,true,7bb82475-11b8-41d0-bf93-2799ef67824e,true,768,true,""",""","them","them"
2459,PASS,483,483,true,41b15604-2ba1-4804-969f-2f3141c6e4a0,true,768,true,"vanquished","vanquished",""","""
2460,PASS,282,282,true,41970075-5c96-4eff-8aa8-1fb908de7e29,true,768,true,""",""",".","."
2461,PASS,61,61,true,4b30b237-4eb7-4119-b727-43daf0f24566,true,768,true,"motivated","motivated",""","""
2462,PASS,281,281,true,77a309d4-4f6c-42d3-8f3a-f7db6884662f,true,768,true,""",""","will","will"
2463,PASS,322,322,true,18a213de-7933-4940-a8df-83959b70361f,true,768,true,"fight","fight",""","""
2464,PASS,273,273,true,cd01c789-1b75-4f37-95bc-59732c339dd3,true,768,true,""",""",".","."
2465,PASS,196,196,true,b68bfff0-ff46-4500-b18b-41778c9422ea,true,768,true,"duryodhana","duryodhana",""","""
2466,PASS,285,285,true,1e8f34e1-1acc-47d1-a711-c08b30d50912,true,768,true,""",""",".","."
2467,PASS,199,199,true,be990b27-fca8-46d9-a64f-2388d71ef46b,true,768,true,"bharatarishabha","bharatarishabha",""","""
2468,PASS,267,267,true,99531bb8-8cdd-48f0-90b1-bfd7d5b31eeb,true,768,true,""",""",""","""
2469,PASS,320,320,true,fc8cb4de-0623-48ca-9f29-906f2cfc348c,true,768,true,""",""","come","come"
2470,PASS,278,278,true,4c6100e3-5f88-4f94-8f50-b7d41d529fd3,true,768,true,"to","to",""","""
2471,PASS,310,310,true,4992272b-7e1b-4fb1-bc04-3d292e42e0f5,true,768,true,""",""",".","."
2472,PASS,177,177,true,dd912fb7-5e9c-44ea-b1db-fc355104c2ca,true,768,true,"there","there",""","""
2473,PASS,328,328,true,525e07cd-9295-4068-ab5c-c88e2604b4f7,true,768,true,""",""","seek","seek"
2474,PASS,551,551,true,04538b40-0862-4060-bd95-91bb4ea9068f,true,768,true,"to","to",".","."
2475,PASS,511,511,true,631ee903-6b31-4562-be80-13abb478da43,true,768,true,"tell","tell","have","have"
2476,PASS,11,11,true,15db23f2-8093-4ed5-871c-6a95fa6c150a,true,768,true,"decided","decided","'","'"
2477,PASS,298,298,true,50e232ac-375b-4f7b-b2a4-37295d02d080,true,768,true,"a","a","'","'"
2478,PASS,496,496,true,8d6252a5-81c6-4711-adbb-3bdae58b5e5f,true,768,true,"with","with",",",","
2479,PASS,130,130,true,e0cf4eba-4051-43e6-8112-040ddeae04e3,true,768,true,"he","he",""","""
2480,PASS,318,318,true,68380b81-bb07-45b0-ab00-2199458d69ab,true,768,true,""",""","a","a"
2481,PASS,273,273,true,90435b73-0499-4384-97bf-f71f84f6efec,true,768,true,"vaisya","vaisya",""","""
2482,PASS,329,329,true,46cab5d5-cdfc-4486-837c-3a3a234a4316,true,768,true,""",""",".","."
2483,PASS,520,520,true,c3c5931a-6d39-483e-b1ba-bd45f7b2a3e7,true,768,true,"i","i","of","of"
2484,PASS,509,509,true,f6fad235-d9bf-48d7-bdc2-6fd843d22c4f,true,768,true,"kurukshetra","kurukshetra","all","all"
2485,PASS,408,408,true,cac6ff3f-c6d3-4732-9e62-acad18ada652,true,768,true,"my","my",""","""
2486,PASS,305,305,true,e10d5691-9201-4c28-bd12-df219f6a0dbf,true,768,true,""",""",".","."
2487,PASS,531,531,true,031469fd-06ff-4494-9d06-44715103a540,true,768,true,"i","i",",",","
2488,PASS,70,70,true,3aa741cb-f0db-4b67-8023-6eadd5125a4c,true,768,true,"ah","ah",""","""
2489,PASS,308,308,true,7e23560e-d8e2-4e49-939a-11c3a124908c,true,768,true,""",""","from","from"
2490,PASS,450,450,true,53cdfe58-45a4-46a2-b9c1-323cae2cc38e,true,768,true,"the","the",""","""
2491,PASS,317,317,true,d351df41-2b1a-42c5-9e7d-352dd2071b74,true,768,true,""",""","of","of"
2492,PASS,144,144,true,829e514e-7ec7-4f48-96b5-97afcba4238b,true,768,true,"gold","gold",""","""
2493,PASS,308,308,true,904e41c1-eb47-4c05-a6d0-fe44d1a1d09e,true,768,true,""",""",".","."
2494,PASS,276,276,true,4ee030e0-70dd-4e82-b191-86fd0a755ca1,true,768,true,"i","i","'","'"
2495,PASS,300,300,true,2aff9fa4-e6e5-456f-9886-35e2a1fb6215,true,768,true,""",""","it","it"
2496,PASS,94,94,true,ca069a07-9e9c-4259-9237-cf2a0abe2693,true,768,true,"against","against",""","""
2497,PASS,302,302,true,d2ab18f5-5230-473a-8f27-558d12018e03,true,768,true,""",""","i","i"
2498,PASS,154,154,true,d498296e-4741-4d5f-b3f2-01132ffd77b4,true,768,true,"called","called",""","""
2499,PASS,307,307,true,05a026c1-6258-451e-bdf3-5ddf315b13d7,true,768,true,""",""",".","."
2500,PASS,517,517,true,6ff4c3c4-bc05-4834-bd44-5d4b0428a599,true,768,true,"see","see",""","""
2501,PASS,315,315,true,ad6d8085-5c54-4df4-aae9-9baef3a26df9,true,768,true,""",""","to","to"
2502,PASS,556,556,true,5185b6c1-a187-407d-b79e-003abe2a27e8,true,768,true,"day","day","next","next"
2503,PASS,189,189,true,ebd9fe1b-e6aa-4611-8538-272bbaada8f9,true,768,true,"birth","birth",""","""
2504,PASS,297,297,true,7ed275c7-9239-4405-a741-e6d8bdb118c5,true,768,true,""",""","perfectly","perfectly"
2505,PASS,251,251,true,b58ae10f-81bf-4727-bbcf-8953e7ca0f14,true,768,true,"calm","calm",""","""
2506,PASS,318,318,true,ce1f64eb-6abe-40eb-a2dc-eab71e2a58fa,true,768,true,""",""",".","."
2507,PASS,137,137,true,8c27fdcd-2166-4e7c-8a02-0ce94c0a8c13,true,768,true,"the","the","'","'"
2508,PASS,275,275,true,6e8b27c1-6d3e-490e-bff3-3785be61dbda,true,768,true,""",""",".","."
2509,PASS,216,216,true,daab2ef8-d300-44fa-9541-57c85df264b6,true,768,true,"hiranyavarman","hiranyavarman",""","""
2510,PASS,277,277,true,c50c8b8d-711f-47b1-a6e9-55ba6d877fed,true,768,true,""",""",".","."
2511,PASS,160,160,true,7fe555be-2977-4de2-b674-4e61e8ed7e69,true,768,true,"o","o",""","""
2512,PASS,315,315,true,866c20a3-eab5-407c-a111-b1bde6ed0938,true,768,true,""",""","in","in"
2513,PASS,461,461,true,5d46389a-952f-4e3f-95ee-773f381b0c24,true,768,true,"an","an","'","'"
2514,PASS,303,303,true,048a690c-2926-40d1-b219-8df356a70a46,true,768,true,""",""","and","and"
2515,PASS,492,492,true,54d2ae9e-809e-4f77-83cb-9ae942b28f4e,true,768,true,"drupada","drupada","fine","fine"
2516,PASS,501,501,true,7def2c9f-8519-4237-bd6d-5f535c49b1ef,true,768,true,"grass","grass","of","of"
2517,PASS,286,286,true,b5899631-3ee7-400d-9e7e-2517438d0a84,true,768,true,"garlands","garlands","'","'"
2518,PASS,300,300,true,c3493eba-2a46-4544-9eb2-0e32045934d8,true,768,true,"s","s","impenetrable","impenetrable"
2519,PASS,216,216,true,f3c65760-ff81-47e6-bf3d-8c477527e5ee,true,768,true,"kavacha","kavacha","'","'"
2520,PASS,277,277,true,6769b21d-5636-49f1-bf52-f1f70459c425,true,768,true,"v","v",".","."
2521,PASS,330,330,true,6e260dff-a1b9-4942-8abf-56f9b3dfd7c9,true,768,true,"i","i",""","""
2522,PASS,275,275,true,5a0da983-d46e-4139-8ba3-bc8acc40e502,true,768,true,"v","v","the","the"
2523,PASS,305,305,true,9f00aab2-4515-4a45-bec6-534f133e2e4e,true,768,true,"vasatis","vasatis",""","""
2524,PASS,285,285,true,4241617c-7a3a-4032-8078-fd15fe7a2196,true,768,true,"v","v","and","and"
2525,PASS,446,446,true,8b91368d-9a31-4888-b3a2-c13edf771296,true,768,true,"looks","looks","like","like"
2526,PASS,163,163,true,b2f0f6fe-44f3-402b-8f30-2fe8a8af2e1e,true,768,true,"dark","dark","parva","parva"
2527,EMPTY_PAGE,0,0,true,,false,,false,"","","",""
2528,EMPTY_PAGE,0,0,true,,false,,false,"","","",""
2529,EMPTY_PAGE,0,0,true,,false,,false,"","","",""
2530,PASS,5,5,true,e4f6d185-2064-4d13-83af-f8b4a83e6211,true,768,true,"the","the","parva","parva"
2531,EMPTY_PAGE,0,0,true,,false,,false,"","","",""
2532,EMPTY_PAGE,0,0,true,,false,,false,"","","",""
2533,PASS,171,171,true,bca0a43c-a18a-4e09-ae2d-21508e0e1473,true,768,true,"published","published",".","."
2534,PASS,11,11,true,687967c7-6f99-428d-8054-7d474c7609f7,true,768,true,"for","for",".","."
2535,PASS,51,51,true,d1edc9bd-e920-4919-b36b-37accf0470dc,true,768,true,"c","c","gita","gita"
2536,PASS,72,72,true,cc8e0a15-e115-4bf8-8889-511811c7f6fa,true,768,true,"a","a",".","."
2537,PASS,2,2,true,2685f175-a231-442a-b092-a8b6e1f18486,true,768,true,"canto","canto","1","1"
2538,PASS,409,409,true,dd353b21-5ccf-4ac9-b248-a1f97e692056,true,768,true,"j","j",".","."
2539,PASS,477,477,true,628067b6-ea7e-492f-837b-91fd71019748,true,768,true,"watching","watching",".","."
2540,PASS,52,52,true,c7e5c0cd-c7b0-4c72-a71e-1fca365cb2c4,true,768,true,"having","having",""","""
2541,PASS,2,2,true,415b6a7e-ceca-4adc-a694-6a592d2710b0,true,768,true,"canto","canto","2","2"
2542,PASS,414,414,true,1e84e565-72c3-4046-9804-743ebee1b519,true,768,true,"j","j",".","."
2543,PASS,471,471,true,e275a452-a4e5-4f34-abe4-1eda9647b8f7,true,768,true,"there","there",""","""
2544,PASS,2,2,true,dc7040e2-93f6-4465-a43b-375665d52204,true,768,true,"canto","canto","3","3"
2545,PASS,372,372,true,19be1535-d933-4da0-957e-76c0336acf8b,true,768,true,"j","j","fire","fire"
2546,PASS,465,465,true,04e58ff4-7c7b-4d0a-ba22-3c3ce55502ae,true,768,true,"mixed","mixed",".","."
2547,PASS,490,490,true,673d54d4-e76c-4ff9-8cc5-4fa7c22b60c0,true,768,true,"the","the",""","""
2548,PASS,526,526,true,4dcc8e40-5442-47d8-a0c9-4fd76b507e61,true,768,true,"vaisampayana","vaisampayana","'","'"
2549,PASS,486,486,true,7112e219-7da1-4a2c-a469-d495048cb769,true,768,true,"vyasa","vyasa","is","is"
2550,PASS,201,201,true,131be69e-6ac4-4485-ac23-e652dff2c359,true,768,true,"demoralised","demoralised",""","""
2551,PASS,2,2,true,29eeaa61-44ea-466e-b3f2-f5913f95e357,true,768,true,"canto","canto","4","4"
2552,PASS,411,411,true,763eaef7-a268-4519-bc02-08df16c6d7ba,true,768,true,"j","j",",",","
2553,PASS,184,184,true,06266668-df43-4118-82aa-f603d56f7bba,true,768,true,"men","men",""","""
2554,PASS,2,2,true,669eb9b9-af44-4744-9a33-d4ba4622790d,true,768,true,"canto","canto","5","5"
2555,PASS,409,409,true,3e847dd7-2074-4eb0-9ff8-5a477ba7b81a,true,768,true,"j","j","and","and"
2556,PASS,128,128,true,9c3031c9-4879-471e-b5ff-25b21a7a95c7,true,768,true,"delightful","delightful","'","'"
2557,PASS,2,2,true,f7521ad9-5033-4b48-a299-4bdbc542b950,true,768,true,"canto","canto","6","6"
2558,PASS,365,365,true,f7fe0679-07bf-4e9e-9530-964cddbb5d41,true,768,true,"j","j","lowly","lowly"
2559,PASS,489,489,true,8223b7d1-d211-477e-bb39-b774bd3075df,true,768,true,"birds","birds",".","."
2560,PASS,472,472,true,c4cd93b8-9d42-48b7-88bd-d0ca55512ebc,true,768,true,"on","on","place","place"
2561,PASS,283,283,true,960b95b2-5725-42ff-8dd5-738f2c997cce,true,768,true,"down","down",""","""
2562,PASS,2,2,true,3c82a234-9fa3-47e7-8223-e1ce7bf30010,true,768,true,"canto","canto","7","7"
2563,PASS,411,411,true,8f418486-2a8a-466d-8fce-4e586d019454,true,768,true,"j","j","flowers","flowers"
2564,PASS,431,431,true,fc7dc8e1-04ac-46fe-87fb-258e19e27ef9,true,768,true,"and","and","'","'"
2565,PASS,2,2,true,90901619-fe9c-4eb5-bbf3-1cf49b549d72,true,768,true,"canto","canto","8","8"
2566,PASS,375,375,true,668d9a38-0ae6-45ed-a8df-3c6248e75cd6,true,768,true,"j","j","has","has"
2567,PASS,224,224,true,43c1ec95-8b8f-41cb-8f3b-c406e1b64b47,true,768,true,"eight","eight",""","""
2568,PASS,2,2,true,cb9762a5-da85-4064-af24-b8a0e9d67a4b,true,768,true,"canto","canto","9","9"
2569,PASS,431,431,true,396b95aa-36f8-4b9b-ba87-cd73c9ee6b27,true,768,true,"j","j","the","the"
2570,PASS,532,532,true,04580c08-9ed1-4d7d-b155-572cee0109dd,true,768,true,"river","river","the","the"
2571,PASS,510,510,true,241afb24-1dc4-480c-8b81-6bd74fbf7536,true,768,true,"sodhas","sodhas",".","."
2572,PASS,441,441,true,2b9ffe89-b9ec-4d9e-9ff0-aef52c22bd3c,true,768,true,"there","there","'","'"
2573,PASS,2,2,true,346a76f0-0a8a-4620-b7bc-82a93449304a,true,768,true,"canto","canto","10","10"
2574,PASS,415,415,true,bc753170-2a3f-41bf-b3ce-2eb4ea39b313,true,768,true,"j","j",".","."
2575,PASS,24,24,true,2a849d7b-168e-41b2-addf-8eefb122c1c7,true,768,true,"with","with","'","'"
2576,PASS,2,2,true,19f1f617-fe32-47ea-a2d1-dc0b8656c65d,true,768,true,"canto","canto","11","11"
2577,PASS,422,422,true,b9642f64-c746-4488-9c4e-a3d3443a7776,true,768,true,"b","b",".","."
2578,PASS,493,493,true,b54583c3-ebc2-4a15-9571-a7150b5c46ab,true,768,true,"over","over",".","."
2579,PASS,124,124,true,e3e7a6a3-22af-4d59-b0a8-06ba990fe242,true,768,true,"amongst","amongst","'","'"
2580,PASS,2,2,true,31b8c00b-83a3-4ed2-a297-8fae8d0bb612,true,768,true,"canto","canto","12","12"
2581,PASS,395,395,true,5005e197-d07a-436d-8784-dfbeefcf6a98,true,768,true,"b","b",".","."
2582,PASS,458,458,true,53030f7a-6942-4e6d-8433-3b5920c05f32,true,768,true,"as","as","'","'"
2583,PASS,347,347,true,dbb34d32-1321-4b5e-b97e-389dfb4335fb,true,768,true,"dhritarashtra","dhritarashtra","'","'"
2584,PASS,2,2,true,6e47db57-1790-4848-aef7-e77ba7171091,true,768,true,"canto","canto","13","13"
2585,PASS,388,388,true,f930ae5f-6640-4d42-b093-6f9331a39807,true,768,true,"b","b",""","""
2586,PASS,2,2,true,b58af230-cc24-41d4-b500-474cffa57d56,true,768,true,"canto","canto","14","14"
2587,PASS,431,431,true,5f30af9a-3e79-4872-83a0-380f0584b778,true,768,true,"b","b",",",","
2588,PASS,485,485,true,5d1ee457-1fa8-449f-8d5b-0822a238c160,true,768,true,"now","now","?","?"
2589,PASS,488,488,true,0c776925-5e6a-46ff-9c9f-2f4bb82adfd8,true,768,true,"when","when","low","low"
2590,PASS,507,507,true,e2f5eacc-428a-4215-b48f-b9f7176adbeb,true,768,true,"by","by","and","and"
2591,PASS,297,297,true,3eb2e6ea-5eb1-4d08-8264-0f84a13f69f5,true,768,true,"what","what","'","'"
2592,PASS,2,2,true,bf52bc5a-a701-4e34-b1fd-bc897d885a37,true,768,true,"canto","canto","15","15"
2593,PASS,388,388,true,0ca146a0-310a-4ae5-a424-98a7b4cacaf0,true,768,true,"b","b",".","."
2594,PASS,124,124,true,7e37b6e3-2a67-412f-87e3-7e677194d56e,true,768,true,"let","let","'","'"
2595,PASS,2,2,true,0e38f2f5-db6d-43f3-960a-f4da02cbaf40,true,768,true,"canto","canto","16","16"
2596,PASS,404,404,true,af2813a5-3c8d-46aa-8ba1-800baa1cb48f,true,768,true,"b","b",",",","
2597,PASS,273,273,true,ce1cc3f4-0ec5-4da7-98a3-5809ae340c2c,true,768,true,"are","are",""","""
2598,PASS,2,2,true,05211efa-9d79-43b4-93a1-6b183b3182b7,true,768,true,"canto","canto","17","17"
2599,PASS,429,429,true,12c7714e-5f0b-4b2f-9772-47c7d567b42e,true,768,true,"b","b","orders","orders"
2600,PASS,447,447,true,c7a0e22e-fb33-4b17-accb-7ce74f1f7cd0,true,768,true,"your","your",".","."
2601,PASS,121,121,true,b0c8a2e4-ad90-4104-8b17-057133050c52,true,768,true,"and","and","'","'"
2602,PASS,2,2,true,396a4628-7c7e-4dfb-95fa-d09abe7af17a,true,768,true,"canto","canto","18","18"
2603,PASS,394,394,true,823990d2-2ef3-43e4-b701-6b09b6536f22,true,768,true,"b","b",".","."
2604,PASS,56,56,true,d1fb1bdd-ef8c-40e7-b918-2bd8a19e180d,true,768,true,"and","and","'","'"
2605,PASS,2,2,true,749a209d-55e5-4b06-be23-d361f82e7acd,true,768,true,"canto","canto","19","19"
2606,PASS,438,438,true,be0e6064-0440-4a9e-9dfc-e79891b92456,true,768,true,"b","b",".","."
2607,PASS,466,466,true,97c30949-bf78-4ed0-9d1f-8b69e0904ecc,true,768,true,"and","and","scorching","scorching"
2608,PASS,321,321,true,15825e20-3883-4f2f-b288-540591b89a9e,true,768,true,"the","the","'","'"
2609,PASS,2,2,true,26e71c3e-f33f-453b-994c-32c709d9f824,true,768,true,"canto","canto","20","20"
2610,PASS,422,422,true,b8b5c570-7583-4526-a51a-95c2bcc7c745,true,768,true,"b","b",".","."
2611,PASS,349,349,true,606a46d4-afa9-4d8d-a823-aadebb430b37,true,768,true,"and","and","'","'"
2612,PASS,2,2,true,5a625aca-951c-4a48-963f-1157b8432d10,true,768,true,"canto","canto","21","21"
2613,PASS,408,408,true,e8df66b1-ba1b-4e59-9c65-2a4facbdc2fe,true,768,true,"b","b","devas","devas"
2614,PASS,72,72,true,9cc1850c-6c88-49fd-b315-b7c02bc66231,true,768,true,"replied","replied","'","'"
2615,PASS,2,2,true,93b303ce-e990-49b3-b7fc-1ee91a381844,true,768,true,"canto","canto","22","22"
2616,PASS,383,383,true,26b41095-7157-4051-b26e-38eb0f459675,true,768,true,"b","b","mahabaho","mahabaho"
2617,PASS,172,172,true,1a4eaf3a-05da-4565-b80f-cdb52a46e6fb,true,768,true,"accompanied","accompanied","'","'"
2618,PASS,2,2,true,e4af2efa-53bf-428e-955c-8738669b27a5,true,768,true,"canto","canto","23","23"
2619,PASS,432,432,true,4c183a2a-73c3-4c05-8fd1-af2a011047b5,true,768,true,"b","b","six","six"
2620,PASS,542,542,true,7fefe9e2-b83e-401d-bdfc-5d911bcc09c7,true,768,true,"noblest","noblest","is","is"
2621,PASS,12,12,true,087a5e89-f3b7-4c08-b830-10c82c16756c,true,768,true,"krishna","krishna","'","'"
2622,PASS,2,2,true,3a8e728a-3bd0-4230-b5ac-065d6b0a07a3,true,768,true,"canto","canto","24","24"
2623,PASS,214,214,true,c351822b-2377-4bfa-aeb5-58a1fae83ee1,true,768,true,"b","b",""","""
2624,PASS,3,3,true,744dc3a7-b3c1-493b-9f60-336d0398e0ee,true,768,true,"canto","canto","1","1"
2625,PASS,282,282,true,b0df3d26-743a-44eb-830a-f50d4785d3b8,true,768,true,"s","s",";",";"
2626,PASS,370,370,true,c3ac0b78-2944-4c49-83e1-f9bb238b95f0,true,768,true,"their","their",",",","
2627,PASS,428,428,true,167944e1-bd4a-43a1-888b-d2663b69d6d5,true,768,true,"before","before",".","."
2628,PASS,395,395,true,383c7a7b-2760-410b-a2f2-7180437349a6,true,768,true,"when","when","maternal","maternal"
2629,PASS,49,49,true,9d9300fc-63a5-4dd3-8fde-c2165bb7ead7,true,768,true,"18","18","spiritual","spiritual"
2630,PASS,2,2,true,9464acb9-d992-4bb5-939a-cb48c777cda3,true,768,true,"canto","canto","26","26"
2631,PASS,287,287,true,9a2707ba-e146-4b60-ae57-cd5e035953cc,true,768,true,"s","s",",",","
2632,PASS,400,400,true,0bab842b-05e0-40c0-9ed1-98ed10eb66a7,true,768,true,"not","not",",",","
2633,PASS,436,436,true,b289c8b8-f647-4a48-8310-c17ef8aa5909,true,768,true,"how","how","!","!"
2634,PASS,412,412,true,01ec408d-189a-45d3-a251-41705f37ab49,true,768,true,"pleasure","pleasure",",",","
2635,PASS,371,371,true,0ec676b5-e95e-4af1-9aed-61add7b022ea,true,768,true,"then","then",";",";"
2636,PASS,396,396,true,4320096b-fc8d-405e-8dbf-b53c32c4e0c9,true,768,true,"the","the","brahman","brahman"
2637,PASS,22,22,true,17646214-6d20-4c26-8fbb-178e79f9841e,true,768,true,"47","47","vanishment","vanishment"
2638,PASS,2,2,true,073a89f7-a3de-4a89-9e9f-2a90efcfd5f6,true,768,true,"canto","canto","27","27"
2639,PASS,310,310,true,9f3d048d-bd2d-4513-9b38-bd6fa44a0254,true,768,true,"s","s",";",";"
2640,PASS,447,447,true,dc3e760f-541d-4107-9749-5ebf061ebdc7,true,768,true,"by","by",";",";"
2641,PASS,383,383,true,e36cfe9b-3620-401d-b29c-db6c2a313074,true,768,true,"he","he",";",";"
2642,PASS,172,172,true,0f7479cc-ad6e-46d7-963e-356556d4727e,true,768,true,"kill","kill","passion","passion"
2643,PASS,2,2,true,7ba32ba4-f551-4b59-af76-d19f19975f36,true,768,true,"canto","canto","28","28"
2644,PASS,333,333,true,4caea418-ae74-40ca-8207-cf4783c0d661,true,768,true,"s","s",";",";"
2645,PASS,419,419,true,1e5fce6b-ec2d-49b4-9566-06c94f16e903,true,768,true,"for","for","others","others"
2646,PASS,424,424,true,6eb84729-ee70-4fa8-ba48-0d2e21797eb1,true,768,true,"offer","offer",""","""
2647,PASS,94,94,true,ce7cf43a-ce80-4e6c-bcad-a9453a3b638f,true,768,true,"_","_","brahman","brahman"
2648,PASS,2,2,true,d86c281c-7490-4e86-8350-d277b104b87c,true,768,true,"canto","canto","29","29"
2649,PASS,314,314,true,126aacce-ac02-4a06-b722-24dfbe29f064,true,768,true,"s","s",",",","
2650,PASS,427,427,true,60f1d0d1-47f0-4cb9-9058-7b8eedc323f4,true,768,true,"yogis","yogis",".","."
2651,PASS,132,132,true,3dc6e4df-02d6-4ede-91a3-eedae4e28cf5,true,768,true,"outward","outward","pleasure","pleasure"
2652,PASS,2,2,true,0444ac77-0f37-4300-90e4-0b03e80dfc26,true,768,true,"canto","canto","30","30"
2653,PASS,331,331,true,46e52a8c-547e-434d-9cbe-4409e869db93,true,768,true,"s","s",",",","
2654,PASS,440,440,true,27ba839a-2c5e-4728-aab9-0b711f870339,true,768,true,"neither","neither",".","."
2655,PASS,365,365,true,88870380-762d-4e59-b5eb-020bee4c4755,true,768,true,"who","who",""","""
2656,PASS,284,284,true,f45ee0c6-29ae-420d-a1f4-5a11d022abea,true,768,true,"the","the","work","work"
2657,PASS,2,2,true,5ce00ce4-d0f9-46f4-bfa9-832333bc0b91,true,768,true,"canto","canto","31","31"
2658,PASS,355,355,true,1cbf15af-5398-4aa5-91e8-eb382e4807a2,true,768,true,"s","s",".","."
2659,PASS,438,438,true,cfa55b71-81b7-4df8-bb14-90288777ec8d,true,768,true,"by","by",".","."
2660,PASS,138,138,true,a2e99f88-69b3-48dd-8f0a-73dfb39fa4f4,true,768,true,"for","for","world","world"
2661,PASS,2,2,true,8268049e-37df-47ff-812e-e7c75fa6dac2,true,768,true,"canto","canto","32","32"
2662,PASS,321,321,true,0063339f-8274-4388-99ef-3f71fde7dc54,true,768,true,"s","s",".","."
2663,PASS,409,409,true,609c0f47-ad30-4bbd-a13b-36eea16f99af,true,768,true,"that","that",":",":"
2664,PASS,171,171,true,6f4961e9-1c20-4ce1-9e2e-7621c62e6839,true,768,true,"there","there","course","course"
2665,PASS,2,2,true,ea1dd25f-292e-4dfc-8d9c-f6af5c045d7c,true,768,true,"canto","canto","33","33"
2666,PASS,319,319,true,f28d4ec0-2770-4f08-afd8-c423a042b0cc,true,768,true,"s","s",".","."
2667,PASS,444,444,true,5ac768eb-ed7c-4b18-8aea-277e19f7a8db,true,768,true,"of","of",":",":"
2668,PASS,323,323,true,6bdfb2f9-3007-40e7-8254-1465277a4fc4,true,768,true,"that","that","though","though"
2669,PASS,2,2,true,b2cf2708-122a-4d33-a065-1c1a15d5e9a8,true,768,true,"canto","canto","34","34"
2670,PASS,364,364,true,978373a0-83c5-41ca-aa0f-17fa775046d6,true,768,true,"s","s",",",","
2671,PASS,491,491,true,2a797940-758c-4aa0-a232-c8ace8b289ba,true,768,true,"say","say",".","."
2672,PASS,473,473,true,dad84a48-5d5d-4678-9bb7-daf7c8a3320a,true,768,true,"and","and","diti","diti"
2673,PASS,39,39,true,5991678f-2969-4945-b2c7-98fa9c90d5cb,true,768,true,"106","106","examples","examples"
2674,PASS,2,2,true,b0a33d3f-7ed4-473f-9cdf-dbc1c637c9b1,true,768,true,"canto","canto","35","35"
2675,PASS,307,307,true,29ecb709-5e05-47a4-ad2c-4bf6336b7783,true,768,true,"s","s",".","."
2676,PASS,353,353,true,7ab372da-8b86-4e11-a998-d73ff4a0fe1b,true,768,true,"in","in",".","."
2677,PASS,412,412,true,09685a2b-f2e0-4e92-9c7c-fcd575a893aa,true,768,true,"the","the",";",";"
2678,PASS,380,380,true,15dddf63-1227-46de-8bae-b2d03627dd2a,true,768,true,"by","by",".","."
2679,PASS,355,355,true,b732fae7-682f-41ce-b142-97f842944176,true,768,true,"the","the",""","""
2680,PASS,234,234,true,147450ad-4fab-4818-adf9-c774f00b14d1,true,768,true,"the","the","kurus","kurus"
2681,PASS,2,2,true,30b0f85b-c567-4a42-8ee5-d53693357ac4,true,768,true,"canto","canto","36","36"
2682,PASS,321,321,true,ca974a7b-c761-4298-b9f5-a4ba62c5b291,true,768,true,"s","s",".","."
2683,PASS,311,311,true,bb2fd3a8-a4ae-4560-b756-6ce87c8ac812,true,768,true,"better","better","their","their"
2684,PASS,2,2,true,60c0c5cc-1aa6-4e58-aebc-48da50fab63b,true,768,true,"canto","canto","37","37"
2685,PASS,349,349,true,731dc451-44ca-4916-9d0b-5e0bebe442ca,true,768,true,"s","s",";",";"
2686,PASS,435,435,true,70ac39c4-34d3-4a02-837d-67e998023a8f,true,768,true,"in","in","141","141"
2687,PASS,364,364,true,b442f213-5521-4313-ae31-8c362a1cc2f7,true,768,true,"whatever","whatever","universe","universe"
2688,PASS,2,2,true,d3dcb9c3-8b6b-4851-ac2d-81e133bc1e77,true,768,true,"canto","canto","38","38"
2689,PASS,311,311,true,15acd592-252c-4253-ac93-dc3047c209f2,true,768,true,"s","s",",",","
2690,PASS,386,386,true,28707065-d5fb-480c-a749-9e3e92feb888,true,768,true,"knowledge","knowledge",";",";"
2691,PASS,89,89,true,ea6b6ecd-cc4e-4ac8-9a06-5a995b3d02a3,true,768,true,"all","all","him","him"
2692,PASS,2,2,true,090aba98-8004-4036-b614-dbdb60d19a96,true,768,true,"canto","canto","39","39"
2693,PASS,301,301,true,d8fa3c9c-57e5-4e8e-836f-50284fb29d41,true,768,true,"s","s",".","."
2694,PASS,366,366,true,67f8ad19-17b7-47ca-861b-058e8b641686,true,768,true,"departing","departing","person","person"
2695,PASS,2,2,true,d950ada3-a849-43dd-83ef-7e41f9990f02,true,768,true,"canto","canto","40","40"
2696,PASS,333,333,true,53430d8c-8aa3-4f4e-98fb-71e8f5ab7598,true,768,true,"s","s",";",";"
2697,PASS,401,401,true,115879b6-ca79-4bab-96be-2e9679a18b0d,true,768,true,"by","by","aim","aim"
2698,PASS,46,46,true,c0313b38-070f-4caa-9570-af15ded4116f,true,768,true,"155","155","world","world"
2699,PASS,2,2,true,59b2f2b1-d593-4ba0-a8b7-e6d2cba295fa,true,768,true,"canto","canto","41","41"
2700,PASS,301,301,true,9b6f556b-6019-4456-ae64-6a2a4237b961,true,768,true,"s","s",".","."
2701,PASS,407,407,true,eb84c287-3d16-47bc-95c8-6ffeecf32ad9,true,768,true,"by","by","penance","penance"
2702,PASS,152,152,true,44f4d0da-1160-45ee-8513-ce6c741794cf,true,768,true,"and","and","else","else"
2703,PASS,2,2,true,883476f1-0eed-461e-831f-91c08a6e75bc,true,768,true,"canto","canto","42","42"
2704,PASS,265,265,true,948efb68-0fb8-4415-bdd3-b71ae4616c04,true,768,true,"s","s",",",","
2705,PASS,375,375,true,de1aef5f-b44d-4859-b61b-fb10ca222df7,true,768,true,"leaving","leaving",".","."
2706,PASS,412,412,true,6ed47d62-5e64-429e-b0d0-d062d827b852,true,768,true,"which","which",".","."
2707,PASS,438,438,true,c7d4ee24-5930-49c3-b13c-2e9e1ed8123c,true,768,true,"from","from",";",";"
2708,PASS,396,396,true,805c7b60-624a-41f1-95d1-3d3a1a71439b,true,768,true,"egotism","egotism",".","."
2709,PASS,362,362,true,216f977c-b32d-4760-8d04-144c4a34ca26,true,768,true,"this","this","188","188"
2710,PASS,123,123,true,47396bcc-50aa-4a63-a7ed-c0642ad36872,true,768,true,"_","_","volume","volume"
2711,PASS,2,2,true,78fbaecb-082d-496d-acb9-435a1e38eab3,true,768,true,"canto","canto","43","43"
2712,PASS,418,418,true,6f6a719e-7e26-4228-9b68-4b947d9a065b,true,768,true,"b","b","after","after"
2713,PASS,519,519,true,be07fdf6-1b8e-4ace-9e25-59d77e318822,true,768,true,"having","having","this","this"
2714,PASS,544,544,true,688b846b-61fe-4309-be9e-f4140d7ccb44,true,768,true,"reason","reason",""","""
2715,PASS,513,513,true,00b69d4d-0eda-4ae6-9a3d-0041a1e5bec4,true,768,true,"hearing","hearing","up","up"
2716,PASS,417,417,true,027db9eb-b4de-48cc-9740-63b43f012c30,true,768,true,"my","my","'","'"
2717,PASS,2,2,true,7639ff45-a15e-4cf7-8273-44029d3a9652,true,768,true,"canto","canto","44","44"
2718,PASS,390,390,true,8fb63d76-ed55-4aea-808a-8a78d9feaf74,true,768,true,"b","b",".","."
2719,PASS,438,438,true,7f67596c-e2e6-4449-b4fe-442940ccd091,true,768,true,"drawing","drawing","'","'"
2720,PASS,2,2,true,0cfbdf0e-53e7-483e-b398-57e0f114f533,true,768,true,"canto","canto","45","45"
2721,PASS,396,396,true,d9908c72-a784-4ffd-94ac-4e381679aa3e,true,768,true,"b","b",",",","
2722,PASS,466,466,true,88163b44-3369-4ffb-8ffd-810bf52a4a4b,true,768,true,"kills","kills",".","."
2723,PASS,349,349,true,72b75873-81a0-48d1-9813-94cca857fa4e,true,768,true,"they","they","'","'"
2724,PASS,2,2,true,4be9e798-a123-48dd-b652-3c79d824e0ed,true,768,true,"canto","canto","46","46"
2725,PASS,404,404,true,01aae3af-9f6c-4261-94ea-a80a69f32dc4,true,768,true,"b","b","hosts","hosts"
2726,PASS,481,481,true,7a42e7c4-4891-4feb-9eef-555078ec28e6,true,768,true,"of","of",".","."
2727,PASS,346,346,true,e323492e-921e-4f9a-8ce8-f2484da8b8c8,true,768,true,"countless","countless","'","'"
2728,PASS,2,2,true,d12f56a4-825e-48b4-8876-cbce8f6d5f5b,true,768,true,"canto","canto","47","47"
2729,PASS,410,410,true,9311a3e6-b693-48c7-b1e0-3e3668f3a3f1,true,768,true,"b","b",",",","
2730,PASS,482,482,true,a26f6950-b03e-45c2-ae14-41fb7002802b,true,768,true,"while","while","pierced","pierced"
2731,PASS,471,471,true,01ee28b2-17a0-43dc-ace0-9ed4e4c9b996,true,768,true,"all","all","piercing","piercing"
2732,PASS,161,161,true,dbe0fbd0-f4c9-4da8-96f9-ec522248a3ea,true,768,true,"their","their","'","'"
2733,PASS,2,2,true,16b0dca9-6688-43f4-9cf9-ad97f7fedc35,true,768,true,"canto","canto","48","48"
2734,PASS,390,390,true,c844eba0-ad75-4616-88fc-947f9fd86945,true,768,true,"b","b","a","a"
2735,PASS,470,470,true,0af77800-ca75-4951-b20f-21b3b12cbce2,true,768,true,"maharatha","maharatha","the","the"
2736,PASS,467,467,true,c608251d-e0f4-40a8-acd5-b5d117e44dd5,true,768,true,"pandava","pandava","and","and"
2737,PASS,482,482,true,a0f1f3f5-e0f1-4bf5-bdde-383762ae92cf,true,768,true,"salya","salya",".","."
2738,PASS,486,486,true,eaf8a493-b18f-463c-8bc4-2fe88593f7fe,true,768,true,"his","his",".","."
2739,PASS,193,193,true,f66d516c-2e59-41a0-9acb-5a8a997c3570,true,768,true,"in","in","'","'"
2740,PASS,2,2,true,5984e253-7b25-43c8-bfdb-563ad3c1775d,true,768,true,"canto","canto","49","49"
2741,PASS,413,413,true,a5ef3fe2-6c4b-40eb-95b5-03b35ef3c011,true,768,true,"b","b","intent","intent"
2742,PASS,484,484,true,cd99bfd5-8aa3-4d24-9db3-de7f52358a72,true,768,true,"are","are","dense","dense"
2743,PASS,276,276,true,7f2224b4-9da9-45ed-afd0-b5331a22f7b3,true,768,true,"cloud","cloud","'","'"
2744,PASS,2,2,true,654b110c-26c8-4498-bb0d-4769d930f907,true,768,true,"canto","canto","50","50"
2745,PASS,395,395,true,99020af4-2c81-4ff3-a3c0-706f972aa789,true,768,true,"b","b","?","?"
2746,PASS,482,482,true,d1148b44-f26e-48a3-bec1-ae90cd8ff1eb,true,768,true,"as","as",""","""
2747,PASS,468,468,true,38538d06-2c83-4e00-ac32-ba1fff200d00,true,768,true,"when","when","'","'"
2748,PASS,2,2,true,bd621e20-3378-4c5b-bac3-e8c9f1af20ca,true,768,true,"canto","canto","51","51"
2749,PASS,421,421,true,a96f47ef-2d92-4bba-b4a1-25d54b17eba4,true,768,true,"b","b","s","s"
2750,PASS,255,255,true,266b2b00-2069-4a03-b86a-ac65ed0a0a41,true,768,true,"race","race","'","'"
2751,PASS,2,2,true,37dd5cec-a49b-454a-ac44-5181de60a2da,true,768,true,"canto","canto","52","52"
2752,PASS,394,394,true,59d1f897-d31a-41bf-bc3d-9efc186dd3d3,true,768,true,"b","b","sunlike","sunlike"
2753,PASS,486,486,true,ccd24a54-ae79-4039-9d2e-2ec99e794121,true,768,true,"radiance","radiance",",",","
2754,PASS,460,460,true,dc1a83ff-e18a-430d-a58b-6ce7d759e525,true,768,true,"famed","famed","the","the"
2755,PASS,107,107,true,8451faea-3169-4bef-8599-7da8ad9b7758,true,768,true,"very","very","'","'"
2756,PASS,2,2,true,a102a5b0-6e01-4fce-934f-82bcb710737f,true,768,true,"canto","canto","53","53"
2757,PASS,407,407,true,4b677c82-48ca-4f25-9a2c-849de4e5e69d,true,768,true,"b","b","-","-"
2758,PASS,409,409,true,af5d997b-fe94-4a58-9c4c-f9b773d39858,true,768,true,"winged","winged","'","'"
2759,PASS,2,2,true,0ba557a2-8888-49db-8ae9-65dcfb030e4a,true,768,true,"canto","canto","54","54"
2760,PASS,410,410,true,eadca801-00d0-41f2-877c-fc86e1ec7278,true,768,true,"b","b","parantapa","parantapa"
2761,PASS,454,454,true,c2d82887-d9d2-4989-a484-ed59236503f2,true,768,true,"bhima","bhima",".","."
2762,PASS,487,487,true,4401d2b6-b701-4e38-9004-0c5b4c432a13,true,768,true,"that","that","s","s"
2763,PASS,452,452,true,5f519933-2168-45ea-a5f8-b2b6a754ff77,true,768,true,"chest","chest",".","."
2764,PASS,449,449,true,c5521654-e5f3-44fe-b610-c5301298c6ad,true,768,true,"obeying","obeying","and","and"
2765,PASS,223,223,true,e3210f63-dcd5-458a-a879-4ff6a60e48f5,true,768,true,"carries","carries","'","'"
2766,PASS,2,2,true,025e9d4d-0bbe-4c40-a0e0-53cd78a8ee01,true,768,true,"canto","canto","55","55"
2767,PASS,407,407,true,d149e795-ba0c-466f-9e9b-08d43b67e881,true,768,true,"b","b","thousands","thousands"
2768,PASS,432,432,true,d8dc996e-a547-4bf6-b013-aa3d40583cbc,true,768,true,"of","of","'","'"
2769,PASS,2,2,true,859bca56-4c21-4767-a194-36a41f98e6e0,true,768,true,"canto","canto","56","56"
2770,PASS,405,405,true,1b1c71ae-685e-4215-bcb0-cfdb25d33460,true,768,true,"b","b","the","the"
2771,PASS,115,115,true,394cf7f9-aae0-4deb-b451-a69de1fedd0f,true,768,true,"pandavas","pandavas","'","'"
2772,PASS,2,2,true,c3003bb7-efd3-45e7-9d7e-c545dbb77bfd,true,768,true,"canto","canto","57","57"
2773,PASS,397,397,true,94d3ee92-3855-4887-9383-e892efe072f8,true,768,true,"b","b",".","."
2774,PASS,388,388,true,132a859f-3449-4cd5-8fb6-a91c68c171b9,true,768,true,"everywhere","everywhere","'","'"
2775,PASS,2,2,true,144ea85a-f3be-435f-91b0-aa52b7033e0b,true,768,true,"canto","canto","58","58"
2776,PASS,393,393,true,61340084-9f60-4a42-bc35-e245f95e5759,true,768,true,"b","b","host","host"
2777,PASS,505,505,true,7432b1c5-1085-4186-8722-2ba74b358803,true,768,true,"from","from","their","their"
2778,PASS,10,10,true,5414a9bf-200c-474f-940d-8cf4348f88aa,true,768,true,"conches","conches","'","'"
2779,PASS,2,2,true,cf37d032-f886-4b58-8bdb-52d17dc47239,true,768,true,"canto","canto","59","59"
2780,PASS,392,392,true,d974c807-bb78-4edb-be91-a3b334b7452f,true,768,true,"b","b","with","with"
2781,PASS,497,497,true,643e6870-e1d0-4b30-ad4e-17a6ce15269e,true,768,true,"multicoloured","multicoloured","the","the"
2782,PASS,475,475,true,154b88d1-7628-446c-9a37-bccfcf110b91,true,768,true,"prowess","prowess",".","."
2783,PASS,472,472,true,77446c20-ad66-4ea3-a28d-a104e7ba742b,true,768,true,"the","the",",",","
2784,PASS,501,501,true,45dd6c90-8e1d-49bb-b339-070b84190785,true,768,true,"and","and",",",","
2785,PASS,484,484,true,4913ba3b-3295-4dd5-a27e-cb58fe108735,true,768,true,"which","which",".","."
2786,PASS,477,477,true,14ac3ff6-3a6d-4298-a17b-1693ac1ebbfb,true,768,true,"and","and",".","."
2787,PASS,475,475,true,774e1e7d-07f7-4a66-9e0d-c788dd4d33f3,true,768,true,"the","the",".","."
2788,PASS,295,295,true,a3af48ad-0573-4a21-b6d6-4e5e3e2585c7,true,768,true,"and","and","'","'"
2789,PASS,2,2,true,0b2c01b9-3361-496a-85bf-05278717d631,true,768,true,"canto","canto","60","60"
2790,PASS,393,393,true,0581607b-18ad-46c4-9775-3b3098fc7456,true,768,true,"b","b","the","the"
2791,PASS,462,462,true,9903a2c4-6bb5-463c-8304-fa7bc924ed73,true,768,true,"twang","twang",".","."
2792,PASS,60,60,true,3975e92d-b1df-47a7-987c-f99925d1d300,true,768,true,"your","your","'","'"
2793,PASS,2,2,true,664c5d89-7811-458b-8eef-7de42a2c89da,true,768,true,"canto","canto","61","61"
2794,PASS,414,414,true,65eab639-eef6-424e-bbd5-1811cf9b2dc5,true,768,true,"b","b",".","."
2795,PASS,358,358,true,90ac9d35-549d-4e1a-b343-1e3b708fc283,true,768,true,"with","with","'","'"
2796,PASS,2,2,true,71adb8e2-c28f-42ed-abdf-6d400a84f756,true,768,true,"canto","canto","62","62"
2797,PASS,395,395,true,0d9820ac-dcdd-48f8-8faf-e3830ed7a9fe,true,768,true,"b","b",".","."
2798,PASS,468,468,true,06b00750-88d3-4421-a381-f31270e67d19,true,768,true,"when","when","they","they"
2799,PASS,450,450,true,8073166b-51a7-40ff-a4f4-a5a6c37e81ec,true,768,true,"rode","rode","'","'"
2800,PASS,2,2,true,44fab684-efb4-4808-9db0-b4d9680db546,true,768,true,"canto","canto","63","63"
2801,PASS,396,396,true,d92b1224-da92-4023-babb-9dfe3bcb5449,true,768,true,"b","b","s","s"
2802,PASS,330,330,true,fe831973-bba8-48be-9a40-4213c1691ea1,true,768,true,"abode","abode","'","'"
2803,PASS,2,2,true,5db876fd-5746-4e4d-a678-0b68616c6510,true,768,true,"canto","canto","64","64"
2804,PASS,395,395,true,febdcfc5-ff0f-416b-aeb4-44d7a99bba80,true,768,true,"b","b",".","."
2805,PASS,466,466,true,4eeec24b-d278-472a-be1b-0ec93dff5506,true,768,true,"your","your","of","of"
2806,PASS,479,479,true,b1d601c8-ec56-4654-ba51-6de8a722969d,true,768,true,"the","the",""","""
2807,PASS,209,209,true,2a101ca7-c4e4-4e3a-a78d-99cc10a5dc29,true,768,true,"hearing","hearing","'","'"
2808,PASS,2,2,true,663bd792-279f-4a41-b51d-d779afd5439a,true,768,true,"canto","canto","65","65"
2809,PASS,428,428,true,7e643881-b8b6-451e-af1b-a3015c527581,true,768,true,"b","b",".","."
2810,PASS,466,466,true,bda8d0c3-aaec-4a4c-b49a-3530bfdb455d,true,768,true,"having","having",".","."
2811,PASS,514,514,true,0bfb5580-8a37-401b-81c6-85195044542a,true,768,true,"although","although","the","the"
2812,PASS,521,521,true,1b7e1cbf-631f-440f-9920-9c3cb918b332,true,768,true,"unmanifest","unmanifest","mystery","mystery"
2813,PASS,192,192,true,9370daa5-32b9-4e67-841f-7700d5e4bef0,true,768,true,"through","through","'","'"
2814,PASS,2,2,true,ea3137f3-2799-4ca0-956e-89f065f540ad,true,768,true,"canto","canto","66","66"
2815,PASS,409,409,true,418e03de-fb24-4999-92aa-cf1af7f78893,true,768,true,"b","b",".","."
2816,PASS,508,508,true,523828d3-dbc2-4e94-8ed5-c215cd3d6380,true,768,true,"therefore","therefore","supreme","supreme"
2817,PASS,160,160,true,338fc83c-7b45-4b73-a3c2-5541a4067376,true,768,true,"excellence","excellence","'","'"
2818,PASS,2,2,true,4d0e0638-c6bb-4f20-93af-001c6ee69d38,true,768,true,"canto","canto","67","67"
2819,PASS,418,418,true,3b6b6e50-d799-4b72-ac0e-a50dd06adcd9,true,768,true,"b","b",".","."
2820,PASS,189,189,true,ce7248f3-05e5-4a8e-bf54-85618705a786,true,768,true,"he","he","'","'"
2821,PASS,2,2,true,9721d820-3683-43dc-b27b-bcb3858bf6b1,true,768,true,"canto","canto","68","68"
2822,PASS,434,434,true,8dba2fb6-32ef-4411-a955-33f5a679fb69,true,768,true,"b","b","mighty","mighty"
2823,PASS,62,62,true,14fc8ff1-bfd2-41ce-9e1c-573733f4e97c,true,768,true,"brothers","brothers","'","'"
2824,PASS,2,2,true,0acb9eb9-775a-452e-a541-6879c5018ba8,true,768,true,"canto","canto","69","69"
2825,PASS,397,397,true,bef1b5d0-db13-43f0-81b9-72ee1fe480f8,true,768,true,"b","b","of","of"
2826,PASS,279,279,true,d9d06b8d-fb6c-4e91-84a7-3ee396250dd6,true,768,true,"pandu","pandu","'","'"
2827,PASS,2,2,true,958b0e9b-1f5b-435a-8c4c-09a43be1bdc3,true,768,true,"canto","canto","70","70"
2828,PASS,402,402,true,befcb671-0488-45d0-808a-6c7cd944bc2f,true,768,true,"b","b","and","and"
2829,PASS,180,180,true,5d6c49ff-3fa2-4bc7-930d-208de62dc2da,true,768,true,"thighs","thighs","'","'"
2830,PASS,2,2,true,f07b00b6-93d9-48d3-b30c-974225836265,true,768,true,"canto","canto","71","71"
2831,PASS,393,393,true,0e13bfc1-fae1-4c8c-bc2a-249c17a106ae,true,768,true,"b","b",".","."
2832,PASS,467,467,true,4c38211c-487b-4426-a7fb-0316b15819f9,true,768,true,"all","all","and","and"
2833,PASS,136,136,true,093483a2-c721-4a6d-8133-26fe04491f72,true,768,true,"riders","riders","'","'"
2834,PASS,2,2,true,b9c7b65a-20f8-47c6-a985-c46aee56d1c9,true,768,true,"canto","canto","72","72"
2835,PASS,378,378,true,a13ea4a2-0bbf-46cc-aefc-c94668d8ccdd,true,768,true,"b","b",".","."
2836,PASS,258,258,true,c8ca8a39-9b81-449a-8ec8-c318311a4f73,true,768,true,"brave","brave","'","'"
2837,PASS,2,2,true,a03476ec-519e-4957-a8a4-02c5f7663e60,true,768,true,"canto","canto","73","73"
2838,PASS,399,399,true,f5f7dee6-ea6a-4e27-a5ac-7e7feeb1295d,true,768,true,"b","b","indra","indra"
2839,PASS,368,368,true,da3f4ff7-bd9f-43d7-b367-836dcce353a9,true,768,true,"himself","himself","'","'"
2840,PASS,2,2,true,bea8b39f-afa4-4b86-a5bd-5557692bb33e,true,768,true,"canto","canto","74","74"
2841,PASS,425,425,true,734c4e47-d6ae-4f82-be57-4b112f90e350,true,768,true,"b","b",".","."
2842,PASS,242,242,true,0a61cf0d-7ca9-457a-8e47-5c837b6100c5,true,768,true,"seeing","seeing","'","'"
2843,PASS,2,2,true,0e730b6a-6109-45db-8ef2-bff023e20fdc,true,768,true,"canto","canto","75","75"
2844,PASS,394,394,true,7c90cba7-2f52-44ec-a27d-84f70d5e6ace,true,768,true,"b","b","the","the"
2845,PASS,409,409,true,7ff600b8-a913-4d1d-9df3-c4e99ec0d632,true,768,true,"kambojas","kambojas","'","'"
2846,PASS,2,2,true,b49b3932-32f9-44da-91ca-2de930958573,true,768,true,"canto","canto","76","76"
2847,PASS,420,420,true,d91d684d-b5a3-4d65-bd5f-c0e0092b6370,true,768,true,"b","b","and","and"
2848,PASS,174,174,true,ab4f8ed5-f495-456b-bdaa-9b7934f1f788,true,768,true,"others","others","'","'"
2849,PASS,2,2,true,59a029aa-35f2-4513-9db7-b87092f99e81,true,768,true,"canto","canto","77","77"
2850,PASS,396,396,true,20594154-a8c5-4dec-ba0f-d569d71e7047,true,768,true,"b","b",".","."
2851,PASS,508,508,true,460b5ec9-37e9-434b-bef8-019d72c59d51,true,768,true,"filled","filled",".","."
2852,PASS,415,415,true,29e2e8bd-5f80-4373-8693-cbeda9f6b5df,true,768,true,"but","but","towards","towards"
2853,PASS,158,158,true,89393ebb-69df-45de-b2e8-0788046ac6d7,true,768,true,"him","him","'","'"
2854,PASS,2,2,true,69e1cb6a-1195-4d9f-b684-cccc6ef464c2,true,768,true,"canto","canto","78","78"
2855,PASS,259,259,true,3697851b-7d92-4428-af17-188682ec32c4,true,768,true,"b","b","'","'"
2856,PASS,2,2,true,4da0acb2-ac72-4283-a9d5-3e32e09e0766,true,768,true,"canto","canto","79","79"
2857,PASS,373,373,true,0bb265c2-bd41-4c56-b868-369521a5398e,true,768,true,"b","b","armies","armies"
2858,PASS,32,32,true,fb6ae5cf-b1bc-4a98-a766-2e562f2d315c,true,768,true,"is","is","'","'"
2859,PASS,2,2,true,f72c0b57-1d12-4175-bf9a-06d89076fe78,true,768,true,"canto","canto","80","80"
2860,PASS,431,431,true,9a9c7fb8-014f-40fd-a242-50f8d0c68e45,true,768,true,"b","b","of","of"
2861,PASS,459,459,true,308fafde-712e-403b-a83b-fff726f5807c,true,768,true,"them","them","dushkarna","dushkarna"
2862,PASS,277,277,true,296e77bb-ab40-46f2-b8eb-2c6e0522b555,true,768,true,"deeply","deeply","'","'"
2863,PASS,2,2,true,c3d4f6a9-7227-4bf8-81c7-7c8817394f40,true,768,true,"canto","canto","81","81"
2864,PASS,400,400,true,a991a483-c9d5-4c1b-abf1-873c6b1c9917,true,768,true,"b","b",""","""
2865,PASS,279,279,true,43d44ccf-102c-481d-82b2-fbdd525ebe48,true,768,true,"hearing","hearing","'","'"
2866,PASS,2,2,true,a04e30da-f932-41ce-ae2e-786b510faf38,true,768,true,"canto","canto","82","82"
2867,PASS,380,380,true,448f9fa2-6df3-4d1b-be11-04941d080632,true,768,true,"b","b",".","."
2868,PASS,462,462,true,54f367ed-cb0b-406f-8215-14ff05c91eab,true,768,true,"ten","ten","those","those"
2869,PASS,182,182,true,c2820149-2b5d-460a-9f12-169459394c3d,true,768,true,"celebrated","celebrated","'","'"
2870,PASS,2,2,true,ec1169d0-493a-4d5b-adf9-e488b1a41c6f,true,768,true,"canto","canto","83","83"
2871,PASS,400,400,true,345672f1-f884-44dc-8fe4-7bd8727b0ea5,true,768,true,"b","b",".","."
2872,PASS,477,477,true,7ed85712-4e94-4397-a768-541e3cb6b7b3,true,768,true,"drona","drona",".","."
2873,PASS,396,396,true,829aceec-61cb-4d95-af02-65abe40294ee,true,768,true,"the","the","'","'"
2874,PASS,2,2,true,ca66ff29-3173-428a-a355-e33830f8c3ae,true,768,true,"canto","canto","84","84"
2875,PASS,420,420,true,4c9ab22c-6a70-4aa8-8049-7d02fd90f9b0,true,768,true,"b","b",".","."
2876,PASS,454,454,true,6170cbf0-f8a2-4961-be79-2ac33df2d9b8,true,768,true,"abandoning","abandoning",".","."
2877,PASS,311,311,true,34de1dbb-d11d-4b8d-825d-22a1094c75cb,true,768,true,"ghatotkacha","ghatotkacha","'","'"
2878,PASS,2,2,true,1770138a-daca-4ac5-9e79-d046fe9842c5,true,768,true,"canto","canto","85","85"
2879,PASS,415,415,true,32f99dff-521c-4a90-a091-73555dfa9e37,true,768,true,"b","b","five","five"
2880,PASS,459,459,true,51c62642-9a0f-4886-aee3-a3aca5180d39,true,768,true,"sickening","sickening","dire","dire"
2881,PASS,106,106,true,9e953b99-d95b-47c8-81dd-284f71f40f51,true,768,true,"enemy","enemy","'","'"
2882,PASS,2,2,true,d5c8613c-67e8-4ceb-9836-29b97b447c78,true,768,true,"canto","canto","86","86"
2883,PASS,387,387,true,855cf726-573a-4e91-9037-0b7428dc5919,true,768,true,"b","b","jayadratha","jayadratha"
2884,PASS,490,490,true,d3521e62-ecf9-4689-8b99-8f3b118742f5,true,768,true,"takes","takes",".","."
2885,PASS,191,191,true,068c45e7-f427-41db-baeb-934231d0d40b,true,768,true,"seeing","seeing","'","'"
2886,PASS,2,2,true,82d354bf-1e27-4355-81c9-facd0939c5e6,true,768,true,"canto","canto","87","87"
2887,PASS,390,390,true,c72fa791-63f7-4f16-ba5e-62c18199415c,true,768,true,"b","b",".","."
2888,PASS,470,470,true,728da4c8-2aa3-4b82-94f4-de9e1c7be402,true,768,true,"and","and","other","other"
2889,PASS,281,281,true,93ffa485-8a4e-43aa-86d8-0a29d18a87cf,true,768,true,"flesh","flesh","'","'"
2890,PASS,2,2,true,dacb2530-8379-4d8b-856e-070a892ca79a,true,768,true,"canto","canto","88","88"
2891,PASS,379,379,true,f648ee92-9dd1-4582-9669-081fb479bc8d,true,768,true,"b","b",",",","
2892,PASS,479,479,true,d610acd6-4203-44d9-b29e-43f841c93faa,true,768,true,"with","with","countless","countless"
2893,PASS,26,26,true,1464a687-608e-4d61-a0f2-924427adb9ba,true,768,true,"bright","bright","'","'"
2894,PASS,2,2,true,f9edc18a-ae8b-4abd-8a21-25ef669ca3b0,true,768,true,"canto","canto","89","89"
2895,PASS,373,373,true,37b319d2-4393-48d3-b9d7-1ac06ef29578,true,768,true,"b","b","mighty","mighty"
2896,PASS,486,486,true,16c9934c-71e1-490b-819e-de7e8cc599a6,true,768,true,"body","body","our","our"
2897,PASS,182,182,true,885f432c-90f4-4ae7-919b-3d3ad1f53ef2,true,768,true,"forces","forces","'","'"
2898,PASS,2,2,true,b1cb1315-1786-4ef8-b37e-afbb63ba9a51,true,768,true,"canto","canto","90","90"
2899,PASS,428,428,true,2ad02fa6-55f5-415c-8c93-831e122b8d5e,true,768,true,"b","b",",",","
2900,PASS,446,446,true,8712a41a-c107-4283-a35b-1695e2085ad7,true,768,true,"armoured","armoured",".","."
2901,PASS,160,160,true,bce35060-61d1-4ee6-99b0-cc583c1de3c5,true,768,true,"the","the","'","'"
2902,PASS,2,2,true,fd3d2b97-3886-4c78-99a2-32662a81c0b8,true,768,true,"canto","canto","91","91"
2903,PASS,431,431,true,3231d2c4-9000-4fd8-a8dd-a4410e716b16,true,768,true,"b","b","the","the"
2904,PASS,464,464,true,385e8201-b289-4c52-b438-8ce9e03101f5,true,768,true,"riderless","riderless",".","."
2905,PASS,483,483,true,47c6d9e4-6e3a-4902-86fe-253ba78b0a94,true,768,true,"only","only","a","a"
2906,PASS,486,486,true,b5e1aa82-03a0-425b-9f98-783c422d6636,true,768,true,"writhing","writhing","covenants","covenants"
2907,PASS,23,23,true,1a00273c-e8b3-45a0-a7cf-0994453a9165,true,768,true,"being","being","'","'"
2908,PASS,2,2,true,c974a215-3f61-4146-9032-a3848cb63189,true,768,true,"canto","canto","92","92"
2909,PASS,395,395,true,776726e5-2497-4e95-8455-e7e9e32a5667,true,768,true,"b","b","of","of"
2910,PASS,245,245,true,1dee31d5-3f42-49ad-a0c9-9a44786af980,true,768,true,"night","night","'","'"
2911,PASS,2,2,true,8199fc24-d2f9-41c3-bcc7-e466c9905343,true,768,true,"canto","canto","93","93"
2912,PASS,395,395,true,190e998c-2627-4efe-ac70-c07322fb305e,true,768,true,"b","b","king","king"
2913,PASS,459,459,true,cf087cef-3c20-44ff-9642-d63b48d25f9c,true,768,true,"unleashes","unleashes","the","the"
2914,PASS,111,111,true,2b5489fe-b06a-44a5-a9a1-5b6308907212,true,768,true,"chariots","chariots","'","'"
2915,PASS,2,2,true,058d6dd5-2f90-4d6e-b30b-58309154e0f3,true,768,true,"canto","canto","94","94"
2916,PASS,393,393,true,9bbacb40-31f7-457b-98d3-adef583ac425,true,768,true,"b","b",".","."
2917,PASS,475,475,true,ce12530d-263b-41e8-b57d-2ac81eda34f6,true,768,true,"in","in","abysmal","abysmal"
2918,PASS,45,45,true,d0bd552a-d3be-449d-8a3e-974f4f781ff9,true,768,true,"field","field","'","'"
2919,PASS,2,2,true,de18c00c-e389-4541-a880-c259531caed8,true,768,true,"canto","canto","95","95"
2920,PASS,426,426,true,d54bd63f-d973-4fe4-9895-26355ac8b5c6,true,768,true,"b","b","for","for"
2921,PASS,434,434,true,835459bc-9745-478c-a54a-6299cd9cf21b,true,768,true,"it","it","'","'"
2922,PASS,2,2,true,5cc6afe1-1bfe-4972-924b-1415668681aa,true,768,true,"canto","canto","96","96"
2923,PASS,394,394,true,89ad4013-f9d1-4743-81ca-23f6660101a4,true,768,true,"b","b","and","and"
2924,PASS,456,456,true,d9c0736c-1d58-4281-b810-68ddddf68d95,true,768,true,"ghatotkacha","ghatotkacha",".","."
2925,PASS,506,506,true,e3047e70-d518-4642-85ae-c302d0956b80,true,768,true,"the","the","pierces","pierces"
2926,PASS,150,150,true,d5c63793-129d-4b11-bd30-c6ee5422b3e7,true,768,true,"bhima","bhima","'","'"
2927,PASS,2,2,true,89e2e16c-f055-4cb3-8634-84a0c8f0ddb0,true,768,true,"canto","canto","97","97"
2928,PASS,375,375,true,02b2f2b6-348f-4693-8cbb-a434d6234452,true,768,true,"b","b",".","."
2929,PASS,485,485,true,6b41852a-b336-47e4-b44c-9ce5cc944f67,true,768,true,"bhima","bhima",".","."
2930,PASS,449,449,true,28b956d4-dde7-411c-9d80-2f773f5bdc4c,true,768,true,"golden","golden",".","."
2931,PASS,140,140,true,c04a781f-a6ee-44ff-9def-1c9ef7c59d9a,true,768,true,"the","the","'","'"
2932,PASS,2,2,true,c9fca322-718a-4b1d-a432-96f6b9c3803d,true,768,true,"canto","canto","98","98"
2933,PASS,427,427,true,c7125f7a-8233-498d-806e-578d9b6c0c88,true,768,true,"b","b",".","."
2934,PASS,404,404,true,07015e0e-ec69-4f73-b10a-b8224f5113e9,true,768,true,"and","and","'","'"
2935,PASS,2,2,true,974f96b7-14f7-4828-be9b-944342c906f8,true,768,true,"canto","canto","99","99"
2936,PASS,430,430,true,8dec9303-d3fe-40b5-a008-fc240173e155,true,768,true,"b","b",",",","
2937,PASS,472,472,true,e1b420fd-416d-4dfb-9ccf-b318d041de8a,true,768,true,"fight","fight",".","."
2938,PASS,269,269,true,8d5fbcaf-8413-42be-94c9-fe0ec0281e58,true,768,true,"our","our","'","'"
2939,PASS,2,2,true,ad16337a-4e6c-42ec-94da-6f9facca41ad,true,768,true,"canto","canto","100","100"
2940,PASS,386,386,true,e79d98c4-9622-4ec0-9f54-07f15111659d,true,768,true,"b","b",".","."
2941,PASS,264,264,true,ceeb6421-68ae-4f76-a410-2d44bbd5d480,true,768,true,"those","those","'","'"
2942,PASS,2,2,true,3ca4438a-682a-4534-b85f-260b201392f3,true,768,true,"canto","canto","101","101"
2943,PASS,407,407,true,78fffa12-a257-473b-b50b-9c26d787e99b,true,768,true,"b","b",",",","
2944,PASS,493,493,true,611a28e3-d294-44bd-98aa-0b92828c90c7,true,768,true,""",""",".","."
2945,PASS,23,23,true,84b10aac-b62f-4b0c-aa25-4495b6df6281,true,768,true,"the","the","'","'"
2946,PASS,2,2,true,48e5ae43-4a9c-4c2d-8896-f4bf65440596,true,768,true,"canto","canto","102","102"
2947,PASS,408,408,true,875ec891-f282-4acf-bb73-7ea37224180e,true,768,true,"b","b",".","."
2948,PASS,439,439,true,abf6db13-e49b-4848-b14e-b89bb4c6a204,true,768,true,"abhimanyu","abhimanyu","to","to"
2949,PASS,217,217,true,ab542da1-5ea3-4486-8093-4e9d659cd38d,true,768,true,"its","its","'","'"
2950,PASS,2,2,true,fadf65d7-db08-47b5-88d1-285440158256,true,768,true,"canto","canto","103","103"
2951,PASS,403,403,true,fb4b1e58-edf2-40b8-9fd6-596f724b493d,true,768,true,"b","b",".","."
2952,PASS,294,294,true,b0882bcd-6919-41c4-b6eb-315b4db70a64,true,768,true,"duryodhana","duryodhana","'","'"
2953,PASS,2,2,true,bad4064a-5343-4b9d-a3c7-fc5ba14cd34e,true,768,true,"canto","canto","104","104"
2954,PASS,378,378,true,765732e8-1e02-46c8-91d0-0601a4acff2d,true,768,true,"b","b","in","in"
2955,PASS,441,441,true,9844f15b-5f2b-4621-abd6-77fea119792a,true,768,true,"intelligence","intelligence",""","""
2956,PASS,134,134,true,e5415375-2db0-45d8-a355-0182e35bf250,true,768,true,"such","such","'","'"
2957,PASS,2,2,true,ae557f89-97e8-442f-bfd6-3aedee4b3a64,true,768,true,"canto","canto","105","105"
2958,PASS,425,425,true,58128949-f3a3-48b2-a69c-b68d63284be4,true,768,true,"b","b","as","as"
2959,PASS,342,342,true,c3a4596e-fd4a-47cb-841c-0c7d8cc1a9d8,true,768,true,"venus","venus","'","'"
2960,PASS,2,2,true,530dfa4c-e41b-4132-bb20-e8bf500c84d5,true,768,true,"canto","canto","106","106"
2961,PASS,399,399,true,6212c387-567f-41d8-9279-69f967ea1670,true,768,true,"b","b","twins","twins"
2962,PASS,150,150,true,d641ac9c-3d72-4c9e-9426-ca69f2df9f4d,true,768,true,"have","have","'","'"
2963,PASS,2,2,true,112db6da-ef47-4c39-a305-d544e331a496,true,768,true,"canto","canto","107","107"
2964,PASS,397,397,true,76684c8c-91ad-46c4-be9a-ff1a5ace500e,true,768,true,"b","b",".","."
2965,PASS,500,500,true,cc7f91fc-6047-4431-953d-b22e146aa056,true,768,true,"his","his",".","."
2966,PASS,503,503,true,91f8aee6-b391-4b23-a99f-50c14179b1dd,true,768,true,"seeing","seeing","to","to"
2967,PASS,351,351,true,daca49ec-db44-4a04-bb47-bc57d19b19a3,true,768,true,"notice","notice","'","'"
2968,PASS,2,2,true,7dd590ed-4cae-49ed-b72d-d175495aea1b,true,768,true,"canto","canto","108","108"
2969,PASS,431,431,true,eee2efe4-cb58-4a99-be69-47269aab5f97,true,768,true,"b","b","to","to"
2970,PASS,518,518,true,66f9b34a-c20e-43e2-beb0-dc8e955d97cd,true,768,true,"meet","meet","stand","stand"
2971,PASS,537,537,true,7acb8c03-66a2-48ef-81a1-31e8e30bde00,true,768,true,"before","before","strike","strike"
2972,PASS,563,563,true,651971ed-60f1-435c-a733-1a8ef62b252e,true,768,true,"you","you","must","must"
2973,PASS,553,553,true,c8d5bd32-b199-4a66-b5d9-d70f5c8597aa,true,768,true,"seize","seize","this","this"
2974,PASS,163,163,true,77bfba30-750c-48cc-af2e-0d27008a0f7c,true,768,true,"is","is","'","'"
2975,PASS,2,2,true,d2b44b51-7591-435c-bffc-64b95945375a,true,768,true,"canto","canto","109","109"
2976,PASS,369,369,true,ac156f0f-0e02-4caa-913b-5ccab834b099,true,768,true,"b","b","killing","killing"
2977,PASS,483,483,true,6718db7e-5ce9-4f1b-8551-4686102dee6d,true,768,true,"your","your","breast","breast"
2978,PASS,403,403,true,ed1489bf-c423-493b-af83-7d7c1be263fb,true,768,true,"with","with","'","'"
2979,PASS,2,2,true,6d83ed91-de06-47c2-ae5e-2449a58d1580,true,768,true,"canto","canto","110","110"
2980,PASS,422,422,true,5ff4d06f-3fa6-49fe-9596-6812f1e2a7de,true,768,true,"b","b","flame","flame"
2981,PASS,450,450,true,7c5d8ca6-7cdd-4ab2-b602-f0ea24b95e91,true,768,true,"of","of","'","'"
2982,PASS,2,2,true,f4a1c320-27f1-466a-b728-35eb2d6c9c8e,true,768,true,"canto","canto","111","111"
2983,PASS,401,401,true,05d5a730-b3b2-4bc2-9643-a74cbdb4c688,true,768,true,"b","b","vasava","vasava"
2984,PASS,435,435,true,de4baf92-44e3-4f4f-81bd-65957e287d41,true,768,true,"himself","himself","'","'"
2985,PASS,2,2,true,d7df5fb3-b723-4891-8d96-3356410d19b3,true,768,true,"canto","canto","112","112"
2986,PASS,375,375,true,c933ba9d-f2ad-4ee2-8e80-9293f668f938,true,768,true,"b","b","aswatthaman","aswatthaman"
2987,PASS,464,464,true,76a918b5-ee71-40f0-ba2e-64c70e3f4a06,true,768,true,"looses","looses","the","the"
2988,PASS,106,106,true,7149ca31-6940-4142-ab1a-00c7948ebb7b,true,768,true,"rumble","rumble","'","'"
2989,PASS,2,2,true,4f1655f5-3d28-4bc3-9e10-4faa508793a5,true,768,true,"canto","canto","113","113"
2990,PASS,405,405,true,7797ac5a-14c7-4296-adc4-d25115b38075,true,768,true,"b","b",".","."
2991,PASS,502,502,true,bdf341e4-9ae1-4e71-bcaa-6c4c25d67297,true,768,true,"that","that","as","as"
2992,PASS,146,146,true,99a20565-8f95-4869-be63-d71d52a7302a,true,768,true,"the","the","'","'"
2993,PASS,2,2,true,364b2594-1a79-4c2d-a50a-e55cb29ebc71,true,768,true,"canto","canto","114","114"
2994,PASS,399,399,true,5a031dca-44a1-496b-aa30-46b87aa7b518,true,768,true,"b","b","dreadful","dreadful"
2995,PASS,498,498,true,ed4c82aa-a77d-4c29-9256-e59a334f890a,true,768,true,"feats","feats",",",","
2996,PASS,260,260,true,1434d275-3b74-4239-a1cb-4a3769addbdd,true,768,true,"blows","blows","'","'"
2997,PASS,2,2,true,2ba99418-8600-4bcb-bcfd-9d19a623757c,true,768,true,"canto","canto","115","115"
2998,PASS,388,388,true,df07a5cd-8188-433e-9552-9e7438b32eed,true,768,true,"b","b","being","being"
2999,PASS,459,459,true,d4f2ca84-efea-4c91-95c8-88c39265e7b9,true,768,true,"opposed","opposed",".","."
3000,PASS,146,146,true,0071522b-4236-476f-8112-83029dfeb425,true,768,true,"indeed","indeed","'","'"
3001,PASS,2,2,true,12d27e0d-115f-41a7-8229-5bf99ae833cf,true,768,true,"canto","canto","116","116"
3002,PASS,378,378,true,33d53232-9047-4d16-bf12-1288b5fb1c4e,true,768,true,"b","b",""","""
3003,PASS,454,454,true,60af8efe-2b1b-4777-a969-b65fede24aae,true,768,true,"determined","determined","this","this"
3004,PASS,208,208,true,bad8faa0-5585-4127-9c8a-d894a5567295,true,768,true,"dark","dark","'","'"
3005,PASS,2,2,true,95677265-a020-4554-acdf-4db1397c0856,true,768,true,"canto","canto","117","117"
3006,PASS,380,380,true,cc0e35a5-5743-4d90-a996-b1ee3ad5422d,true,768,true,"b","b","adorned","adorned"
3007,PASS,473,473,true,46908b37-585c-4bdb-9b5e-403920e2af07,true,768,true,"with","with","virata","virata"
3008,PASS,498,498,true,d09a94f9-828a-4803-9d96-1054d75da842,true,768,true,"with","with","a","a"
3009,PASS,367,367,true,e0b88fe6-5a4c-4365-9a40-721a4e28d39a,true,768,true,"raging","raging","'","'"
3010,PASS,2,2,true,fd8ad3a5-e63e-46dd-8305-1793b12f157c,true,768,true,"canto","canto","118","118"
3011,PASS,381,381,true,661228ec-1f26-4e07-b784-ab38ddc62659,true,768,true,"b","b","against","against"
3012,PASS,468,468,true,e433d49d-0160-477a-a5d2-a81e4fec58b0,true,768,true,"the","the",".","."
3013,PASS,438,438,true,bae3ac18-b164-49c4-99d9-332c73f75877,true,768,true,"with","with","'","'"
3014,PASS,2,2,true,917abeda-755a-4dc5-9e73-b90d389838cc,true,768,true,"canto","canto","119","119"
3015,PASS,407,407,true,ec8623ce-5747-4011-bb5e-46dca0ae2384,true,768,true,"b","b","the","the"
3016,PASS,463,463,true,698bf80a-0700-41d9-bf43-07d1fec689ab,true,768,true,"astra","astra","attacks","attacks"
3017,PASS,249,249,true,c6e9ecb9-406f-46dd-a119-5ebc7d2f7bbb,true,768,true,"the","the","'","'"
3018,PASS,2,2,true,a6753ff2-719e-4eb4-8f66-d73bcc2b09bb,true,768,true,"canto","canto","120","120"
3019,PASS,398,398,true,f339b677-54eb-473c-aa24-fcfa2017dd6f,true,768,true,"b","b","at","at"
3020,PASS,488,488,true,49bcc8b2-a048-4f46-a3bb-2c82a4f2f3eb,true,768,true,"the","the",".","."
3021,PASS,449,449,true,700132cd-b6de-4e96-b701-374ccfc5c268,true,768,true,"only","only",".","."
3022,PASS,538,538,true,51acbcef-3ef8-454b-b813-2fe454b164b5,true,768,true,"deeply","deeply",",",","
3023,PASS,495,495,true,04fa6826-7400-4330-b376-e9266505b1e5,true,768,true,"arjuna","arjuna",".","."
3024,PASS,491,491,true,91cd2a47-2b73-49c0-9d23-8f0b737d24a9,true,768,true,"those","those","the","the"
3025,PASS,19,19,true,166d6527-2151-4207-b278-72e28d3b3111,true,768,true,"communion","communion","'","'"
3026,PASS,2,2,true,4bcb4cbc-570a-4ebd-b3bc-509cb80db28d,true,768,true,"canto","canto","121","121"
3027,PASS,431,431,true,d0889b63-dd17-4c2e-802a-390a005e2dc7,true,768,true,"b","b","what","what"
3028,PASS,464,464,true,2cf3134f-55cd-4136-b67f-21b38dad895e,true,768,true,"to","to","'","'"
3029,PASS,2,2,true,c858c3c6-a5eb-47ad-abe9-99dca66195e3,true,768,true,"canto","canto","122","122"
3030,PASS,440,440,true,c09c4921-ba95-42e1-957e-adef104409ca,true,768,true,"b","b","who","who"
3031,PASS,268,268,true,ba0eb204-0dec-4fd4-97c3-c5f9787f267c,true,768,true,"witness","witness","'","'"
3032,PASS,2,2,true,15d95485-caaf-4d4f-87a5-011bc4a3ff26,true,768,true,"canto","canto","123","123"
3033,PASS,418,418,true,259e4523-1c43-407e-ba03-c3cdecb4a7f8,true,768,true,"b","b","are","are"
3034,PASS,472,472,true,ab421449-9e37-45e2-bea2-894ba74eb31c,true,768,true,"a","a","have","have"
3035,PASS,481,481,true,fc7992af-ab50-4306-b8ac-d501328b1c1e,true,768,true,"seen","seen",""","""
3036,PASS,2,2,true,9dd09045-59fc-4180-9695-f71833988552,true,768,true,"canto","canto","124","124"
3037,PASS,440,440,true,f475aebc-c7c8-4c7d-99cc-5d42ecd115ec,true,768,true,"b","b","the","the"
3038,PASS,513,513,true,42c55fbb-c8af-4638-a49c-6c03d2d07c9b,true,768,true,"invincible","invincible",".","."
3039,PASS,132,132,true,a9f5115e-81d0-4ab4-8148-5bfb8746c988,true,768,true,"you","you","parva","parva"
3040,PASS,276,276,true,1f95c79c-edd7-4616-a7a3-c217611d6ee2,true,768,true,"a","a","second","second"
3041,PASS,421,421,true,2cdc8229-19c1-4d79-8dd6-c894e136323e,true,768,true,"division","division","'","'"
3042,EMPTY_PAGE,0,0,true,,false,,false,"","","",""
3043,EMPTY_PAGE,0,0,true,,false,,false,"","","",""
3044,EMPTY_PAGE,0,0,true,,false,,false,"","","",""
3045,EMPTY_PAGE,0,0,true,,false,,false,"","","",""
3046,PASS,139,139,true,58893f03-8347-4b71-99ac-2a1c5be8edda,true,768,true,"the","the",".","."
3047,PASS,13,13,true,87aff32f-7574-4ddc-985c-30b97e140d31,true,768,true,"the","the","pillay","pillay"
3048,PASS,167,167,true,e39cb635-3121-4877-b10f-2bd4a8b5cf93,true,768,true,"published","published",".","."
3049,PASS,4,4,true,0cd9f527-19d9-47f0-97b3-88015e3bf0d5,true,768,true,"to","to","anita","anita"
3050,PASS,45,45,true,e1d878e0-8025-4a4e-9cb4-5dcbccc45ffc,true,768,true,"c","c","parva","parva"
3051,PASS,256,256,true,9fcffd00-3707-43cb-8d2e-7a8bce541c28,true,768,true,"a","a",".","."
3052,PASS,79,79,true,82ffc9a1-90b7-4e89-81db-2afc17cfb508,true,768,true,"this","this","editor","editor"
3053,PASS,27,27,true,eea61543-27f3-4b21-9aff-b9daf228c15e,true,768,true,"a","a",".","."
3054,PASS,263,263,true,75b3682c-99e9-48e1-a4b4-ebba5fe777b4,true,768,true,"a","a","that","that"
3055,PASS,494,494,true,cdb5f263-5883-4d71-8795-b7584fe0f650,true,768,true,"the","the","one","one"
3056,PASS,514,514,true,9af443ba-e105-4787-8886-3c748e1371c9,true,768,true,"resembling","resembling",""","""
3057,PASS,267,267,true,77ff1513-9deb-4daa-9001-0f8899c083f5,true,768,true,""",""","the","the"
3058,PASS,550,550,true,a2e04680-9ee9-4f47-8adb-d570cd3e3c61,true,768,true,"sovereign","sovereign","when","when"
3059,PASS,552,552,true,e7cf416a-d7a2-4836-a222-df64975e0bf6,true,768,true,"duryodhana","duryodhana","the","the"
3060,PASS,61,61,true,7e4685e4-15a6-4e6e-ba89-c481b9169824,true,768,true,"sun","sun",""","""
3061,PASS,264,264,true,c4bffec4-4d6a-474b-b750-46d81ac65940,true,768,true,""",""","says","says"
3062,PASS,484,484,true,0a484b72-ea44-46d9-84c9-64ceae6a4197,true,768,true,"reverentially","reverentially",""","""
3063,PASS,250,250,true,db31c898-1eb6-4e4d-9e8c-e2c3a0e342f2,true,768,true,""",""",".","."
3064,PASS,220,220,true,3cb46cee-b396-462b-af1f-7f936a934088,true,768,true,"like","like",""","""
3065,PASS,274,274,true,584d0d67-a42c-4c39-ad5d-899b839d9070,true,768,true,""",""","to","to"
3066,PASS,349,349,true,07258c58-baae-4149-8dbb-d1d7e6960e73,true,768,true,"every","every","'","'"
3067,PASS,268,268,true,a678b7fa-3821-47c2-8cc4-a8ba9b706f4c,true,768,true,""",""",".","."
3068,PASS,137,137,true,603479b2-4675-4f7e-8623-f0ca113ba536,true,768,true,"we","we",""","""
3069,PASS,256,256,true,a854550f-f10d-48bd-a95a-7dc5f7492362,true,768,true,"'","'",".","."
3070,PASS,523,523,true,57a4fb27-5b5f-4644-a106-ecd4c11766ec,true,768,true,"then","then","war","war"
3071,PASS,514,514,true,52b33722-c14c-40f6-ac68-a00fe015cd5e,true,768,true,"chakras","chakras","falling","falling"
3072,PASS,184,184,true,5db86001-4795-44d0-b3cb-f262f03ca39a,true,768,true,"to","to",""","""
3073,PASS,242,242,true,0acc29ca-1914-47c8-a7ba-f6a5a5edd7bb,true,768,true,""",""","razing","razing"
3074,PASS,486,486,true,952f05f3-3d08-45ab-81ad-040ad8e08fe3,true,768,true,"their","their",".","."
3075,PASS,248,248,true,68e9d60b-2040-443f-b3ef-69de4b4ccc5f,true,768,true,"ever","ever",""","""
3076,PASS,267,267,true,1ad21f18-1608-464f-8fc0-bb2615a7964e,true,768,true,""",""","of","of"
3077,PASS,497,497,true,dd0bb6ad-5582-496f-9034-2f906322e3b3,true,768,true,"drona","drona","even","even"
3078,PASS,485,485,true,68d673af-8e79-4ad0-b32a-f0ac3592de43,true,768,true,"while","while",""","""
3079,PASS,240,240,true,7560d777-000c-4fdb-b288-a6e8d0caa282,true,768,true,"'","'","terrible","terrible"
3080,PASS,475,475,true,ff5fcb32-693f-4437-834e-5cb5f6a2c507,true,768,true,"glances","glances",".","."
3081,PASS,464,464,true,d69723b2-f862-4055-8205-460f2c5f3866,true,768,true,"when","when","?","?"
3082,PASS,451,451,true,0272465c-b735-44e9-bba7-b0315be07b03,true,768,true,"o","o","?","?"
3083,PASS,385,385,true,6d2ec084-e99c-42c0-9288-53145a330522,true,768,true,"the","the",""","""
3084,PASS,253,253,true,e95a0ba7-0ab9-4d52-8bfe-520edcb7683c,true,768,true,""",""","prince","prince"
3085,PASS,512,512,true,d07bb99a-478d-41e6-80f1-012108b27668,true,768,true,"yudhishtira","yudhishtira",""","""
3086,PASS,282,282,true,ce1dae57-1a2f-4c30-89b5-cf9181341da3,true,768,true,""",""","the","the"
3087,PASS,379,379,true,0001a4d0-5c7a-40e2-97c3-53bd5985c9e9,true,768,true,"greatest","greatest","'","'"
3088,PASS,251,251,true,31d54bc4-206e-4dee-aed2-cb181e9df360,true,768,true,""",""","the","the"
3089,PASS,487,487,true,a8ab0d55-0108-40f4-a828-78e7fa5c5fa5,true,768,true,"river","river",".","."
3090,PASS,467,467,true,448693bb-c9c5-4a12-a3f1-65cf30169dac,true,768,true,"seizing","seizing","a","a"
3091,PASS,502,502,true,4502eee9-88c9-4a26-859e-fe39366bc427,true,768,true,"fierce","fierce","on","on"
3092,PASS,500,500,true,4eee3e74-f565-4a96-a6d4-0476769ad8d8,true,768,true,"the","the",""","""
3093,PASS,236,236,true,4d82d12f-cd44-4886-810e-f475f7416628,true,768,true,""",""","and","and"
3094,PASS,512,512,true,4c766fd7-13a7-43ef-b370-8f9c9487cd89,true,768,true,"cries","cries","the","the"
3095,PASS,73,73,true,24062a26-bf12-4b3a-a022-38a481c29fc9,true,768,true,"frightened","frightened",""","""
3096,PASS,242,242,true,3e1caa65-2f57-47bb-b6c4-5d287adc70ab,true,768,true,""",""",".","."
3097,PASS,489,489,true,a564a091-2c35-49a0-8bcb-a5f6a2b19976,true,768,true,"having","having","immaculate","immaculate"
3098,PASS,497,497,true,d4ae91bb-a02a-4ca8-9fdd-f5366ca47481,true,768,true,"arrows","arrows","so","so"
3099,PASS,143,143,true,38521bd0-a874-4130-b231-bf57d622f362,true,768,true,"close","close",""","""
3100,PASS,261,261,true,da6d345f-d243-45a5-93c6-5ce356665238,true,768,true,""",""","and","and"
3101,PASS,506,506,true,f99509d1-cc51-4f11-bc8b-62f7ee824509,true,768,true,"humiliates","humiliates","harbour","harbour"
3102,PASS,489,489,true,684488c2-aab0-491d-b7dc-6991fe694df8,true,768,true,"malice","malice","plunge","plunge"
3103,PASS,29,29,true,8777ffeb-43a2-47a0-ba9d-ee5cbab9b96d,true,768,true,"furiously","furiously",""","""
3104,PASS,260,260,true,041f7831-f385-44a0-ad38-43ac90d8fda8,true,768,true,""",""","pandava","pandava"
3105,PASS,447,447,true,c1c605a2-4cbe-459f-ab72-c44c2f3a8c1f,true,768,true,"invokes","invokes",""","""
3106,PASS,252,252,true,250ac53b-c5f3-4df3-b5ed-3d290aa0b575,true,768,true,""",""","arjunas","arjunas"
3107,PASS,447,447,true,00517de5-ebbd-41a9-bfc3-05929c58eb43,true,768,true,"and","and",".","."
3108,PASS,347,347,true,a8a04ca2-696c-4242-9cde-0ce7f1efb9fb,true,768,true,"arjuna","arjuna",""","""
3109,PASS,220,220,true,1ec19eb8-259e-4e0a-829d-d52044283d23,true,768,true,""",""","and","and"
3110,PASS,497,497,true,ad551a6b-0d5e-441c-86d5-4e1d1c5ec107,true,768,true,"sudakshina","sudakshina","a","a"
3111,PASS,482,482,true,b8117c07-df90-4bfc-8b21-195c3b5c4936,true,768,true,"scathing","scathing","some","some"
3112,PASS,500,500,true,f91ad89a-b40b-4cb6-b785-3ab0df2c6382,true,768,true,"towering","towering","soldier","soldier"
3113,PASS,94,94,true,677b8ff2-e5ae-4153-b019-c990c9ef56c7,true,768,true,"madly","madly",""","""
3114,PASS,260,260,true,695b5711-bcc1-4c19-a583-f973fce5efba,true,768,true,""",""","roar","roar"
3115,PASS,509,509,true,f408ba70-82eb-43cf-b0bb-8934de0d0fc3,true,768,true,"in","in","clouds","clouds"
3116,PASS,509,509,true,797e8f30-58b1-4e4f-834f-d90ed3ae2208,true,768,true,"blown","blown",";",";"
3117,PASS,429,429,true,701514f4-916f-43b3-9976-cad17ba955b5,true,768,true,"satyaki","satyaki",""","""
3118,PASS,272,272,true,440ff183-01ae-46f8-9bb3-b0f6f7daa692,true,768,true,""",""","deer","deer"
3119,PASS,496,496,true,99388eb6-9ab2-45bc-ab67-a3bde8251ee4,true,768,true,"terrified","terrified","on","on"
3120,PASS,23,23,true,3d8c3704-fb0f-471e-9bf5-23f8ce4ad5e7,true,768,true,"their","their",""","""
3121,PASS,214,214,true,7a066af7-01d2-45bd-ad26-72964bf0b741,true,768,true,""",""",".","."
3122,PASS,515,515,true,26680e76-6c1f-4ae2-a693-61c32e5dad6b,true,768,true,"yudhishtira","yudhishtira",",",","
3123,PASS,456,456,true,a03e9d2e-b8c0-445b-a3a3-d4691a22a528,true,768,true,"who","who","with","with"
3124,PASS,484,484,true,157105c7-74f2-4b06-ae6f-3b7d29f80e64,true,768,true,"mouse","mouse","hundred","hundred"
3125,PASS,446,446,true,4b937bfd-1520-446f-9ed1-abb57f096342,true,768,true,"and","and",".","."
3126,PASS,492,492,true,9778940b-2502-476c-ba7e-0c1fb287435a,true,768,true,"the","the",".","."
3127,PASS,506,506,true,78144e15-25ab-4502-89d5-852dd0146e03,true,768,true,"srutakirti","srutakirti",".","."
3128,PASS,420,420,true,d0a39f12-5c8c-446d-99f6-5c9dd26d2568,true,768,true,"the","the",""","""
3129,PASS,232,232,true,246ce7ad-c583-46e0-9070-edd3e524cd1a,true,768,true,""",""",".","."
3130,PASS,517,517,true,4efce897-a70a-4b24-af12-d9eaed12d1e3,true,768,true,"duryodhana","duryodhana","out","out"
3131,PASS,493,493,true,221c7460-52ee-424a-994f-24cb52fe8a4f,true,768,true,"from","from",",",","
3132,PASS,463,463,true,2c99877c-80f7-4b50-bc5d-ba23951ae66d,true,768,true,"however","however","supratika","supratika"
3133,PASS,227,227,true,1983fb23-18d8-4f9d-b04a-668e1ba55441,true,768,true,"charges","charges",""","""
3134,PASS,260,260,true,3dbd61dd-0dd3-439d-b23a-93a9c1e4fd50,true,768,true,""",""",""","""
3135,PASS,489,489,true,0733c42f-0918-4415-9dce-459472a0d13e,true,768,true,"krishna","krishna","the","the"
3136,PASS,117,117,true,e54c6285-5068-4836-bbfa-9f505d8d504f,true,768,true,"samsaptaka","samsaptaka",""","""
3137,PASS,236,236,true,53805ae9-7dc3-44f0-856e-78473de3a987,true,768,true,""",""",".","."
3138,PASS,449,449,true,8cfe6306-7019-45a9-a923-344a7987df0f,true,768,true,"partha","partha",""","""
3139,PASS,247,247,true,24cf5aa6-4a05-453f-af99-80f84f43235d,true,768,true,""",""",".","."
3140,PASS,535,535,true,c43fd137-1c61-41cd-a28d-7753a63bef14,true,768,true,"once","once","protect","protect"
3141,PASS,407,407,true,62d5e6ef-0dec-4e68-a698-9f45f37e1613,true,768,true,"naraka","naraka",""","""
3142,PASS,232,232,true,446287b7-a57c-48bf-b2b6-23178032fe0a,true,768,true,""",""",".","."
3143,PASS,519,519,true,796689a6-21f6-47f0-ab34-a2cfd7445dd0,true,768,true,"but","but","a","a"
3144,PASS,274,274,true,ed09aad6-cf02-4bb4-956b-0233b95c1d07,true,768,true,"fierce","fierce",""","""
3145,PASS,250,250,true,f5beed9a-9e21-476d-b76f-1d944481763f,true,768,true,""",""",".","."
3146,PASS,511,511,true,182697a8-6386-4f81-81a8-3ef75a220bc1,true,768,true,"dhrishtadyumna","dhrishtadyumna","at","at"
3147,PASS,143,143,true,bcf3da6e-eea1-4334-8dfe-067e3754080b,true,768,true,"aswatthaman","aswatthaman",""","""
3148,PASS,231,231,true,56481a3a-69bb-453a-b4a0-8491c68cd852,true,768,true,""",""",".","."
3149,PASS,473,473,true,de1c65d0-06a9-493f-9704-fb50afaa8def,true,768,true,"together","together","the","the"
3150,PASS,535,535,true,f2576917-3ad7-495d-9426-e02fff209d50,true,768,true,"deranged","deranged","his","his"
3151,PASS,525,525,true,bb76a29b-fa77-4ecb-bc51-97039fb9cf01,true,768,true,"bowstring","bowstring","kills","kills"
3152,PASS,494,494,true,cd22c725-1ea4-4230-b18f-49555d596029,true,768,true,"karna","karna","-","-"
3153,PASS,196,196,true,02dd7be4-7fbf-46df-a036-72304ba647ec,true,768,true,"warriors","warriors",""","""
3154,PASS,250,250,true,c57c67f0-2998-4392-9d31-23d8b6c6c416,true,768,true,""",""",""","""
3155,PASS,507,507,true,a6bda2ba-935a-4a29-837c-c8442a5cf002,true,768,true,"drona","drona",""","""
3156,PASS,265,265,true,8910943d-5481-4df8-8864-e2a869868e16,true,768,true,""",""","to","to"
3157,PASS,396,396,true,68c2a75d-ee45-49f5-b136-9c28f660aa2c,true,768,true,"bhimasena","bhimasena",""","""
3158,PASS,250,250,true,9e095bf7-1930-40f0-9a7a-b949698a39da,true,768,true,""",""",",",","
3159,PASS,523,523,true,7081757f-a93b-4dde-8a77-8d3bf01404b9,true,768,true,"yudhishtira","yudhishtira",""","""
3160,PASS,273,273,true,ee4e835b-1523-4a1d-9eef-a2c7e5991920,true,768,true,""",""",",",","
3161,PASS,501,501,true,967e7001-9105-4f5c-afe3-7b03f3c8e8f3,true,768,true,"while","while",",",","
3162,PASS,488,488,true,3fc8f4cd-fcd9-4ff8-a435-e4572581d55a,true,768,true,"crowns","crowns","by","by"
3163,PASS,23,23,true,578852dd-4fd7-41ad-8905-be78d089a35f,true,768,true,"marriage","marriage",""","""
3164,PASS,262,262,true,9964a763-298f-4f15-9958-6598a1498069,true,768,true,""",""","holds","holds"
3165,PASS,504,504,true,541b44cd-420a-411b-9cb5-b4a4d2a63e37,true,768,true,"off","off","very","very"
3166,PASS,85,85,true,36bcd22b-5105-44d6-b0df-47a3118f0fe2,true,768,true,"vital","vital",""","""
3167,PASS,262,262,true,b5755b30-21c0-4be0-b901-3d4b4fcd8bfa,true,768,true,""",""",".","."
3168,PASS,425,425,true,153f251e-9b90-4851-b270-409869c07dd8,true,768,true,"after","after",""","""
3169,PASS,252,252,true,2ad5fab7-0ae6-4734-b66e-bab7a1a3bb6c,true,768,true,""",""","his","his"
3170,PASS,546,546,true,20905c4f-c41f-431c-9113-40ea05f39cf2,true,768,true,"friends","friends","great","great"
3171,PASS,24,24,true,4d2a6c5f-360b-48a0-aedb-29f99b833fe3,true,768,true,"anakas","anakas",""","""
3172,PASS,273,273,true,d7a87ba9-bf64-4ef9-afdf-8e1cedc73cd8,true,768,true,""",""",",",","
3173,PASS,498,498,true,b33f8ff3-e698-4bf4-bfaa-5f840740ec01,true,768,true,"today","today","of","of"
3174,PASS,209,209,true,2bb2ec0f-ed0e-4bfd-a16f-3a50b5317c1c,true,768,true,"fiery","fiery",""","""
3175,PASS,258,258,true,61f41ec0-2b95-492b-909d-060cdcf4dcf6,true,768,true,""",""","dry","dry"
3176,PASS,371,371,true,3446070c-709e-405b-955e-c5c15ba24386,true,768,true,"grass","grass",""","""
3177,PASS,250,250,true,b7afb59a-4bef-496b-96fe-dde755c17b92,true,768,true,""",""","'","'"
3178,PASS,425,425,true,80367c2a-c188-4e62-9bf3-2cf925a4a49b,true,768,true,"dhritarashtra","dhritarashtra",""","""
3179,PASS,256,256,true,6a14e664-49fa-46c6-8dc1-1a4ea7c7214b,true,768,true,""",""",",",","
3180,PASS,242,242,true,94832698-c570-426a-955c-b9233277a9c9,true,768,true,"then","then",""","""
3181,PASS,250,250,true,344f4bc4-a981-48a1-933d-d8c1e21e87f7,true,768,true,""",""",""","""
3182,PASS,287,287,true,213c5c2a-fa47-4352-95ef-65886c3e7483,true,768,true,"although","although",""","""
3183,PASS,261,261,true,fa92f78a-6f0b-4e55-978f-865a2f52b483,true,768,true,""",""","breaks","breaks"
3184,PASS,431,431,true,deab87a7-8f60-4fec-b4b3-2a93b3466afb,true,768,true,"rukmaratha","rukmaratha",""","""
3185,PASS,246,246,true,6cd56fae-ffeb-4d6b-9ec0-056277035f41,true,768,true,""",""",".","."
3186,PASS,480,480,true,9584c5e6-e4c1-4ea7-8d9f-60e7f307cc68,true,768,true,"like","like",""","""
3187,PASS,232,232,true,5febec83-7a4c-4d86-a99a-640cd6e1cb00,true,768,true,""",""",".","."
3188,PASS,327,327,true,39a17b8d-9e3a-49f3-94b0-3c178ae46d65,true,768,true,"cutting","cutting",""","""
3189,PASS,256,256,true,485b12c1-7994-4dcb-b570-d4aeeca72199,true,768,true,""",""",".","."
3190,PASS,512,512,true,13f7fa71-713b-411f-99e0-146943977059,true,768,true,"dusasana","dusasana","a","a"
3191,PASS,516,516,true,2f8adbe8-cc73-4fca-9b99-9031806d39c8,true,768,true,"true","true",",",","
3192,PASS,19,19,true,3dda67fd-c2ca-44fc-b121-94a509efdc0c,true,768,true,"is","is",""","""
3193,PASS,248,248,true,8af552bf-bfe5-4a5c-a202-dcd946ba7f76,true,768,true,""",""","the","the"
3194,PASS,509,509,true,16700e6e-b79a-46cb-ad59-fdac1a48b13c,true,768,true,"brahma","brahma","the","the"
3195,PASS,497,497,true,d453ed00-95cc-4074-bb3a-6580d9a38f34,true,768,true,"battlefield","battlefield","not","not"
3196,PASS,28,28,true,21e08e28-4e37-4cba-8c37-809ebae765ed,true,768,true,"grieve","grieve",""","""
3197,PASS,258,258,true,18bb2220-2b1b-4cb6-b708-546c3a89bb1f,true,768,true,""",""","field","field"
3198,PASS,442,442,true,c4767c48-37c8-4a15-a5e4-2f5074680b70,true,768,true,"of","of",""","""
3199,PASS,284,284,true,a82570e5-9d1f-48ae-b11b-b218869da8a3,true,768,true,""",""","in","in"
3200,PASS,324,324,true,d6474e86-7801-4189-9f9b-9615aa32ccd8,true,768,true,"the","the",""","""
3201,PASS,251,251,true,c3c5859b-2729-4386-85e6-37895aea8896,true,768,true,""",""","alone","alone"
3202,PASS,500,500,true,9997377e-80ee-486b-a8c8-aac97539331f,true,768,true,"men","men","regain","regain"
3203,PASS,374,374,true,e3d8c1cb-436e-4178-8b37-9e3d74565ed5,true,768,true,"neither","neither",""","""
3204,PASS,274,274,true,1e52a90f-6d49-43e8-a213-72919215d6d0,true,768,true,""",""","with","with"
3205,PASS,306,306,true,ad50a7a2-6fb1-4868-8b17-9ebc47fa1d17,true,768,true,"compassion","compassion",""","""
3206,PASS,309,309,true,fff57050-0c60-4c1e-a82b-f85f8fb736f4,true,768,true,""",""","it","it"
3207,PASS,490,490,true,04701492-705e-4968-988f-6e1cee54a28d,true,768,true,"must","must","do","do"
3208,PASS,556,556,true,f3b92f07-d4a1-45ce-b38a-75871c602c09,true,768,true,"you","you","their","their"
3209,PASS,473,473,true,d6511dd7-8d01-40be-8e3a-892a20a35f9d,true,768,true,"respective","respective","the","the"
3210,PASS,12,12,true,86daa820-03e3-4c09-8d6c-cc7d7373bb38,true,768,true,"field","field",""","""
3211,PASS,246,246,true,5ef5bb93-a238-4337-8462-6e2a038872c7,true,768,true,""",""","the","the"
3212,PASS,497,497,true,1a02dead-960d-4caa-b078-54eb876157b1,true,768,true,"splendour","splendour","named","named"
3213,PASS,508,508,true,80b46d55-8082-431f-b2bd-31060901c131,true,768,true,"suvarnashthivin","suvarnashthivin","happy","happy"
3214,PASS,231,231,true,4bb7897a-931b-41fc-a2e1-6c333b3e52ca,true,768,true,"with","with","'","'"
3215,PASS,248,248,true,b11a020f-8738-4e6c-9a43-4562bc422c40,true,768,true,""",""",",",","
3216,PASS,159,159,true,1d58dcdd-8b77-4748-8e17-43e7f77030fc,true,768,true,"makaras","makaras","'","'"
3217,PASS,262,262,true,26dab69f-a701-435d-bd59-bf8cbab4a8ff,true,768,true,""",""","with","with"
3218,PASS,143,143,true,ef4738ea-70b1-44f1-9a9e-e54f7e62d916,true,768,true,"golden","golden","'","'"
3219,PASS,252,252,true,36dab0bf-fdfa-4f0a-878f-4fed0ecf7f20,true,768,true,""",""",".","."
3220,PASS,279,279,true,511571de-b478-4786-8b79-f0bb8fb136bc,true,768,true,"the","the","'","'"
3221,PASS,259,259,true,760ef284-a3f2-4c8f-b211-8ade13ab07f5,true,768,true,""",""","performed","performed"
3222,PASS,493,493,true,1cc335c8-3309-40c1-9a6a-c3c7f5c08f01,true,768,true,"a","a","'","'"
3223,PASS,264,264,true,5fd3a8d8-a3d2-41fb-b235-cec37ced08e5,true,768,true,""",""","his","his"
3224,PASS,202,202,true,15e0f722-399a-4210-b261-a8a2d43b1b69,true,768,true,"sacrifices","sacrifices","'","'"
3225,PASS,260,260,true,d2f98786-9c2b-41d8-85ba-4fc1e3714fcb,true,768,true,""",""","!","!"
3226,PASS,62,62,true,8ba33849-d97f-4332-a3cb-c990f003ff26,true,768,true,"o","o","'","'"
3227,PASS,255,255,true,852f75ff-13b7-4953-86c7-e9976f58264f,true,768,true,""",""","son","son"
3228,PASS,398,398,true,fc7bb722-615e-4c4c-9e23-203d2df8e793,true,768,true,"from","from","'","'"
3229,PASS,243,243,true,e241b875-e80e-4fb3-a717-3c8a9bf012b2,true,768,true,""",""","on","on"
3230,PASS,109,109,true,c1545d44-64a1-4cd1-8afa-6da61958cb0d,true,768,true,"earth","earth","'","'"
3231,PASS,241,241,true,0921e9c4-fd12-40f9-8d42-ddf534441aab,true,768,true,""",""","and","and"
3232,PASS,292,292,true,ac9268a3-5a9e-4edb-b059-6185b33928a3,true,768,true,"fragrant","fragrant","'","'"
3233,PASS,246,246,true,6dc88e51-fb27-4730-98f1-4012cde5fb01,true,768,true,""",""","of","of"
3234,PASS,118,118,true,c0af4daa-d0ce-4b7b-8ebc-3c3e9c931454,true,768,true,"food","food","'","'"
3235,PASS,260,260,true,4047a7d5-7897-42f2-aa5c-2785d8917e34,true,768,true,""",""","chaturmasyas","chaturmasyas"
3236,PASS,433,433,true,de608f08-2013-4ed1-a9af-74cd9193568d,true,768,true,"and","and","'","'"
3237,PASS,243,243,true,65f8fe45-3f31-49ab-bf1c-add9461cd4e8,true,768,true,""",""","?","?"
3238,PASS,379,379,true,17b56cdb-19dc-4ded-b110-cd14d0ae9c79,true,768,true,"the","the","'","'"
3239,PASS,268,268,true,571f6d75-bf91-4f26-8245-a59271dec629,true,768,true,""",""",",",","
3240,PASS,284,284,true,3daeed78-bbf1-44cd-8a75-f1e71cf7b240,true,768,true,"he","he","'","'"
3241,PASS,273,273,true,2200e266-7ee5-4d8a-aef9-9f4bb79eb355,true,768,true,""",""",".","."
3242,PASS,514,514,true,51ee910d-e29f-4653-afb2-6de7da41678e,true,768,true,"when","when",".","."
3243,PASS,340,340,true,45805e60-bfbe-4862-a8ab-f2069fb460ae,true,768,true,"the","the",""","""
3244,PASS,251,251,true,f9d758a4-dca3-49fb-b173-b1c49df6a057,true,768,true,""",""",",",","
3245,PASS,428,428,true,40670aec-5496-4a74-a7c7-18d8724b979a,true,768,true,"the","the",""","""
3246,PASS,236,236,true,383b8054-961b-44d7-b58f-741278fec059,true,768,true,""",""",""","""
3247,PASS,513,513,true,93ab81b3-b3a7-41cb-a805-d76a7d23a78b,true,768,true,"narada","narada","srinjaya","srinjaya"
3248,PASS,141,141,true,949c1f63-ca2a-4986-b6e2-f1d15fe635f1,true,768,true,"was","was",""","""
3249,PASS,266,266,true,758e54b9-c5a9-4c04-a794-33cb5114c2eb,true,768,true,""",""",".","."
3250,PASS,515,515,true,4f484c57-5584-4f32-8b72-38f4577631c9,true,768,true,"arjuna","arjuna",""","""
3251,PASS,558,558,true,3750651e-696f-46c3-9233-b751ef47ef9b,true,768,true,"no","no",",",","
3252,PASS,537,537,true,fd36febc-401d-458f-af9a-51fcd7dbb282,true,768,true,"unfortunate","unfortunate","in","in"
3253,PASS,518,518,true,cfd79b5c-0ca1-4a43-8d10-1bee5fa9c3cd,true,768,true,"truth","truth",",",","
3254,PASS,165,165,true,b6b79b5b-ce4b-465d-9f7a-ee769fbd608e,true,768,true,"and","and","'","'"
3255,PASS,268,268,true,fe0ce53e-69c2-4088-a95a-380b6d0288f2,true,768,true,"'","'",".","."
3256,PASS,526,526,true,3715aa6c-ffbc-460c-a462-afea111c3f37,true,768,true,"during","during","speak","speak"
3257,PASS,519,519,true,bc2e5543-40df-481f-b686-0efdcdb0cc2a,true,768,true,"harshly","harshly","arjuna","arjuna"
3258,PASS,27,27,true,3eacd8d0-8eeb-427e-b776-93d0393f372b,true,768,true,"mahatman","mahatman",""","""
3259,PASS,286,286,true,8d661362-afbd-466d-a6e4-886d63da1be4,true,768,true,""",""","thwart","thwart"
3260,PASS,555,555,true,78450d5c-f67c-42db-adae-ffd76c8daeab,true,768,true,"arjuna","arjuna","will","will"
3261,PASS,153,153,true,de1a62e1-b9c6-43be-b23e-9302c68e541d,true,768,true,"gain","gain","'","'"
3262,PASS,262,262,true,99682454-5403-4736-80c2-5ec669b213e8,true,768,true,""",""","the","the"
3263,PASS,487,487,true,a8bcd69b-c0f3-4cab-8a3f-f14f9f3f1aa4,true,768,true,"sauviras","sauviras","are","are"
3264,PASS,81,81,true,d1dc7788-2e51-4779-9bf3-d45509d21fdd,true,768,true,"well","well","'","'"
3265,PASS,263,263,true,cea936f5-198b-4c5c-bd1a-5b034d8409df,true,768,true,""",""","upon","upon"
3266,PASS,517,517,true,c069a8fc-70a5-40c8-969a-0b4664df0d49,true,768,true,"drona","drona",""","""
3267,PASS,70,70,true,1f48bc3f-3e59-4c3c-aaf9-e7f48b41792f,true,768,true,"having","having","'","'"
3268,PASS,242,242,true,9b13843c-b59f-4f7c-b4fd-07e8f145a2c3,true,768,true,""",""",".","."
3269,PASS,514,514,true,c3032a6e-8d43-43c6-a644-b82e771d29d4,true,768,true,"arjuna","arjuna",""","""
3270,PASS,286,286,true,9849b3b5-ff41-4a6e-a2ef-647a78c762e1,true,768,true,""",""","plain","plain"
3271,PASS,531,531,true,2a562df0-ca50-46be-b090-825add67a5aa,true,768,true,"that","that",".","."
3272,PASS,494,494,true,5f4a3224-9938-45af-accc-658e918731a6,true,768,true,"the","the","our","our"
3273,PASS,118,118,true,bc3c0c3b-e561-4097-bfa9-b1fe85eb5b06,true,768,true,"race","race",""","""
3274,PASS,239,239,true,ca5bf150-1017-405b-83d2-e8555d4b6ca3,true,768,true,""",""","of","of"
3275,PASS,534,534,true,3a31ee65-b17b-4a7c-85ea-88c37499e91e,true,768,true,"universal","universal","prowess","prowess"
3276,PASS,377,377,true,7fcff145-ec15-4a99-bfdc-a308a6d6fcd9,true,768,true,"when","when",""","""
3277,PASS,274,274,true,c1a0d71a-7dc8-4256-8915-2ce179053919,true,768,true,""",""","my","my"
3278,PASS,515,515,true,aad1dd40-fda6-4149-a7da-813321614fb8,true,768,true,"son","son","truly","truly"
3279,PASS,490,490,true,ce34c518-b14f-4230-aa72-c1ff38a800eb,true,768,true,"exotic","exotic",".","."
3280,PASS,523,523,true,466c3d43-b5d6-4fb7-a139-059f4243fc56,true,768,true,"seeing","seeing","-","-"
3281,PASS,353,353,true,9b7ac0d6-d531-41a3-b551-cf51a373ec3c,true,768,true,"pervading","pervading",""","""
3282,PASS,269,269,true,9310198a-2353-4fdf-8e72-1af4e8f37bd8,true,768,true,""",""","bright","bright"
3283,PASS,499,499,true,93dc0e4e-de70-4162-8315-fec0b1d7ca5a,true,768,true,"as","as",""","""
3284,PASS,242,242,true,49932cb5-847c-48ca-a116-ebb706c4a424,true,768,true,""",""","various","various"
3285,PASS,495,495,true,2a8b26af-12b7-4b9a-a21f-6b46e1560813,true,768,true,"exquisite","exquisite",";",";"
3286,PASS,190,190,true,3c71d835-f3da-4143-843e-552bbef8ca89,true,768,true,"and","and",""","""
3287,PASS,255,255,true,73fd5490-1c26-40b8-bd16-1162659c7532,true,768,true,""",""","our","our"
3288,PASS,520,520,true,9d8e852e-46f2-4026-af29-d6e9ba98de13,true,768,true,"exile","exile",""","""
3289,PASS,212,212,true,52ff76d3-db12-40d7-9318-f4d1a2ab31d2,true,768,true,""",""",""","""
3290,PASS,483,483,true,2357a578-ccca-47a4-a1a9-99268573429d,true,768,true,"then","then","!","!"
3291,PASS,226,226,true,5d74d475-650a-4825-b309-b040a4c8bb41,true,768,true,"seeing","seeing",""","""
3292,PASS,254,254,true,8446fb52-f73d-4237-90f1-ebd6ca1178df,true,768,true,""",""","the","the"
3293,PASS,536,536,true,1d4d0e5c-c6e0-4bf2-b787-7862161e70b1,true,768,true,"home","home","of","of"
3294,PASS,524,524,true,58c8868a-2c55-4d9d-a7b4-81a05dc5bf17,true,768,true,"dice","dice","himself","himself"
3295,PASS,304,304,true,a4f0df8a-fb6f-4440-941f-4537199582c6,true,768,true,"driving","driving",""","""
3296,PASS,261,261,true,05813b63-d084-4254-ad0d-aaf53732e645,true,768,true,""",""",",",","
3297,PASS,341,341,true,848222c1-7cf4-49b1-95cb-1dc90cbe465b,true,768,true,"rajan","rajan",""","""
3298,PASS,255,255,true,13923700-1474-4aaa-a551-f1ae3de73c2c,true,768,true,""",""",",",","
3299,PASS,484,484,true,ebcb4f5b-9742-4d45-8878-fac7293d13c8,true,768,true,"and","and","the","the"
3300,PASS,220,220,true,6e47986f-5a3e-449a-99d2-0b1398482e63,true,768,true,"most","most",""","""
3301,PASS,270,270,true,a557979e-b0bd-4888-bfd3-01f453d5190b,true,768,true,""",""",",",","
3302,PASS,492,492,true,55b52089-e8e2-4d24-817d-8cb4a50f4b14,true,768,true,"and","and","clashing","clashing"
3303,PASS,478,478,true,8ff62b4d-6d56-4ded-8ae8-5377eef687a6,true,768,true,"cymbals","cymbals",""","""
3304,PASS,527,527,true,9489b424-0248-4374-a514-c6af74796114,true,768,true,"obsessed","obsessed",".","."
3305,PASS,66,66,true,656ef402-9c03-47ce-9e50-6f7d6ffc2f64,true,768,true,"others","others",""","""
3306,PASS,271,271,true,66a5fbb6-d5eb-48bc-997b-ed5ee92a40d3,true,768,true,""",""","mountains","mountains"
3307,PASS,481,481,true,d74f1d5f-ae9f-4052-8743-2bd0d564e96b,true,768,true,"urged","urged",".","."
3308,PASS,219,219,true,cbe07fee-f336-4bd6-a3f6-103522fe8bb4,true,768,true,"all","all",""","""
3309,PASS,262,262,true,d19c35f5-e16a-45f4-814c-466b5c421994,true,768,true,""",""",".","."
3310,PASS,506,506,true,12309cf7-2c05-4a08-9574-5e5fe2649b6d,true,768,true,"then","then",".","."
3311,PASS,373,373,true,47cf2ea8-6bd2-4c4b-a8cb-f609c24025cc,true,768,true,"krishna","krishna",""","""
3312,PASS,255,255,true,bf390373-ac0d-4f2e-a161-dbfeca4d7ee4,true,768,true,""",""","a","a"
3313,PASS,452,452,true,082b4d47-a1a6-45d0-ab97-d0cb1ad0f25d,true,768,true,"mass","mass",".","."
3314,PASS,500,500,true,cd7ab587-3447-4f10-8102-0aa0889d41ee,true,768,true,"arjuna","arjuna",".","."
3315,PASS,405,405,true,1f97cbaf-4a3a-431f-9702-f5b83586e406,true,768,true,"the","the",""","""
3316,PASS,259,259,true,d2477152-67c4-4478-aff7-a54e8c3b6718,true,768,true,""",""",",",","
3317,PASS,480,480,true,ae8ee86f-984d-4131-8760-d3739411c6b0,true,768,true,"envelop","envelop","heads","heads"
3318,PASS,483,483,true,e8fe2c8b-84d2-4ef1-9db9-48f5dc4d06bf,true,768,true,"and","and",".","."
3319,PASS,455,455,true,5199ab1a-aa99-4fcc-9e41-bf6dd5cd49dd,true,768,true,"the","the",""","""
3320,PASS,264,264,true,5179eb8d-3488-4691-ac60-a90da509b21c,true,768,true,""",""",".","."
3321,PASS,554,554,true,6ad3022f-3cd6-41f9-bfa3-3ac71e3d1376,true,768,true,"o","o","has","has"
3322,PASS,509,509,true,a97ca156-6f92-45e4-a3f4-f23f44dd1e83,true,768,true,"defeated","defeated","!","!"
3323,PASS,543,543,true,4e206073-5bf4-45ce-b7b3-e8c0b06b7135,true,768,true,"o","o",".","."
3324,PASS,248,248,true,8b683992-8e79-4520-84bd-8c003b42855c,true,768,true,"angiras","angiras",""","""
3325,PASS,248,248,true,c617b996-af5a-4812-bfc6-aa8848209833,true,768,true,""",""","the","the"
3326,PASS,465,465,true,cdab2b0a-6c6d-46a5-9fff-b865ab8f9af9,true,768,true,"maces","maces","to","to"
3327,PASS,457,457,true,854f738a-59f1-4ee5-bc8b-ac218cbba83a,true,768,true,"denude","denude","the","the"
3328,PASS,141,141,true,42122060-289c-401d-81c8-db86059fb856,true,768,true,"maharatha","maharatha",""","""
3329,PASS,252,252,true,b7e2453b-eb8d-43a4-8a85-939d70ec7f66,true,768,true,""",""",".","."
3330,PASS,431,431,true,f253cb29-f342-4c79-9003-87b6bbbf154c,true,768,true,"the","the",""","""
3331,PASS,252,252,true,30579103-06b3-47e5-a1d4-181fa38d4f4d,true,768,true,""",""",",",","
3332,PASS,509,509,true,093560dd-59e1-4164-87f1-f0210ccbd6f8,true,768,true,"one","one","his","his"
3333,PASS,232,232,true,cdfeca7c-4388-437e-be0f-2a589d59876e,true,768,true,"horses","horses",""","""
3334,PASS,256,256,true,f199cf70-871a-4e97-b452-326835ba1bed,true,768,true,""",""","'","'"
3335,PASS,497,497,true,60da7722-acf3-4be8-a144-48efad71046e,true,768,true,"at","at","with","with"
3336,PASS,495,495,true,6946140e-267d-4e2e-8ce7-568cc42bc79e,true,768,true,"rows","rows","if","if"
3337,PASS,227,227,true,65eeb4e2-4298-4a89-b07a-5abc2bf6b917,true,768,true,"acknowledging","acknowledging",""","""
3338,PASS,262,262,true,45d64a3d-039f-4ca3-b107-5e79174d790a,true,768,true,""",""","divine","divine"
3339,PASS,479,479,true,85e686a2-76d9-4bdd-85c7-c3a5f32f3819,true,768,true,"sarathy","sarathy",".","."
3340,PASS,497,497,true,bb421e10-b10b-4edf-bdc7-9ffcbacfa663,true,768,true,"seeing","seeing","submarine","submarine"
3341,PASS,208,208,true,9f0f6c38-18e7-4bf4-ba80-61fafef6c0b1,true,768,true,"rocks","rocks",""","""
3342,PASS,244,244,true,ac294329-783a-430e-9ac5-5b5f06d3b48e,true,768,true,""",""","!","!"
3343,PASS,519,519,true,f6f46fea-0e9f-48e0-b2d6-4d07003a2210,true,768,true,"the","the",",",","
3344,PASS,183,183,true,57e892be-aca6-4be2-a41f-2f4195f5bfe0,true,768,true,"drawing","drawing",""","""
3345,PASS,237,237,true,a636965b-f49d-4a6c-b307-2a8bbf3bd4ba,true,768,true,""",""",".","."
3346,PASS,482,482,true,0317b266-a38b-431b-93ff-1e9174df4952,true,768,true,"while","while","flashes","flashes"
3347,PASS,376,376,true,9e71aeed-370f-4555-afd2-8836e0351658,true,768,true,"of","of","'","'"
3348,PASS,269,269,true,032989b7-0162-4c3c-9b80-a6f79cc5be81,true,768,true,"'","'",".","."
3349,PASS,531,531,true,1fbc91fe-4f88-4a4c-8b27-76d028882d06,true,768,true,"duryodhana","duryodhana",""","""
3350,PASS,86,86,true,c0f8fe27-7b05-4117-8e06-be0dc61f9964,true,768,true,"but","but",""","""
3351,PASS,241,241,true,5e321fcf-d689-41bc-b5d4-2deef3bd0e28,true,768,true,""",""","with","with"
3352,PASS,517,517,true,97120b5a-23ee-4f0e-8593-c6406edbf6b8,true,768,true,"the","the","the","the"
3353,PASS,488,488,true,43c19f76-997e-47e4-99ec-25a0309922b2,true,768,true,"pandava","pandava",""","""
3354,PASS,239,239,true,d39a64e5-68af-48e4-8ada-a55ff69b7aa5,true,768,true,""",""",".","."
3355,PASS,474,474,true,82e67c4a-4d9e-4664-88d9-b791ddab66f9,true,768,true,"these","these","and","and"
3356,PASS,126,126,true,31215ead-bac3-48c6-a938-10b8f13bd799,true,768,true,"speed","speed",""","""
3357,PASS,248,248,true,2433ac84-b286-49ba-bfcc-f94ab37432a2,true,768,true,""",""",".","."
3358,PASS,495,495,true,f53621b8-66fb-4f02-ade5-3f09af040124,true,768,true,"the","the",".","."
3359,PASS,144,144,true,a6fe0c1a-2cce-4538-a7f6-13f5690cae92,true,768,true,"the","the",""","""
3360,PASS,243,243,true,20d873ec-3a2a-45d8-95f6-7ef2000ec7bc,true,768,true,""",""","the","the"
3361,PASS,483,483,true,4cfdd89c-ff74-4457-8108-d9eec8aa4d1b,true,768,true,"asura","asura","and","and"
3362,PASS,384,384,true,15dd685a-d76c-4e32-b91a-c6d82d8b5383,true,768,true,"subsidiary","subsidiary",""","""
3363,PASS,243,243,true,4ab7080b-0ecb-4491-b309-416b4c5c972e,true,768,true,""",""",".","."
3364,PASS,476,476,true,d9af1366-7dd0-4acb-8dac-f87d0f43d563,true,768,true,"the","the",".","."
3365,PASS,73,73,true,f6a381e2-6983-4591-900b-ab8388e9a383,true,768,true,"seeing","seeing",""","""
3366,PASS,262,262,true,07723c94-eee3-4a02-a7d7-690634ef9251,true,768,true,""",""","seeing","seeing"
3367,PASS,503,503,true,0c6676c2-2a63-4834-ad36-6a6b6929e76c,true,768,true,"this","this",",",","
3368,PASS,255,255,true,a36ce06c-45b8-40f5-8ec0-824f4c562eae,true,768,true,"pisachas","pisachas",""","""
3369,PASS,246,246,true,abcba044-fcb9-468e-a6c9-e8e8912bada3,true,768,true,""",""",".","."
3370,PASS,486,486,true,43441c5c-1d81-4d17-9b99-aea665658677,true,768,true,"annulling","annulling","scarves","scarves"
3371,PASS,142,142,true,78fae0f3-ddeb-42a4-b2ef-a2ae1c392cc4,true,768,true,"and","and",""","""
3372,PASS,244,244,true,2cf24306-4107-4779-950b-a767c438ecd9,true,768,true,""",""","satyaki","satyaki"
3373,PASS,456,456,true,ca815c43-b723-4d62-b8a1-476e0b1e3b14,true,768,true,"even","even",""","""
3374,PASS,510,510,true,dff2174c-5f13-453e-a46d-1067cdcdd9c9,true,768,true,"as","as","are","are"
3375,PASS,526,526,true,f59bbb50-8ecb-40fd-8813-9e178f1bb4fe,true,768,true,"gifted","gifted","life","life"
3376,PASS,528,528,true,cf2a20df-db85-449b-97e5-d852340d52e1,true,768,true,"for","for","greatest","greatest"
3377,PASS,196,196,true,104c74c2-b26a-49a8-a9dd-c88f2650c81e,true,768,true,"warriors","warriors",""","""
3378,PASS,250,250,true,25ba3e05-7915-4c7d-a76c-e2af592211af,true,768,true,""",""",".","."
3379,PASS,535,535,true,8a4f527d-79a8-4e43-9d79-069293c352b1,true,768,true,"arjuna","arjuna","in","in"
3380,PASS,419,419,true,a3fc8e7e-d42b-4f76-86d5-1c2bd1c60758,true,768,true,"battle","battle",""","""
3381,PASS,245,245,true,1616dded-2db0-4044-83e7-788dd73efab9,true,768,true,""",""",".","."
3382,PASS,509,509,true,a1778a75-0833-46f1-b5bb-d5493b341c73,true,768,true,"o","o","under","under"
3383,PASS,501,501,true,343000cb-d458-4796-a32a-c530f1d10350,true,768,true,"duryodhana","duryodhana","and","and"
3384,PASS,476,476,true,e3b10a88-a3b8-498a-9f0d-34bf1d748e80,true,768,true,"difficult","difficult","with","with"
3385,PASS,234,234,true,fb28d29b-a21d-4a46-acc3-8c78fcb42cee,true,768,true,"drona","drona",""","""
3386,PASS,260,260,true,b90c1e75-2534-495e-abd9-146b3070c170,true,768,true,""",""","-","-"
3387,PASS,515,515,true,7e616601-ae19-4cd8-86d3-6329feac467c,true,768,true,"riders","riders","o","o"
3388,PASS,514,514,true,e60733c4-b507-4a27-b926-facb8ec405d2,true,768,true,"grandson","grandson","s","s"
3389,PASS,379,379,true,b3303e27-2eb3-4c7e-bf6c-b3f4a981f972,true,768,true,"great","great",""","""
3390,PASS,248,248,true,b832d065-bcba-481c-965a-1e99650955f5,true,768,true,""",""","and","and"
3391,PASS,501,501,true,547430c3-3995-48fc-b85a-de83e2adcd4f,true,768,true,"intelligent","intelligent","who","who"
3392,PASS,480,480,true,78c9846f-9774-4b34-896e-c3417431627c,true,768,true,"receives","receives","the","the"
3393,PASS,468,468,true,4580032b-1b5f-4023-aa72-0cfbb89d0857,true,768,true,"panchalas","panchalas","each","each"
3394,PASS,482,482,true,cc7be4a2-19df-4fc7-b67d-4451ef70a513,true,768,true,"with","with","recklessly","recklessly"
3395,PASS,279,279,true,bac0ee73-601e-4bdf-b6f9-1de6a4d54499,true,768,true,"at","at",""","""
3396,PASS,271,271,true,10dc9586-72fd-4eed-a600-deabd442ba05,true,768,true,""",""",".","."
3397,PASS,507,507,true,758fcfd4-717c-4f2f-8046-2264cdbc1a87,true,768,true,"positioned","positioned",".","."
3398,PASS,525,525,true,34ba39ce-2d90-467a-b6d5-b89976c6a961,true,768,true,"as","as",".","."
3399,PASS,107,107,true,9bfbda30-962c-4668-9292-2cd23406bc40,true,768,true,"at","at",""","""
3400,PASS,231,231,true,63984c67-f892-4f5b-aaf2-42b6b2208a92,true,768,true,""",""",".","."
3401,PASS,501,501,true,aefb043b-fb6e-4b69-96c3-77b1a60fea52,true,768,true,"injured","injured",",",","
3402,PASS,289,289,true,66f44b89-b37c-454a-8455-1eb94b713f18,true,768,true,"kritavarman","kritavarman",""","""
3403,PASS,227,227,true,52114d70-f2f6-4f64-bb59-57cfdf3fa209,true,768,true,""",""","any","any"
3404,PASS,497,497,true,2efdfd23-4423-44b1-a1cd-29554b495d09,true,768,true,"difference","difference","by","by"
3405,PASS,100,100,true,bcaf8d42-4b75-4347-b7be-294ccf16a9ce,true,768,true,"his","his",""","""
3406,PASS,240,240,true,f298f47b-d01b-4a5a-97f8-66c0e76f1221,true,768,true,""",""","a","a"
3407,PASS,281,281,true,c036bee8-ceb2-402b-8c2a-0d3df4fbbbbf,true,768,true,"distance","distance",""","""
3408,PASS,268,268,true,02911489-0bc3-4478-9fdf-1462ebc0a895,true,768,true,""",""","the","the"
3409,PASS,492,492,true,dd7c2699-dbf0-403d-b71c-ed6299105ece,true,768,true,"kaurava","kaurava",",",","
3410,PASS,493,493,true,ff425742-3f0a-4fe7-bfd5-90da82d98a17,true,768,true,"mangled","mangled","with","with"
3411,PASS,114,114,true,9907d7ca-aa2f-45a4-965d-fa2330a1f1e5,true,768,true,"death","death",""","""
3412,PASS,267,267,true,76a78454-1542-49f8-a3b6-dc6d127c8fc7,true,768,true,""",""",",",","
3413,PASS,509,509,true,a7a4c3cb-cc78-4dfc-bac8-c16e18b94862,true,768,true,"chitrasena","chitrasena","twenty","twenty"
3414,PASS,292,292,true,6950e009-24b6-4f9f-946b-676df2f239c9,true,768,true,"arrows","arrows",""","""
3415,PASS,267,267,true,a04e00c7-5cef-4bd3-a9ef-095004a9565d,true,768,true,""",""",".","."
3416,PASS,499,499,true,93090ee7-b8a2-4a21-a273-1f6fd86b53a7,true,768,true,"at","at","with","with"
3417,PASS,513,513,true,6195e179-0623-4dc9-ba00-9b3bf9c30a53,true,768,true,"stones","stones","to","to"
3418,PASS,96,96,true,d2b2ca00-0b0e-42ab-abc5-600cce3949d8,true,768,true,"have","have",""","""
3419,PASS,257,257,true,f42fc45d-c5d4-4e75-8e65-e07ec952c1a5,true,768,true,""",""","?","?"
3420,PASS,493,493,true,4112305e-95cf-49a5-a401-d2c26bc52723,true,768,true,"as","as",".","."
3421,PASS,481,481,true,e9b26690-471d-4e7b-aa32-526bcd3ccdbc,true,768,true,"the","the","a","a"
3422,PASS,291,291,true,2dda5b91-f072-4154-b9e3-6092dd1fed93,true,768,true,"sword","sword",""","""
3423,PASS,244,244,true,d39f4c75-3189-4e85-8b21-9f5cfb3a4a95,true,768,true,""",""","five","five"
3424,PASS,456,456,true,098daea9-af84-4330-a82d-6d235c545ac5,true,768,true,"hundred","hundred",""","""
3425,PASS,272,272,true,0855bac7-50ac-4ae9-8a2c-e1ace0ee8272,true,768,true,""",""","the","the"
3426,PASS,521,521,true,36e8e670-5e28-4815-a627-8c7ff859b7bf,true,768,true,"pandavas","pandavas","his","his"
3427,PASS,304,304,true,d183b18d-1b51-492b-89d0-619e5498bc46,true,768,true,"shafts","shafts",""","""
3428,PASS,239,239,true,053660f3-877a-44e7-822f-8c1bb38966a8,true,768,true,""",""",",",","
3429,PASS,481,481,true,7cc63ae8-07a3-4720-9975-6cc7b435240a,true,768,true,"provoked","provoked","chedi","chedi"
3430,PASS,478,478,true,7b7d1b17-0025-4346-98a1-87599975a72b,true,768,true,"king","king","his","his"
3431,PASS,402,402,true,c818ca9e-c2d4-495e-9001-baa242d4cd37,true,768,true,"angry","angry",""","""
3432,PASS,277,277,true,1271c829-201f-45a5-9272-e312d31f94e3,true,768,true,""",""","his","his"
3433,PASS,520,520,true,17896bcd-8b84-4bc3-8aad-393c794363e2,true,768,true,"brother","brother",".","."
3434,PASS,335,335,true,1740f3cb-5b4a-47f7-8980-340f49855e22,true,768,true,"our","our",""","""
3435,PASS,295,295,true,b11fb946-8868-4150-88e7-5d1e41354edc,true,768,true,"b","b","never","never"
3436,PASS,476,476,true,6f9e0c98-1afc-4d85-b69f-d67f1ea42f72,true,768,true,"harm","harm",".","."
3437,PASS,508,508,true,a8f9167f-afa4-49cb-baa5-d52b7dfff01a,true,768,true,"losing","losing",",",","
3438,PASS,378,378,true,054f5ec5-993f-4103-bf22-68ce5a23043c,true,768,true,"killing","killing",""","""
3439,PASS,253,253,true,527f86b8-9ec9-40b8-a4f2-f79e29bac0f7,true,768,true,""",""","ranks","ranks"
3440,PASS,489,489,true,b57a3e19-bf11-410a-a650-aefa654478bb,true,768,true,"in","in",".","."
3441,PASS,458,458,true,2889ec53-8600-44eb-9044-d1b7c8eced2e,true,768,true,"at","at","?","?"
3442,PASS,140,140,true,d16aedbd-bcf2-48f5-bfe1-e60b76f72f94,true,768,true,"will","will",""","""
3443,PASS,243,243,true,7db1e7d8-8a53-4e39-87ba-d7f84165b74e,true,768,true,""",""","s","s"
3444,PASS,498,498,true,b28dcad7-4970-49da-9da2-0c76ff594baa,true,768,true,"son","son","sound","sound"
3445,PASS,73,73,true,50105da7-a53b-49fb-83d2-6007683a0ae3,true,768,true,"their","their",""","""
3446,PASS,244,244,true,a49f5503-ff5d-4c38-b454-76775a71f12e,true,768,true,""",""",""","""
3447,PASS,504,504,true,fd00fee6-41cc-42e4-989f-7bf2f849867d,true,768,true,"drona","drona","rakes","rakes"
3448,PASS,263,263,true,342fe939-9fc9-4fa1-b37c-a96ea9a9c7bc,true,768,true,"duryodhana","duryodhana",""","""
3449,PASS,246,246,true,338b789a-8e20-4056-8cea-5752812e5f9f,true,768,true,""",""",".","."
3450,PASS,510,510,true,ef9f2c3b-2488-4d58-9713-1242b30f3e5c,true,768,true,"my","my",",",","
3451,PASS,457,457,true,22182eae-eac3-4a1f-ba2d-c7ba40820b50,true,768,true,"which","which","from","from"
3452,PASS,224,224,true,88ed1b4d-4832-4c50-b2a1-5742a87bda1d,true,768,true,"him","him",""","""
3453,PASS,241,241,true,b87ea776-500d-4c9c-a9e8-9496934a9c8f,true,768,true,""",""",".","."
3454,PASS,522,522,true,9856b053-abf8-4382-8039-5a24e651418c,true,768,true,"like","like","like","like"
3455,PASS,319,319,true,3e3e0fd9-ea11-4ceb-ae66-ff67ed4e7dd3,true,768,true,"black","black",""","""
3456,PASS,252,252,true,7435e572-cb36-4e87-b46c-f16e0a05df48,true,768,true,""",""",".","."
3457,PASS,507,507,true,95f9c698-f73f-4b3a-be10-10c0d9ce43e8,true,768,true,"steeped","steeped",".","."
3458,PASS,370,370,true,ee5f204c-675c-4105-9220-3458643542a9,true,768,true,"they","they",""","""
3459,PASS,253,253,true,f02d056e-7fdf-46a2-8f90-76fb6894c04a,true,768,true,""",""",".","."
3460,PASS,464,464,true,87127d5c-cb74-4d07-bb0a-6eafee48727c,true,768,true,"with","with",""","""
3461,PASS,257,257,true,5d7c6420-f9be-4f28-90c0-c1689a2c8022,true,768,true,""",""","the","the"
3462,PASS,498,498,true,31043260-5746-4503-8473-71607ebf5922,true,768,true,"savage","savage","a","a"
3463,PASS,318,318,true,dc914fc8-3bba-41e0-95c1-4cadf6ea1274,true,768,true,"sick","sick",""","""
3464,PASS,276,276,true,21a54d29-85f7-4c02-a8a9-4922b2e30baa,true,768,true,""",""","that","that"
3465,PASS,489,489,true,dd240005-df8e-4681-9291-271f8447508b,true,768,true,"gada","gada",".","."
3466,PASS,61,61,true,1f7e83b3-d626-4c0a-bca4-d6bfb34db6c8,true,768,true,"your","your",""","""
3467,PASS,270,270,true,e715cfa2-f117-49d2-b485-a412576845d1,true,768,true,""",""",".","."
3468,PASS,472,472,true,ee26495c-7b79-4c66-aef4-523f29991da0,true,768,true,"seeing","seeing",""","""
3469,PASS,488,488,true,4a11961d-35ee-49d3-b8fe-e69e3302225b,true,768,true,"having","having",""","""
3470,PASS,270,270,true,175a60d1-f6ac-4d53-b4d5-cf33925b6a57,true,768,true,""",""","the","the"
3471,PASS,409,409,true,44091ba6-3f4e-4594-ab5f-9117e47ffc3b,true,768,true,"remnant","remnant",""","""
3472,PASS,255,255,true,3f8c6280-961f-426f-b5a2-c0402a1b536f,true,768,true,""",""","growling","growling"
3473,PASS,504,504,true,45d7ae83-4c6c-4169-87d8-acf5b4bb2f9a,true,768,true,"like","like","their","their"
3474,PASS,528,528,true,ac665fa9-e5cd-4dae-afa2-b943e6584983,true,768,true,"bowstrings","bowstrings","ratha","ratha"
3475,PASS,517,517,true,9d9c250b-dd46-460f-88e8-ebae6ecb7a6f,true,768,true,"ruined","ruined","are","are"
3476,PASS,531,531,true,ddd178db-0ffb-4660-b70c-eb0935fd08c4,true,768,true,"nothing","nothing","flaring","flaring"
3477,PASS,135,135,true,f0e62ed2-668d-49bc-ba0e-c37b409b1456,true,768,true,"up","up",""","""
3478,PASS,279,279,true,ab651f9c-c172-467e-a2b8-3b1f0ee125bd,true,768,true,""",""","'","'"
3479,PASS,414,414,true,67779987-b9f6-4083-ab45-0cb21a82cfe7,true,768,true,"sanjaya","sanjaya",""","""
3480,PASS,266,266,true,95602542-7368-431b-b068-5c622d633186,true,768,true,""",""","dashes","dashes"
3481,PASS,488,488,true,c4dfef69-0053-4a19-b960-015f65e3ac37,true,768,true,"against","against","are","are"
3482,PASS,139,139,true,3f42b9a3-5295-4b49-9428-b46e30db2ec6,true,768,true,"worn","worn",""","""
3483,PASS,256,256,true,e064d17a-6bdd-4aa8-822c-a482e2a72c55,true,768,true,""",""","joy","joy"
3484,PASS,526,526,true,55a77284-843f-464c-ae13-fbd67371905d,true,768,true,"to","to","with","with"
3485,PASS,464,464,true,9eefffc5-b3d8-4a64-aa82-2a843cb490a0,true,768,true,"their","their","exhausted","exhausted"
3486,PASS,460,460,true,32dac229-3e70-45fb-96f5-bdc2e1043246,true,768,true,"after","after",""","""
3487,PASS,256,256,true,8b821f31-1d5e-4b83-9dd4-d139899da87d,true,768,true,""",""","?","?"
3488,PASS,547,547,true,cda4935c-872a-428c-b522-51d79467b9dc,true,768,true,"dhananjaya","dhananjaya","enemies","enemies"
3489,PASS,512,512,true,628ddaaa-f5c4-406e-9e5e-e45a75ebd64b,true,768,true,"engaged","engaged",""","""
3490,PASS,525,525,true,aba126d5-f878-4a8b-82c6-9a432fb40177,true,768,true,"hearing","hearing","!","!"
3491,PASS,279,279,true,801d71c6-feea-45df-b4e4-e128315184f6,true,768,true,"i","i",""","""
3492,PASS,262,262,true,daee5178-be03-449b-9208-994b8008aa5f,true,768,true,""",""","for","for"
3493,PASS,530,530,true,cba743dc-531f-47e6-a2c6-71862aba6857,true,768,true,"vasudeva","vasudeva","the","the"
3494,PASS,51,51,true,3b8f8800-f40e-4bdd-b129-8f0453d50891,true,768,true,"mountains","mountains",""","""
3495,PASS,264,264,true,99ddc0a8-4857-46ff-9fde-f8219ddb5582,true,768,true,""",""","the","the"
3496,PASS,552,552,true,3e9566c4-3351-4ff9-85c2-fa7320471143,true,768,true,"pandava","pandava","king","king"
3497,PASS,500,500,true,6008d11b-7e66-44ed-9cef-4bced48cda2d,true,768,true,"of","of","with","with"
3498,PASS,474,474,true,1a62c232-56ed-4cff-830a-12ef60ae9a0f,true,768,true,"three","three",".","."
3499,PASS,462,462,true,7a2b0927-7df9-472c-bebc-f04bda8b6f04,true,768,true,"ah","ah","black","black"
3500,PASS,152,152,true,764233a8-51e7-43ff-8ef7-4e52af8de7a9,true,768,true,"beaks","beaks",""","""
3501,PASS,258,258,true,98717b9a-9d26-40ab-b74d-37dfd45c0075,true,768,true,""",""",".","."
3502,PASS,498,498,true,42ec4a44-d93f-4b2b-950c-bc1ddcf3f679,true,768,true,"arjuna","arjuna","other","other"
3503,PASS,489,489,true,cf049ee0-4e0b-4ac6-87ea-a2174cbbccee,true,768,true,"ornaments","ornaments","pralaya","pralaya"
3504,PASS,521,521,true,4e82b5e0-105a-46bf-9c48-5b98e712c6a2,true,768,true,"fire","fire",".","."
3505,PASS,483,483,true,548e648a-d550-4248-ba61-26514999f029,true,768,true,"shrouded","shrouded","incense","incense"
3506,PASS,536,536,true,cb0900b3-9999-4eb1-88ff-763f82bdb5c0,true,768,true,"and","and",".","."
3507,PASS,488,488,true,cea18d6a-b264-4b7e-8747-cc5c0a9e839f,true,768,true,"adorned","adorned",""","""
3508,PASS,240,240,true,4e5e8e9a-f18f-4c86-aa6b-72f4338abe7b,true,768,true,""",""","!","!"
3509,PASS,532,532,true,9cbeda4d-dbaf-4ead-add5-b054a00acbab,true,768,true,"seeing","seeing",".","."
3510,PASS,541,541,true,7e84112c-b236-4b12-b03f-c3114bd057dd,true,768,true,"arjuna","arjuna","anywhere","anywhere"
3511,PASS,465,465,true,39ca7ab0-1415-4eaf-8363-222cf57a61d6,true,768,true,"at","at",".","."
3512,PASS,535,535,true,8ba1223f-6d91-4840-9ad9-4643a09e61a4,true,768,true,"after","after","were","were"
3513,PASS,44,44,true,ef1c130a-e356-4724-ad00-686fb605f6cb,true,768,true,"all","all",""","""
3514,PASS,277,277,true,80390840-76a8-4515-998c-d8d884bbeb1a,true,768,true,""",""","on","on"
3515,PASS,529,529,true,871d6109-1699-4fe0-8293-ac77b0767071,true,768,true,"the","the","in","in"
3516,PASS,505,505,true,6eda9aa3-6a62-45bf-bbee-57e41886eb5c,true,768,true,"armour","armour",",",","
3517,PASS,471,471,true,739661ac-11b5-4352-9fd0-9f9c1172325c,true,768,true,"all","all","janardana","janardana"
3518,PASS,19,19,true,29910fbf-9f13-40b0-8fe3-d4982cfd6d99,true,768,true,"drives","drives",""","""
3519,PASS,254,254,true,2abb14b1-3c0e-4591-aa86-90d3c01d18eb,true,768,true,""",""","whom","whom"
3520,PASS,526,526,true,06d738fc-3d4c-4ecc-a19a-5b642ede732a,true,768,true,"you","you","being","being"
3521,PASS,518,518,true,25ec46b6-2ccb-4f6c-9044-32afbde21bba,true,768,true,"destroyed","destroyed",""","""
3522,PASS,264,264,true,e8de2da6-6392-4e87-a51c-cb0302c72878,true,768,true,""",""","slaughtering","slaughtering"
3523,PASS,544,544,true,d571a9ca-0b56-4f66-b1fe-614ce482fd27,true,768,true,"of","of","as","as"
3524,PASS,218,218,true,f01a2e8a-3b3a-483e-8ea3-5fb6c72d12b6,true,768,true,"being","being",""","""
3525,PASS,265,265,true,cce9043e-3fe6-4371-84ea-fb04f49e32a4,true,768,true,""",""","?","?"
3526,PASS,534,534,true,7a5e5bcf-727a-439f-a778-326377662466,true,768,true,"the","the",".","."
3527,PASS,366,366,true,b589f9ea-86d1-4c11-8bee-f5c341f2ff2e,true,768,true,"how","how",""","""
3528,PASS,271,271,true,7e5d7cf2-1231-4cfb-b992-662059642588,true,768,true,""",""","mere","mere"
3529,PASS,503,503,true,43dc17bc-0797-4b35-b324-3b3b41e8c4ab,true,768,true,"fraction","fraction",".","."
3530,PASS,181,181,true,aa23c537-7d76-4446-8939-eb1887ee9b9b,true,768,true,"the","the",""","""
3531,PASS,255,255,true,9dd214d3-6534-47e6-af1d-cad51b229bf0,true,768,true,""",""","and","and"
3532,PASS,474,474,true,944cbcae-3e36-4db7-943c-09dba3898311,true,768,true,"making","making","the","the"
3533,PASS,32,32,true,661fc429-d125-4055-a332-636da8eb9472,true,768,true,"panchalas","panchalas",""","""
3534,PASS,258,258,true,ac3c0f46-a001-4282-bff6-07a62a9d67f6,true,768,true,""",""","all","all"
3535,PASS,479,479,true,57d3e0f8-5ae8-4c2d-bb22-2db3e412b00a,true,768,true,"great","great","precursor","precursor"
3536,PASS,223,223,true,34441d69-bd16-43f9-9eec-8e2beea1b91d,true,768,true,"of","of",""","""
3537,PASS,238,238,true,dcc5a0b0-b136-4878-95bb-fa1ccdea4ef6,true,768,true,""",""","?","?"
3538,PASS,526,526,true,2c6d3cc7-fc3d-4f88-af47-660de60872c9,true,768,true,"you","you","and","and"
3539,PASS,491,491,true,7b2b54ae-56b4-4225-b916-e02a533e4c5b,true,768,true,"inundates","inundates","erupts","erupts"
3540,PASS,23,23,true,21bcdf57-ae56-4dfd-ad0b-9159a1427e93,true,768,true,"between","between",""","""
3541,PASS,290,290,true,7237a45f-9297-4d7b-9f29-2eba2f6832a2,true,768,true,""",""","teeth","teeth"
3542,PASS,518,518,true,a1f43071-631a-4757-9439-3fcbbdc51ab6,true,768,true,"like","like","with","with"
3543,PASS,517,517,true,251daeb9-b88d-4aef-9faf-1ff3d33d8f34,true,768,true,"ten","ten",".","."
3544,PASS,490,490,true,3cd5055f-3c61-4e3b-8f71-4216f122f5d3,true,768,true,"the","the","shining","shining"
3545,PASS,544,544,true,e28d1e70-e77c-4edb-b587-c13b86f1b422,true,768,true,"antimony","antimony","of","of"
3546,PASS,459,459,true,e658ce7c-f428-47ab-953c-6bed4f3cdb3c,true,768,true,"the","the",".","."
3547,PASS,489,489,true,853c7fb2-0ed1-473b-ae2e-ec15084dff1d,true,768,true,"aswatthaman","aswatthaman",".","."
3548,PASS,488,488,true,446a75d2-92ff-4e9d-ae91-3e5dd699594d,true,768,true,"a","a",".","."
3549,PASS,529,529,true,a72b3eab-6e85-4325-8431-c006387d1ce2,true,768,true,"everyone","everyone","a","a"
3550,PASS,235,235,true,eb65f259-72cf-4e8f-9f38-538da910a593,true,768,true,"roar","roar",""","""
3551,PASS,208,208,true,3666e378-fc5e-4b39-a78a-02390c16bd2c,true,768,true,""",""",".","."
3552,PASS,507,507,true,ebf03e57-72e3-43bf-a059-286a3073a2b4,true,768,true,"seeing","seeing","of","of"
3553,PASS,387,387,true,00c8fa87-1198-42fe-bb0a-12915e1e1e18,true,768,true,"pandu","pandu",""","""
3554,PASS,279,279,true,1f0e3811-a0bc-40ea-9935-e50297b52495,true,768,true,""",""","make","make"
3555,PASS,510,510,true,0756c3a1-a61a-430e-b0c2-1271f206fc2c,true,768,true,"porcupines","porcupines","true","true"
3556,PASS,482,482,true,24dd8a35-ff31-4fd5-a51c-6844feda8390,true,768,true,"heroes","heroes","intention","intention"
3557,PASS,548,548,true,b9d234d8-044a-42cf-80f5-d0247f32dd24,true,768,true,"of","of","of","of"
3558,PASS,30,30,true,347d5335-6c64-4397-895e-72caec8d6787,true,768,true,"men","men",""","""
3559,PASS,243,243,true,ee2fb27e-1d12-4dca-805b-f29121bad0af,true,768,true,""",""",""","""
3560,PASS,487,487,true,8a79845d-64b9-4734-b76d-978655da918a,true,768,true,"and","and","evenly","evenly"
3561,PASS,473,473,true,990c3dd3-d927-4c01-ae8c-f1abd13fd6cf,true,768,true,"matched","matched",".","."
3562,PASS,528,528,true,fa2f83ec-d515-4e1c-90f2-b74bfc17ae34,true,768,true,"arjuna","arjuna","stop","stop"
3563,PASS,456,456,true,66259124-94b7-423a-a6ec-6c6652093809,true,768,true,"him","him",""","""
3564,PASS,258,258,true,6bfb1167-7a9e-4870-9001-089102df58a6,true,768,true,""",""",",",","
3565,PASS,484,484,true,8ef8ded9-7ba5-4dd0-bbc3-2c3608137bc4,true,768,true,"an","an","himself","himself"
3566,PASS,507,507,true,52a1fcff-7f58-4a7f-8127-48799fb3282c,true,768,true,"is","is","three","three"
3567,PASS,97,97,true,4023aad4-f24c-4085-bb54-6ffd43e539e6,true,768,true,"maharathas","maharathas",""","""
3568,PASS,262,262,true,be9ebeae-7678-4e97-8d1e-4b3493cd9f38,true,768,true,""",""","decimate","decimate"
3569,PASS,218,218,true,e814acfe-37b5-4b03-a5c4-05db3e72fd1c,true,768,true,"the","the",""","""
3570,PASS,242,242,true,1f73092a-2583-47b1-a16a-804c6d38b3d3,true,768,true,""",""",".","."
3571,PASS,500,500,true,97477169-ba60-4d9c-b691-7cdde60a2bb5,true,768,true,"riding","riding","leads","leads"
3572,PASS,419,419,true,ed2b5749-3898-4990-b71c-8f72ffdff1c8,true,768,true,"this","this",""","""
3573,PASS,258,258,true,28a650f3-fea3-47ff-9c3b-ec5b8b3a3e74,true,768,true,""",""","'","'"
3574,PASS,489,489,true,a23f20f2-2c08-4886-8330-9f9050a74267,true,768,true,"sanjaya","sanjaya","beautifully","beautifully"
3575,PASS,491,491,true,99f03d66-cad9-4b88-a470-07cf9b7d325c,true,768,true,"wrought","wrought",".","."
3576,PASS,48,48,true,9bb4ef6a-419c-4ee0-8e33-e67a7d147aaf,true,768,true,"in","in",""","""
3577,PASS,240,240,true,2d1105b4-cf3b-4d1d-a6b4-1e839ba02418,true,768,true,""",""","our","our"
3578,PASS,509,509,true,f0721824-380a-4042-8693-61fec63ccc12,true,768,true,"soldiers","soldiers",".","."
3579,PASS,171,171,true,fc068809-9844-4d40-86d4-8eee25c926b5,true,768,true,"i","i",""","""
3580,PASS,235,235,true,c3abff4b-a344-4455-8774-4fb5bed863d5,true,768,true,""",""","prativindhya","prativindhya"
3581,PASS,480,480,true,0419030d-65ff-4660-8b59-2a535081681d,true,768,true,"whose","whose","shield","shield"
3582,PASS,139,139,true,1ac19a82-f3cd-4a8b-920f-2b84edcc2eb0,true,768,true,"only","only",""","""
3583,PASS,285,285,true,65a0cfcb-6b5a-44a9-8721-647d3b8e27ea,true,768,true,""",""",".","."
3584,PASS,504,504,true,b0c0d920-a288-4e92-81f8-77bc564ccacf,true,768,true,"seeing","seeing","shaft","shaft"
3585,PASS,533,533,true,7abacc6b-5101-4fb0-8f97-8af241f5542a,true,768,true,"like","like","the","the"
3586,PASS,119,119,true,408c998c-3fdc-40f7-83ea-02e6fd51cc7c,true,768,true,"half","half",""","""
3587,PASS,258,258,true,6b23d968-aa58-4747-805e-6ce6e4720604,true,768,true,""",""",".","."
3588,PASS,326,326,true,4ed24e3e-960c-4926-b050-fa14722e1485,true,768,true,"in","in",""","""
3589,PASS,264,264,true,c77e8017-7324-4124-af15-f047fd56877f,true,768,true,""",""","the","the"
3590,PASS,344,344,true,217c6e65-9549-4823-8c2f-521855bb92c9,true,768,true,"field","field",""","""
3591,PASS,235,235,true,de02627e-4c4c-4f13-9711-4d8bc702e60f,true,768,true,""",""","rapidly","rapidly"
3592,PASS,508,508,true,6fca3a49-a1da-4413-a8f3-15c234eb8f60,true,768,true,"on","on","his","his"
3593,PASS,247,247,true,867bf3e5-7e3a-4659-a323-92d57d312a2b,true,768,true,"forehead","forehead",""","""
3594,PASS,253,253,true,fe88a071-00dc-448c-8936-9d04c85c4ea3,true,768,true,""",""",".","."
3595,PASS,492,492,true,2fa1565b-c286-4a55-bc63-8ad3a94a8663,true,768,true,"seeing","seeing","by","by"
3596,PASS,179,179,true,07d12d50-dd9a-4f6b-b082-5bcd246266a3,true,768,true,"these","these",""","""
3597,PASS,258,258,true,25dd7968-720e-4e5d-8e7e-bbb7a3eb537c,true,768,true,""",""","inexorable","inexorable"
3598,PASS,496,496,true,fa1e48f7-af6d-4d28-8c3e-64558a09c54e,true,768,true,"towards","towards","karna","karna"
3599,PASS,513,513,true,1918bbeb-2d8e-4917-8c35-8790ee9608be,true,768,true,"deep","deep",",",","
3600,PASS,308,308,true,8cffbcf5-7641-4ecc-b30d-5b42a9105fde,true,768,true,"victory","victory",""","""
3601,PASS,242,242,true,5599be42-c716-490a-a15a-d2b003365211,true,768,true,""",""",""","""
3602,PASS,488,488,true,af4c0559-6b0e-41ca-87ab-8d70e1df8f2e,true,768,true,"duryodhana","duryodhana","he","he"
3603,PASS,341,341,true,0a74d660-5d31-499c-a4c3-3f2c6c818d6f,true,768,true,"smashes","smashes",""","""
3604,PASS,259,259,true,e64467e7-ade8-4813-8ccf-7271f4cae336,true,768,true,""",""",".","."
3605,PASS,497,497,true,963e5cc9-1f62-4985-97f5-7e3802c3f43b,true,768,true,"great","great","oceans","oceans"
3606,PASS,169,169,true,026ff949-9690-4e56-b5c2-fcd46420f401,true,768,true,"swollen","swollen",""","""
3607,PASS,249,249,true,170ce708-db2d-4689-bdcc-6c1a0e6c66e0,true,768,true,""",""","charioteer","charioteer"
3608,PASS,503,503,true,da91aaf3-5433-4070-8a69-f4d5a5c8355c,true,768,true,"has","has","ride","ride"
3609,PASS,542,542,true,c96e01e8-a720-4029-83c7-c0688a05ca6c,true,768,true,"at","at","matchless","matchless"
3610,PASS,287,287,true,c5ae81ae-633f-4e66-b9d1-3d850c2ef656,true,768,true,"valour","valour",""","""
3611,PASS,267,267,true,d2da7914-ae56-4e9e-9883-2ccf43b46520,true,768,true,""",""",""","""
3612,PASS,490,490,true,5e29c5d0-12bb-42e6-bfa7-697e37d7b197,true,768,true,"saying","saying",".","."
3613,PASS,341,341,true,6f6f44aa-3657-412b-8d58-1d69b6b8a4f0,true,768,true,"alambusha","alambusha",""","""
3614,PASS,281,281,true,1823d10f-c79d-4db0-af7f-ebe95df4de59,true,768,true,""",""","a","a"
3615,PASS,536,536,true,da0c9c8e-4a7b-479d-98ff-6fefec794d14,true,768,true,"fearful","fearful","tusker","tusker"
3616,PASS,506,506,true,516cc481-6927-43cb-98c6-b76670be6285,true,768,true,"against","against","an","an"
3617,PASS,490,490,true,0c8b969d-2fb2-4de9-b2c3-4ec6267e70c4,true,768,true,"unworldly","unworldly",",",","
3618,PASS,487,487,true,912b455c-45b1-4a1f-89ed-0b570c9998c6,true,768,true,"and","and",".","."
3619,PASS,513,513,true,2bbecece-f3a8-461f-b318-9e26e8b7502c,true,768,true,"ghatotkacha","ghatotkacha",".","."
3620,PASS,245,245,true,fb40c0bf-2908-4673-8868-e23709d88780,true,768,true,"fighting","fighting","'","'"
3621,PASS,248,248,true,f5b23211-7433-4824-a0ba-92bacbb364e6,true,768,true,""",""",""","""
3622,PASS,406,406,true,40ff1c00-cfec-40b3-8f98-18b4b53b4a1a,true,768,true,"duryodhana","duryodhana",""","""
3623,PASS,250,250,true,36bcf3fd-f1d0-47d2-a0d3-5427fbb5efa3,true,768,true,""",""",".","."
3624,PASS,504,504,true,63c58889-f2b1-46df-97f0-15ca7267a682,true,768,true,"seeing","seeing","the","the"
3625,PASS,344,344,true,091ecd5d-b413-40db-830f-50cc006c3076,true,768,true,"panchalas","panchalas",""","""
3626,PASS,219,219,true,a9965b10-eb48-4b6d-a117-cb87b083305e,true,768,true,""",""","he","he"
3627,PASS,508,508,true,a4e83c4d-4608-4cc4-ae5c-261d12c01aea,true,768,true,"remains","remains","ghatotkacha","ghatotkacha"
3628,PASS,178,178,true,30a98fc2-ae2f-4eb8-968d-5950b47add24,true,768,true,"lopes","lopes",""","""
3629,PASS,265,265,true,e9c45ee2-1c31-4c91-9524-5bc7ecc40731,true,768,true,""",""","unable","unable"
3630,PASS,483,483,true,060bd5e5-f61b-4a06-a5fe-e0f1a4aa6eec,true,768,true,"to","to",",",","
3631,PASS,496,496,true,517c2752-8732-4287-bbb2-e39ed4e63682,true,768,true,"scimitars","scimitars","having","having"
3632,PASS,489,489,true,9879e053-2160-4bdc-87b5-690095ca98d6,true,768,true,"fled","fled","vindhya","vindhya"
3633,PASS,342,342,true,91a5aaba-93a7-4502-871d-9ee0f80ece05,true,768,true,"mountain","mountain",""","""
3634,PASS,263,263,true,3b1b8600-b5cc-4f3e-961e-e46f75714663,true,768,true,""",""","i","i"
3635,PASS,544,544,true,71d59439-6059-4f0d-92c5-c7c71197d2a0,true,768,true,"feel","feel",".","."
3636,PASS,257,257,true,bb2fc87d-73b0-4858-99dd-7c727da6c32e,true,768,true,"fighting","fighting","'","'"
3637,PASS,247,247,true,34b9b8a0-1617-4ad5-b3cc-206534e78d1c,true,768,true,"'","'","like","like"
3638,PASS,524,524,true,59fc56a9-6ba3-4400-a6b3-57f24418e97c,true,768,true,"the","the","will","will"
3639,PASS,161,161,true,0de671c3-1914-490e-bc02-f6ff1b3db724,true,768,true,"kill","kill",""","""
3640,PASS,267,267,true,b6a38ac2-3f4d-446a-8c9e-85979d077e5b,true,768,true,""",""","karna","karna"
3641,PASS,507,507,true,23efaf12-80ca-48d4-bea3-abbb5c980b67,true,768,true,"killed","killed",""","""
3642,PASS,531,531,true,8d239801-e9d4-4110-ac94-9b5d2dd4449b,true,768,true,"if","if","valuable","valuable"
3643,PASS,119,119,true,c63d0f3c-456f-4fac-a7f9-bab5f151fccd,true,768,true,"than","than",""","""
3644,PASS,247,247,true,c84f5999-5bce-4225-ad9f-393f87591d04,true,768,true,""",""","'","'"
3645,PASS,514,514,true,9d8304b8-147a-4107-9e4c-e67044963705,true,768,true,"dhritarashtra","dhritarashtra","!","!"
3646,PASS,488,488,true,d7f7fe41-2923-4674-9f30-dd7e98e7a6c1,true,768,true,"when","when","against","against"
3647,PASS,436,436,true,3bf7d75e-23c3-4503-ac53-5f018fb987f2,true,768,true,"drona","drona",""","""
3648,PASS,260,260,true,b67a3187-6f20-48e5-96b7-fe083907ddcd,true,768,true,""",""","brahmana","brahmana"
3649,PASS,534,534,true,b9ac78a4-fd09-4f0d-82c0-9c09bff6af12,true,768,true,"ablaze","ablaze","sleep","sleep"
3650,PASS,499,499,true,1497f3c9-85f5-4305-95ec-5287a58cb48e,true,768,true,"like","like","that","that"
3651,PASS,102,102,true,788e51ae-d03f-4805-b024-26eb6c445747,true,768,true,"had","had",""","""
3652,PASS,272,272,true,9444d49a-b425-4ea3-85ff-932d7ebc8b82,true,768,true,""",""",""","""
3653,PASS,525,525,true,5fb7b577-11f4-4ed8-b370-f3e15722adaa,true,768,true,"thus","thus","cruel","cruel"
3654,PASS,312,312,true,de6f8773-92c9-4546-8b89-12b5fc1aa3eb,true,768,true,"and","and",""","""
3655,PASS,270,270,true,817b75de-69d5-40ee-a9cb-45a1887a6260,true,768,true,""",""","for","for"
3656,PASS,472,472,true,40fd864d-2d2a-476b-950c-c930811b07e3,true,768,true,"which","which","and","and"
3657,PASS,507,507,true,ac5e5cf1-7b65-4882-9341-9853584dda0d,true,768,true,"unworldly","unworldly","is","is"
3658,PASS,326,326,true,c9f1a86c-9a86-4e46-9e18-d2f42b8a6442,true,768,true,"besides","besides",""","""
3659,PASS,248,248,true,73062948-ce8d-42b0-abfe-1c572766d727,true,768,true,""",""",".","."
3660,PASS,505,505,true,e0e4879a-5ae1-4011-a40b-a2c5a6b1853b,true,768,true,"men","men",".","."
3661,PASS,490,490,true,ee27e0bc-2a98-4ba3-9556-46f84a8733d6,true,768,true,"as","as",",",","
3662,PASS,157,157,true,5779be4c-e6f1-4d0b-80c8-7c346cd83fb3,true,768,true,"collars","collars",""","""
3663,PASS,255,255,true,daa8b2c9-ffc8-4b12-b2ee-56b8dc1fd4d6,true,768,true,""",""","arrows","arrows"
3664,PASS,496,496,true,2fab41da-2331-4e55-8004-0059a3b13f47,true,768,true,"like","like",".","."
3665,PASS,515,515,true,5b2a4ef5-dd3c-48bf-b626-f531fb6e32b1,true,768,true,"since","since",".","."
3666,PASS,79,79,true,00fd2696-e762-42ef-bf15-8bbd0cb31fe5,true,768,true,"finally","finally",""","""
3667,PASS,254,254,true,2b6d08f6-4991-4c65-9098-409cc206ed90,true,768,true,""",""",".","."
3668,PASS,510,510,true,20f0989b-456d-430e-bfb7-87d616d03291,true,768,true,"none","none","for","for"
3669,PASS,499,499,true,8846a9cd-41fe-4435-a675-7d831027f00e,true,768,true,"wealth","wealth","your","your"
3670,PASS,476,476,true,c9321642-a0ff-43ce-a631-17cecef44f1c,true,768,true,"son","son",""","""
3671,PASS,263,263,true,41e32795-b264-43ec-9dee-2c2c3400b6fe,true,768,true,""",""","vanquish","vanquish"
3672,PASS,506,506,true,7e424d89-8dbf-4a68-991a-27d1730cdc38,true,768,true,"this","this","like","like"
3673,PASS,507,507,true,bad88692-5de4-4d9f-a90e-d3173d72b6ab,true,768,true,"spiked","spiked",".","."
3674,PASS,542,542,true,bfb4aa50-a603-4aaa-bcdd-dda50fa704d4,true,768,true,"drona","drona",""","""
3675,PASS,268,268,true,9d1c788e-3958-428f-9880-cb1fcfa3836d,true,768,true,""",""","broken","broken"
3676,PASS,512,512,true,915ee788-7a23-4eb7-a346-34f0f1ab8ec1,true,768,true,"with","with","his","his"
3677,PASS,494,494,true,4a5ab7b9-6c6f-42fa-95b4-4140b2df37ad,true,768,true,"chestnut","chestnut","devastras","devastras"
3678,PASS,129,129,true,5364515d-dcba-46ac-abed-ed9a80969504,true,768,true,"of","of",""","""
3679,PASS,255,255,true,8e5779ec-600d-4f0b-96db-6ee9dad179c7,true,768,true,""",""","?","?"
3680,PASS,482,482,true,61e8b321-9b53-42ed-97cc-a4819512d01c,true,768,true,"dharmaraja","dharmaraja","the","the"
3681,PASS,516,516,true,a42c4704-72b1-4f14-92b2-83fbd7443c2b,true,768,true,"panchala","panchala",".","."
3682,PASS,498,498,true,31c60d10-1b0e-420f-b420-23026f4e9d9f,true,768,true,"drona","drona",""","""
3683,PASS,508,508,true,808b99cc-8746-48b2-9414-307949d5289f,true,768,true,"all","all",""","""
3684,PASS,271,271,true,eb512b25-69e3-484f-abdd-23de669d3261,true,768,true,""",""","even","even"
3685,PASS,526,526,true,f0bf327d-5845-4ba7-9564-d44564e40e7a,true,768,true,"greater","greater","the","the"
3686,PASS,536,536,true,ac9d5562-ef9b-484f-904f-09accded5905,true,768,true,"kaikeyas","kaikeyas","use","use"
3687,PASS,502,502,true,0f32907b-7661-49d9-a78d-d8a6d472d238,true,768,true,"stratagem","stratagem",""","""
3688,PASS,51,51,true,0e7a0bc9-a686-4773-9900-ec96f79a94de,true,768,true,"when","when",""","""
3689,PASS,235,235,true,8d5b040c-0859-498c-8c6a-2eb946a62125,true,768,true,""",""",",",","
3690,PASS,206,206,true,fc0d3f51-fb09-4cbb-80cb-993c6bda6805,true,768,true,"brihaspati","brihaspati",""","""
3691,PASS,274,274,true,25dbcef0-2094-47f2-a51c-8b6f90333dde,true,768,true,""",""","dhama","dhama"
3692,PASS,542,542,true,37c1dd00-0c4a-4ffe-be80-56051826847f,true,768,true,"yuddha","yuddha",",",","
3693,PASS,541,541,true,b2d6643a-7bd7-45c1-8b5f-a2750e36d897,true,768,true,"obscured","obscured","resounds","resounds"
3694,PASS,65,65,true,36790546-4d8d-4dd6-9ac5-457a727dc848,true,768,true,"with","with",""","""
3695,PASS,237,237,true,08add3f6-22bb-4850-8d7a-4012b2f3607d,true,768,true,""",""","advance","advance"
3696,PASS,502,502,true,e8812f8e-8268-46d4-8d1d-685de82de69a,true,768,true,"again","again",""","""
3697,PASS,520,520,true,c5c848d1-681e-4500-8e57-983bd64ba7e1,true,768,true,"his","his",".","."
3698,PASS,518,518,true,e1af2793-8994-439b-b385-cd2f9e1c0c9c,true,768,true,"aswatthaman","aswatthaman",""","""
3699,PASS,268,268,true,39f4fdf5-6c82-43f6-9be7-c36f452a0b22,true,768,true,""",""","towards","towards"
3700,PASS,544,544,true,5801c788-37cd-4a41-b89b-c5f50e2c21b2,true,768,true,"compassion","compassion","duties","duties"
3701,PASS,522,522,true,e9c51cc0-d4e0-4994-9c44-9da7b026487a,true,768,true,"was","was","?","?"
3702,PASS,167,167,true,24408c77-d0d3-4f3e-b667-e904d83e82fd,true,768,true,"because","because",""","""
3703,PASS,230,230,true,3e819760-bdb6-4df7-a674-5b6984e713d1,true,768,true,""",""",".","."
3704,PASS,500,500,true,11c8392f-8e5b-481a-a042-2ea1956f1d49,true,768,true,"but","but",".","."
3705,PASS,544,544,true,7bd042e9-9fc6-40ef-b7ca-cc76efb1c21a,true,768,true,"anyone","anyone",".","."
3706,PASS,501,501,true,9ecf89a5-9628-4e49-91cf-c37a8caae89b,true,768,true,"through","through","the","the"
3707,PASS,350,350,true,c17faf89-1a77-466d-8867-fae12e64d2dc,true,768,true,"confines","confines",""","""
3708,PASS,259,259,true,ed0e9a15-743e-4a9d-a238-b6ee2ab0b3ff,true,768,true,""",""","seas","seas"
3709,PASS,510,510,true,5930e882-66fc-4de5-af79-8b4093337a39,true,768,true,"in","in","child","child"
3710,PASS,522,522,true,40933e36-cae5-4590-8c29-cd3a899e8e39,true,768,true,"abhimanyu","abhimanyu","o","o"
3711,PASS,280,280,true,2f41c092-aa0e-419d-83da-498ea5a377d7,true,768,true,"arjuna","arjuna",""","""
3712,PASS,272,272,true,179e1806-dcaa-4f5d-8942-0d1a4b21d68c,true,768,true,""",""","the","the"
3713,PASS,517,517,true,5ef4b942-9a80-4a27-9947-c744fb8793b9,true,768,true,"enemy","enemy","prostrate","prostrate"
3714,PASS,475,475,true,08a60b39-9a9d-4c7c-a42f-82f655a33c40,true,768,true,"before","before","breaks","breaks"
3715,PASS,510,510,true,1cd82453-f717-40e0-b8ce-73158fd5303f,true,768,true,"aswatthaman","aswatthaman","blood","blood"
3716,PASS,500,500,true,bbfd12bd-2cf6-4383-b7bd-91cf808dbd2a,true,768,true,"that","that","mighty","mighty"
3717,PASS,469,469,true,615e5e83-e15f-4315-b644-a2e761a3c1f3,true,768,true,"chedi","chedi","no","no"
3718,PASS,498,498,true,787362ac-1003-4e50-8d4b-a454cf980d60,true,768,true,"one","one",".","."
3719,PASS,528,528,true,a507bbcc-8436-49c7-8aff-6b45a9df4aea,true,768,true,"the","the",",",","
3720,PASS,521,521,true,d2e0cc7d-0875-4e81-b2d4-1d593bf3eac8,true,768,true,"all","all","merest","merest"
3721,PASS,489,489,true,ec59f51a-8787-414d-ab71-3beedc95a778,true,768,true,"scratch","scratch",""","""
3722,PASS,577,577,true,c02366e0-0e67-4ef6-a38c-c5cd418d1dbe,true,768,true,"vyasa","vyasa","supreme","supreme"
3723,PASS,508,508,true,e2d05410-742a-454a-a0da-2181ed624396,true,768,true,"abode","abode",".","."
3724,PASS,532,532,true,20d18e6e-aede-4f08-a13a-dc6a162bc2dc,true,768,true,"you","you",".","."
3725,PASS,283,283,true,b16171e3-0bfd-425c-a793-7201102ca3cf,true,768,true,"krishna","krishna",""","""
3726,PASS,257,257,true,61ccd9d6-e676-4d20-8579-4fb78aaf9034,true,768,true,""",""",""","""
3727,PASS,551,551,true,5a330c6d-c7e6-4e60-8254-1eb3e6179572,true,768,true,"vyasa","vyasa","by","by"
3728,PASS,562,562,true,e6c0b546-9ba0-48ca-88c0-cb7cf0442486,true,768,true,"maharathas","maharathas","a","a"
3729,PASS,469,469,true,63fc1160-b7d9-46e4-917f-a949ac617aa9,true,768,true,"bull","bull","of","of"
3730,PASS,525,525,true,92889be2-391d-45f4-87bd-55e26d8dc4a4,true,768,true,"boons","boons",".","."
3731,PASS,521,521,true,47b73a42-d552-45c4-a1b2-4a5324a26a93,true,768,true,"approaching","approaching","the","the"
3732,PASS,560,560,true,648bfd19-89a4-4606-9d93-00ad6fec4ebd,true,768,true,"lord","lord",".","."
3733,PASS,524,524,true,17718738-be33-4ac7-b952-e3087bf93e4e,true,768,true,"he","he","of","of"
3734,PASS,468,468,true,00f39a00-de78-4fb7-bc3c-6e05e7bc668a,true,768,true,"all","all",".","."
3735,PASS,504,504,true,b067b859-507c-46bc-be06-d2e585cf931b,true,768,true,"whatever","whatever","'","'"
3736,PASS,27,27,true,8d69b840-27c7-4f7f-b67f-cc7e187c1153,true,768,true,"1","1",".","."
3737,PASS,149,149,true,6b318c16-69c4-416f-869e-d612fd531d98,true,768,true,""",""","parva","parva"
3738,EMPTY_PAGE,0,0,true,,false,,false,"","","",""
3739,PASS,11,11,true,430bf91d-ddf3-4541-8561-fb3310bee875,true,768,true,"the","the","parva","parva"
3740,EMPTY_PAGE,0,0,true,,false,,false,"","","",""
3741,EMPTY_PAGE,0,0,true,,false,,false,"","","",""
3742,PASS,154,154,true,0555cf5c-c808-4895-89da-915c2ed6c686,true,768,true,"published","published",".","."
3743,PASS,14,14,true,3f9b89c8-efea-4dec-948e-e47ed1cef912,true,768,true,"in","in",")",")"
3744,PASS,10,10,true,94dc39a9-15e8-4f3e-9a6e-575a61d998a6,true,768,true,"c","c","parva","parva"
3745,PASS,256,256,true,46a6547f-080c-47d7-9c81-97616e162476,true,768,true,"a","a",".","."
3746,PASS,79,79,true,4719b99b-b73e-4d94-a9f5-27b802500883,true,768,true,"this","this","editor","editor"
3747,PASS,27,27,true,3f8aac77-3e67-4b45-b9e1-730f436a31c9,true,768,true,"a","a",".","."
3748,PASS,2,2,true,6d031346-ad45-4b74-8fa4-b6667f0a7101,true,768,true,"karna","karna","parva","parva"
3749,PASS,290,290,true,1a87ebe4-fea5-422d-b8e5-8bc2b805829d,true,768,true,"a","a",",",","
3750,PASS,308,308,true,271a98f3-5f5e-4086-9075-748a9c8aed33,true,768,true,"gemstones","gemstones",""","""
3751,PASS,303,303,true,af62ec99-d972-4951-8a53-aec9a20078d1,true,768,true,"v","v",".","."
3752,PASS,372,372,true,2cff7faa-24f9-4398-8b5a-93d49ecba715,true,768,true,"my","my",""","""
3753,PASS,306,306,true,2e4b310b-4358-45b9-8ba0-edffc782b592,true,768,true,""",""","!","!"
3754,PASS,160,160,true,21278076-c2ed-4bc9-9460-2bb71fdd482d,true,768,true,"all","all",""","""
3755,PASS,274,274,true,0874ac5a-2d86-499b-90c5-34230a65b108,true,768,true,"v","v",""","""
3756,PASS,253,253,true,59cda9b0-f06b-460c-ae1e-b03c19adf339,true,768,true,"v","v","and","and"
3757,PASS,459,459,true,bcdb4e15-adaf-4000-bd62-44f8d2c74152,true,768,true,"sudakshina","sudakshina",".","."
3758,PASS,446,446,true,07f6c6b7-5659-4d57-bce2-7e9faba500e0,true,768,true,"the","the",".","."
3759,PASS,142,142,true,656f67e8-af93-4c2c-87ba-d27a88278b29,true,768,true,"karna","karna",""","""
3760,PASS,276,276,true,4b76e849-50cf-4dca-8bf6-4f5920cedaf1,true,768,true,""",""",".","."
3761,PASS,434,434,true,c09942c4-58fb-49a7-bab6-7b21380b1fa3,true,768,true,"drona","drona","valiant","valiant"
3762,PASS,134,134,true,d92c83f3-99e6-4e01-a8ea-1d583947f2cb,true,768,true,"warriors","warriors",""","""
3763,PASS,301,301,true,f4807e51-16f4-4877-aa4e-357f5ad06f93,true,768,true,""",""","remains","remains"
3764,PASS,471,471,true,2e62faa7-2348-437c-ac94-c06393110cfb,true,768,true,"on","on","convulsed","convulsed"
3765,PASS,74,74,true,e088b5c1-ecbe-46d6-86df-12a649b19a0d,true,768,true,"with","with",""","""
3766,PASS,304,304,true,3301f8b6-9892-44c4-aacc-6625c191bdb5,true,768,true,"j","j","relying","relying"
3767,PASS,472,472,true,808d41b2-e779-4acf-b5bd-78fb160031f4,true,768,true,"upon","upon",""","""
3768,PASS,308,308,true,83649870-f43a-4c69-8d5f-2e8f0fb15c7b,true,768,true,""",""","now","now"
3769,PASS,519,519,true,0359a94c-d1e4-420d-a14d-ef93c9596c22,true,768,true,"live","live","without","without"
3770,PASS,489,489,true,2e79461b-7a2f-4ce6-8167-bff4f9f7fce9,true,768,true,"kinsmen","kinsmen",".","."
3771,PASS,524,524,true,b957b433-f03a-45b7-b99e-730830378847,true,768,true,"that","that",".","."
3772,PASS,478,478,true,9e23a042-c8f4-4994-928b-f471cdacd66f,true,768,true,"what","what","?","?"
3773,PASS,159,159,true,ffa161f1-31e1-47b0-a77c-cffb9a58df40,true,768,true,"o","o",""","""
3774,PASS,294,294,true,5745c68b-5aa0-4356-b5a6-b8d6c7cb9b0c,true,768,true,""",""",",",","
3775,PASS,462,462,true,1586b32f-2ad6-40fb-a6c4-5a06c615647e,true,768,true,"and","and","!","!"
3776,PASS,471,471,true,93a6d488-93e9-4873-9042-067ce12ff745,true,768,true,"like","like",""","""
3777,PASS,293,293,true,252bcb4d-1ffe-4572-bac6-23a703576e1b,true,768,true,""",""","two","two"
3778,PASS,499,499,true,48bff065-1557-4e39-9fbf-2fea5990b16a,true,768,true,"eyes","eyes","of","of"
3779,PASS,156,156,true,608b232a-208f-4a82-8ba3-7f1d9aa0cfa4,true,768,true,"neighing","neighing",""","""
3780,PASS,290,290,true,d10d24e6-1eca-4abd-90fc-23ea207fd3b3,true,768,true,""",""","a","a"
3781,PASS,506,506,true,db855dd3-1d9b-4be3-a014-65affa0d7261,true,768,true,"mighty","mighty",".","."
3782,PASS,286,286,true,958a30c6-e9ea-4fc4-b470-368572be328e,true,768,true,"he","he",""","""
3783,PASS,276,276,true,62297c9f-9acd-43cd-8696-2d0a6e6341d4,true,768,true,""",""","great","great"
3784,PASS,483,483,true,c3b1efff-bb8c-4332-8b73-7f6f83d2a09c,true,768,true,"war","war",""","""
3785,PASS,285,285,true,cbcd8e94-74ec-4894-8fa7-d5c6ab8be890,true,768,true,""",""","-","-"
3786,PASS,475,475,true,167a6305-3bdf-4306-b2f8-3f6020515694,true,768,true,"headed","headed",".","."
3787,PASS,47,47,true,b02e5f7d-bbf5-4b0d-9213-12120cb6329f,true,768,true,"meanwhile","meanwhile",""","""
3788,PASS,281,281,true,0bc60525-1b34-4b33-a38f-372f01b76c95,true,768,true,""",""","and","and"
3789,PASS,484,484,true,188db26e-3c2b-43f1-a54b-012f87d3ab1f,true,768,true,"fearsome","fearsome",""","""
3790,PASS,159,159,true,ddbd9714-c8a2-43a0-9df8-3f62ab93c375,true,768,true,"meanwhile","meanwhile",""","""
3791,PASS,287,287,true,bc90c3a3-9a07-4adc-8b75-68dcaa75de88,true,768,true,""",""","like","like"
3792,PASS,513,513,true,f30db2b2-45cc-4534-a752-872f1475580f,true,768,true,"the","the","he","he"
3793,PASS,500,500,true,dc839965-22d1-423f-be30-3725e1629ed4,true,768,true,"looses","looses","the","the"
3794,PASS,58,58,true,058800f3-ec30-496b-8d2a-557c8266a185,true,768,true,"supposed","supposed",""","""
3795,PASS,271,271,true,cc2f145d-831d-45b1-971e-a85dd0b73b39,true,768,true,""",""","with","with"
3796,PASS,499,499,true,c2eebde6-45b4-4514-9365-4773fdd17377,true,768,true,"crescent","crescent",";",";"
3797,PASS,94,94,true,70e410d4-971e-4fbb-a371-e4d8c3d6b875,true,768,true,"aswatthaman","aswatthaman",""","""
3798,PASS,266,266,true,1835e3ab-ae8e-4d53-bb4a-be7c2bccd0ad,true,768,true,""",""",",",","
3799,PASS,507,507,true,1882934d-5f9b-4e0b-9c03-485232b6d1b2,true,768,true,"horses","horses","of","of"
3800,PASS,108,108,true,cbbfdcb0-8fdd-4eee-b1fb-61ec4c5698d5,true,768,true,"death","death",""","""
3801,PASS,268,268,true,6c8b0f24-d2ac-47ff-a046-c76ea3d2a6c2,true,768,true,""",""","like","like"
3802,PASS,489,489,true,1da9cbd5-cbd2-4bc6-aba4-7f10248ae7e6,true,768,true,"thunderbolts","thunderbolts","heavy","heavy"
3803,PASS,474,474,true,33a9c30c-a887-413a-8142-71dc8ed55e00,true,768,true,"mushalas","mushalas","of","of"
3804,PASS,61,61,true,1f93b468-c17a-4af0-a3a2-c7072d29cf0a,true,768,true,"conflict","conflict",""","""
3805,PASS,279,279,true,444d0d91-adae-49c1-812b-e9879f2315d3,true,768,true,""",""",".","."
3806,PASS,508,508,true,5ba6fb95-1068-4498-bc48-c65abb243e02,true,768,true,"aswatthaman","aswatthaman",".","."
3807,PASS,517,517,true,07051c8c-0059-4fef-8047-7229117d847e,true,768,true,"aswatthaman","aswatthaman","with","with"
3808,PASS,150,150,true,52847fa4-2852-4427-b898-a6529b2ce2da,true,768,true,"resonant","resonant",""","""
3809,PASS,296,296,true,1b9b392f-9439-4d67-8fa6-3f2ac8cccdb3,true,768,true,""",""",".","."
3810,PASS,479,479,true,827dac04-5d56-486c-9704-4ed41d6819c4,true,768,true,"encouraged","encouraged","faded","faded"
3811,PASS,71,71,true,254d0ed1-b76b-4891-bcf0-6ba0965b0736,true,768,true,"wildflower","wildflower",""","""
3812,PASS,287,287,true,6774944e-9914-49f2-9f1e-7bee7b7c4182,true,768,true,""",""",".","."
3813,PASS,461,461,true,99933718-dd5a-47d3-90b2-47845f8b34df,true,768,true,"satyaki","satyaki",""","""
3814,PASS,289,289,true,d176f528-0748-458c-89e6-65af3ee118cf,true,768,true,""",""","!","!"
3815,PASS,142,142,true,9588eeaa-9cd7-40b9-ab7f-fe26a7399bf4,true,768,true,"dusasana","dusasana",""","""
3816,PASS,291,291,true,c67c114a-c70a-46ee-91f9-65fc5591e10a,true,768,true,""",""",".","."
3817,PASS,481,481,true,7496f71b-ddbd-42e2-93fd-3dd809aef047,true,768,true,"karna","karna",".","."
3818,PASS,484,484,true,e23701a0-b423-4139-b689-d86db3bd2df9,true,768,true,"his","his",".","."
3819,PASS,301,301,true,625c8e2d-62b0-4583-a680-31f69a3f27dc,true,768,true,"we","we",""","""
3820,PASS,279,279,true,1e9b1aff-dcb6-412e-a7fd-d146f0b84451,true,768,true,""",""","bloody","bloody"
3821,PASS,493,493,true,f28999f0-4e48-4e52-8616-0cb2d4283258,true,768,true,"pulp","pulp","onlookers","onlookers"
3822,PASS,32,32,true,16e5eac2-8d1c-472d-88d8-c4a3cee1b0b4,true,768,true,"watch","watch",""","""
3823,PASS,282,282,true,fc6b9be8-746a-4e90-9256-55b831c210d8,true,768,true,""",""",""","""
3824,PASS,446,446,true,a4cbfb55-f86a-4e7d-b56b-64a9e52fc537,true,768,true,"dhrishtadyumna","dhrishtadyumna",""","""
3825,PASS,280,280,true,efad7074-b52a-43e7-b7dc-000d109d748e,true,768,true,""",""","despatches","despatches"
3826,PASS,512,512,true,e86ea95b-d9e5-4059-a2a8-fbcb5e75e961,true,768,true,"chandradeva","chandradeva","in","in"
3827,PASS,85,85,true,ba050a3f-fe07-4cb1-949a-fbd2fc3f454b,true,768,true,"fright","fright",""","""
3828,PASS,267,267,true,6c17c2a2-cb16-4599-813f-02cc7a7d25cf,true,768,true,""",""",",",","
3829,PASS,477,477,true,b29d52da-fd4b-4d6f-9a23-37f7fb53fa2c,true,768,true,"with","with",".","."
3830,PASS,237,237,true,222e0758-5b93-4a07-8077-6bac70091bec,true,768,true,"in","in",""","""
3831,PASS,295,295,true,5910d022-bd77-4c35-ba4e-66f946846f3a,true,768,true,""",""","drawn","drawn"
3832,PASS,331,331,true,6e39f50a-278e-4be8-993e-6bca182d8baf,true,768,true,"to","to",""","""
3833,PASS,292,292,true,b66d258c-a2f5-48ca-bf62-6632fbfaad56,true,768,true,""",""","strength","strength"
3834,PASS,476,476,true,96c9230c-a365-4434-b5b4-8a8da59a5c09,true,768,true,"and","and","s","s"
3835,PASS,489,489,true,457b5dc5-78a1-4a13-b0f6-5011f270fc81,true,768,true,"twins","twins",""","""
3836,PASS,282,282,true,74afd6c0-8e36-409c-b35f-b90300d6abaf,true,768,true,""",""",""","""
3837,PASS,519,519,true,8c7a89f2-14cf-4e66-8905-97801484e061,true,768,true,"duryodhana","duryodhana","now","now"
3838,PASS,543,543,true,187e7db7-9754-4683-9eec-7ca152864873,true,768,true,"forgotten","forgotten",""","""
3839,PASS,530,530,true,c7a6e25e-d44b-4f95-96f4-c6d08cafeabd,true,768,true,"and","and",""","""
3840,PASS,101,101,true,637b806d-35f6-457d-9e31-6667d26978d8,true,768,true,"after","after",""","""
3841,PASS,291,291,true,81c1a6aa-38a0-432d-b5ad-183daa094f3e,true,768,true,""",""","us","us"
3842,PASS,524,524,true,42cc2ea5-8e5b-45fd-9a2b-47f624b602c2,true,768,true,"what","what","resemble","resemble"
3843,PASS,547,547,true,16e31e57-6932-425a-ac48-6a303cedc2c6,true,768,true,"virulent","virulent","is","is"
3844,PASS,212,212,true,a235433d-608a-4ee6-81c8-a5367c8641c3,true,768,true,"rightly","rightly",""","""
3845,PASS,298,298,true,034cbf6c-d559-415c-b585-51317c782da7,true,768,true,"'","'",".","."
3846,PASS,474,474,true,23d6b6fb-f577-4772-b7e0-2089c7999f7f,true,768,true,"filled","filled",".","."
3847,PASS,480,480,true,a3fc4f4f-2c81-4af9-97c7-300710af12b7,true,768,true,"thus","thus",".","."
3848,PASS,467,467,true,bf42d48f-ae14-43fa-b190-77c491285bd0,true,768,true,"they","they",".","."
3849,PASS,55,55,true,c6d2645b-efce-46c4-9192-7b2f3f66b619,true,768,true,"we","we",""","""
3850,PASS,301,301,true,6d8a4404-160a-482d-8d16-c2a0f83028be,true,768,true,"'","'","can","can"
3851,PASS,494,494,true,aba387a9-36ce-4755-a009-4a0bbf1d527c,true,768,true,"kill","kill","of","of"
3852,PASS,471,471,true,40e10ebd-266e-424e-8a88-9313b11f3208,true,768,true,"that","that",".","."
3853,PASS,504,504,true,97e4f6f4-6e2c-4d36-9419-0aa53c0b7ae8,true,768,true,"the","the","'","'"
3854,PASS,509,509,true,837d75fd-ad3c-44c6-80e2-ed9af2b60d20,true,768,true,"the","the","know","know"
3855,PASS,505,505,true,ef0d5ff9-ac12-4b6b-a482-3044e426b04e,true,768,true,"that","that",".","."
3856,PASS,534,534,true,eeda629f-dbcd-49bb-a5ed-7fbd8e8aaa61,true,768,true,"standing","standing",",",","
3857,PASS,534,534,true,0df351c5-e36d-46b4-bca7-a1927d8224d0,true,768,true,"depend","depend","accomplished","accomplished"
3858,PASS,494,494,true,50de78f7-52f3-4d56-9c86-bd8ebde80603,true,768,true,"warriors","warriors","'","'"
3859,PASS,327,327,true,79b13c7c-87a4-4024-a023-387e195c3c28,true,768,true,"'","'","mighty","mighty"
3860,PASS,523,523,true,3fe87123-c8d7-4f34-875f-e2bdba7a8205,true,768,true,"bhimasena","bhimasena","s","s"
3861,PASS,263,263,true,5ba492be-3f20-4458-a443-96475a555d97,true,768,true,"mentor","mentor","'","'"
3862,PASS,267,267,true,7420cf89-3257-41cf-baeb-308e3601a698,true,768,true,"d","d","a","a"
3863,PASS,422,422,true,6980823a-586b-41a4-a480-ca90dfbe9805,true,768,true,"cloud","cloud","'","'"
3864,PASS,295,295,true,3e1d51c2-a69c-404f-b6a4-9be771dce2ae,true,768,true,""",""",",",","
3865,PASS,538,538,true,d1141cc4-87f6-40bd-96a3-7087cf6a240a,true,768,true,""",""","its","its"
3866,PASS,496,496,true,851f6d5d-a349-4797-a396-baeea58743e7,true,768,true,"axle","axle","?","?"
3867,PASS,211,211,true,03424581-a7d1-48b7-b398-8a20567099ff,true,768,true,"but","but",""","""
3868,PASS,279,279,true,6f6fbf69-c566-42bd-8e7b-117ee2cd958a,true,768,true,""",""","in","in"
3869,PASS,343,343,true,e1197d52-1b0d-4d82-876b-55beb72a507f,true,768,true,"addition","addition","'","'"
3870,PASS,294,294,true,bc295f95-c1a6-4715-ace7-3b5a8fb3b93d,true,768,true,"'","'",""","""
3871,PASS,483,483,true,e677db76-976b-4e2b-84d0-c277eeddb9c9,true,768,true,"karna","karna",".","."
3872,PASS,227,227,true,f9b7d55b-309d-41ea-9716-5a42871fcac4,true,768,true,"a","a","'","'"
3873,PASS,351,351,true,1b40237f-e819-4cac-93ac-b5c83411bc01,true,768,true,""",""","s","s"
3874,PASS,543,543,true,cc827e51-4c41-45f7-b553-7c8b0e6befb7,true,768,true,"uncle","uncle","who","who"
3875,PASS,531,531,true,1cc11915-08b9-4e61-b27a-b4412a43c336,true,768,true,"hates","hates","three","three"
3876,PASS,158,158,true,ef6b04c3-fcb6-4478-8eb6-ad27de033e5a,true,768,true,"worlds","worlds","'","'"
3877,PASS,305,305,true,67db725b-386a-4234-812f-1a6250e7743b,true,768,true,""",""",".","."
3878,PASS,548,548,true,9e4d4ba1-3774-4c80-9017-1b1077d3e125,true,768,true,"there","there","and","and"
3879,PASS,540,540,true,8b709843-eb28-4b7e-9786-09a822699467,true,768,true,"one","one","'","'"
3880,PASS,551,551,true,439a5f0c-3338-4147-9170-b923c8a8c208,true,768,true,"stricken","stricken","deserted","deserted"
3881,PASS,264,264,true,a152c23c-18c3-4bc3-b026-cb91bf0ca09c,true,768,true,"the","the",""","""
3882,PASS,325,325,true,68ad04ca-fffc-409d-9646-302be35d9ad7,true,768,true,""",""",".","."
3883,PASS,484,484,true,164ef4af-2ebf-47cf-890b-051c3e6a32c5,true,768,true,"and","and",".","."
3884,PASS,533,533,true,ad78f7ad-f971-4b43-8ca6-ffaaa4ac87c5,true,768,true,"yet","yet",""","""
3885,PASS,517,517,true,b3b2a0bf-3bac-414f-bc91-b89e91ca62f2,true,768,true,"next","next",""","""
3886,PASS,266,266,true,e9b98ee7-e0ed-47d9-9837-2d72bc3daf4e,true,768,true,""",""",""","""
3887,PASS,291,291,true,4ae8b948-e228-4089-aba7-a0ffc5bc4673,true,768,true,""",""","the","the"
3888,PASS,507,507,true,c3326c4e-8e9c-4220-8cfb-bd351d1f9493,true,768,true,"houses","houses","in","in"
3889,PASS,504,504,true,69bcabce-5248-4e6d-a80e-83b92f506dbc,true,768,true,"this","this","'","'"
3890,PASS,153,153,true,7bf050c9-3dbc-4f1a-8015-11a8693810fa,true,768,true,"this","this",""","""
3891,PASS,276,276,true,c59affd4-8479-46b9-b338-e5e9a354f0e8,true,768,true,"'","'",""","""
3892,PASS,517,517,true,a2e7686e-504a-451e-99e7-46481bcc0dd0,true,768,true,"you","you",".","."
3893,PASS,470,470,true,ca064553-4d6b-4923-afc4-7b25dcfd465e,true,768,true,"the","the","rob","rob"
3894,PASS,344,344,true,3cafaded-162e-4646-a9ed-022e122acaf2,true,768,true,"others","others",""","""
3895,PASS,295,295,true,398078a3-7c4c-46ed-8a93-51035d99e6e5,true,768,true,""",""",".","."
3896,PASS,488,488,true,e1005fe6-0271-48fd-bcab-4d6fc9943ee2,true,768,true,"on","on","does","does"
3897,PASS,532,532,true,b854b267-0343-4252-86da-e830548df01e,true,768,true,"aswatthaman","aswatthaman","their","their"
3898,PASS,531,531,true,322d8f9e-a8ac-45b4-a977-3f6e91fc80cb,true,768,true,"bright","bright","your","your"
3899,PASS,367,367,true,f281b479-1fd5-408c-9beb-5263059f045d,true,768,true,"wanting","wanting","'","'"
3900,PASS,276,276,true,9075f71e-1b23-45fa-9750-7e5c70d34abc,true,768,true,""",""",",",","
3901,PASS,350,350,true,e216a7ae-442a-40b1-933e-144de120ba5b,true,768,true,"swords","swords",""","""
3902,PASS,283,283,true,5e9f44df-db1e-4e15-a043-5c230bcbf975,true,768,true,""",""","in","in"
3903,PASS,485,485,true,a7312fd7-c29f-4ee1-bbf3-32a99de1cd63,true,768,true,"thousands","thousands",".","."
3904,PASS,496,496,true,f26aaab9-c030-4533-bc24-0fb86cef148d,true,768,true,"however","however","the","the"
3905,PASS,248,248,true,a4e07976-8e51-4c86-abf5-3d359b9fed7a,true,768,true,"power","power",""","""
3906,PASS,278,278,true,6238a0cc-54ce-4e61-a979-ad3e300f86c5,true,768,true,""",""","your","your"
3907,PASS,503,503,true,85d3bee3-f03d-4f20-b5d4-b9bff89afcde,true,768,true,"energy","energy",".","."
3908,PASS,492,492,true,1dfeb92e-8275-4b63-8802-fe2c875d5edd,true,768,true,"thus","thus","great","great"
3909,PASS,481,481,true,6b93dbce-8139-4691-bb9c-b1e5c4c0887f,true,768,true,"battles","battles","then","then"
3910,PASS,417,417,true,13a502fd-7618-4f6c-933e-be200b376c45,true,768,true,"seated","seated",""","""
3911,PASS,299,299,true,0c2b89dd-76ee-48e5-93b9-6bb204ef9240,true,768,true,""",""","no","no"
3912,PASS,366,366,true,8cda3c0d-d6d3-4911-9a36-aacf890ccebe,true,768,true,"doubt","doubt",""","""
3913,PASS,287,287,true,c2b57c69-91e6-418c-9681-42dc02281a23,true,768,true,""",""","dispatches","dispatches"
3914,PASS,494,494,true,b2237552-43e8-4d0b-9c79-fb31efde9498,true,768,true,"kratha","kratha",".","."
3915,PASS,479,479,true,4838c3ad-2836-44bd-9302-ab974a28288a,true,768,true,"however","however","the","the"
3916,PASS,220,220,true,ed969ab3-1b55-40ca-b1ee-0e0472a5ec7d,true,768,true,"kauravas","kauravas",""","""
3917,PASS,270,270,true,1bab345f-07a6-4bee-a9de-94c146c9d90f,true,768,true,""",""","by","by"
3918,PASS,486,486,true,a866052d-560f-479c-8aab-695f419d774f,true,768,true,"horsemen","horsemen","where","where"
3919,PASS,91,91,true,c3b449b6-96ba-4e6a-96b2-c49e9c79cb59,true,768,true,"arrows","arrows",""","""
3920,PASS,275,275,true,c7108943-228d-4f51-803b-846a34068730,true,768,true,""",""","he","he"
3921,PASS,476,476,true,fd9158d6-18f8-4109-aa0c-104588a99d1e,true,768,true,"stands","stands","ten","ten"
3922,PASS,48,48,true,aba69280-c6b7-4816-b644-7e68515c89be,true,768,true,"thousand","thousand",""","""
3923,PASS,296,296,true,a475512a-234d-4edc-88b0-23daaa9df087,true,768,true,""",""","prince","prince"
3924,PASS,398,398,true,73ce0694-acb7-42fa-abef-9ec9dcbe1118,true,768,true,"strikes","strikes",""","""
3925,PASS,290,290,true,f05a3c4b-6387-4239-9a5d-66c43163e149,true,768,true,""",""",".","."
3926,PASS,351,351,true,69a26864-cb06-4ef4-a7bd-618bc3e2d49c,true,768,true,"aswatthaman","aswatthaman",""","""
3927,PASS,275,275,true,d9b4f44b-1daa-4145-9b9e-190489fe9ca9,true,768,true,""",""",".","."
3928,PASS,467,467,true,4d41bdf5-21e9-44a4-b5fc-0398fc8476e0,true,768,true,"dhrishtadyumna","dhrishtadyumna","and","and"
3929,PASS,473,473,true,53e5432e-aa5d-466a-b1c1-f042198c2bec,true,768,true,"inundate","inundate","the","the"
3930,PASS,505,505,true,e016a09c-b5f4-4852-884a-0495d1054e53,true,768,true,"battlefield","battlefield","like","like"
3931,PASS,522,522,true,53e23fa2-1843-42d7-944a-11e5d9082752,true,768,true,"vasava","vasava","-","-"
3932,PASS,161,161,true,7a47b7d5-5fdd-4da2-a950-31a735ce0086,true,768,true,"toothed","toothed",".","."
3933,PASS,288,288,true,fc1844e2-9d48-46a8-96e1-0871b0df4def,true,768,true,""",""","the","the"
3934,PASS,104,104,true,5bb34f48-de65-445c-8901-2ee8a02cec52,true,768,true,"sweet","sweet",""","""
3935,PASS,288,288,true,4c9d1356-c4e1-41dd-a9e2-a4ee3a3c5ea9,true,768,true,""",""","gold","gold"
3936,PASS,469,469,true,455107f5-9b65-4267-bf0f-aa58b37d4c73,true,768,true,"filigree","filigree",",",","
3937,PASS,484,484,true,8c2b5f5a-1c69-406e-b28d-4b967dd6e23b,true,768,true,"mired","mired",""","""
3938,PASS,260,260,true,68ff3017-0ab6-4f5e-973f-d0f574af28a8,true,768,true,""",""","astounding","astounding"
3939,PASS,480,480,true,e2302e4f-b864-416c-88c2-c7436f4ace0a,true,768,true,"skill","skill","twinkling","twinkling"
3940,PASS,405,405,true,2c753cae-c98c-4185-a47d-1e906ac2c281,true,768,true,"of","of",""","""
3941,PASS,266,266,true,a74317c8-0d2a-491d-8221-e77e6a2057c6,true,768,true,""",""","the","the"
3942,PASS,512,512,true,239a69e6-430b-47d6-905e-66ce35f16482,true,768,true,"power","power","in","in"
3943,PASS,500,500,true,7150120a-d374-4392-8fe1-bdb1f1804c50,true,768,true,"moonlight","moonlight",".","."
3944,PASS,421,421,true,7954fd28-f2a8-4cb9-8628-bf7611ecc587,true,768,true,"through","through",""","""
3945,PASS,248,248,true,070f90e6-e499-49ce-b8a2-17b8931ec5da,true,768,true,""",""","three","three"
3946,PASS,477,477,true,c4848131-2eb4-460d-a478-461e4697843b,true,768,true,"arrows","arrows",".","."
3947,PASS,286,286,true,3ef2917c-24b7-4428-b7de-086f574413f2,true,768,true,"your","your",""","""
3948,PASS,263,263,true,7c6a306a-adcc-4ad1-8e52-68e9a106e3dc,true,768,true,""",""",".","."
3949,PASS,187,187,true,971de3b0-0c1d-413d-bb0b-165f9d8932bd,true,768,true,"the","the",""","""
3950,PASS,284,284,true,7a3d6180-93ac-406c-9a65-e32241f34aff,true,768,true,""",""","tells","tells"
3951,PASS,255,255,true,988d4ac6-9cc4-4318-9a7b-68d38e843d9b,true,768,true,"karna","karna",""","""
3952,PASS,289,289,true,2b2e14d1-e380-4dfb-9b1e-e6861520b75a,true,768,true,""",""","horses","horses"
3953,PASS,462,462,true,36fdc31e-4907-4438-8536-7bdb3b202546,true,768,true,"himself","himself",""","""
3954,PASS,286,286,true,9aef13c7-408c-4f4a-9c1e-dc97cc950aa7,true,768,true,""",""",""","""
3955,PASS,176,176,true,d3eabc3d-cbcf-4f4d-8f60-22bcf7424605,true,768,true,"as","as",""","""
3956,PASS,288,288,true,0a8f830a-6e73-4c7c-a788-1c471ae6a6db,true,768,true,""",""","of","of"
3957,PASS,511,511,true,25fa4c61-f918-4360-9526-d7b8be569bcc,true,768,true,"yuyudhana","yuyudhana","?","?"
3958,PASS,403,403,true,6420c2ec-0aa1-40f5-bec8-227b73030f5e,true,768,true,"o","o",""","""
3959,PASS,291,291,true,d8149533-22b1-43c3-b3ff-166c65482d52,true,768,true,""",""","of","of"
3960,PASS,268,268,true,fe7362fc-1d5f-4155-9518-5e17880368e9,true,768,true,"karna","karna",""","""
3961,PASS,272,272,true,d9b42939-aa57-45b7-b308-21a5ed828a4e,true,768,true,""",""",".","."
3962,PASS,534,534,true,3ecf5208-ca28-4d0b-964b-9f6674f926ab,true,768,true,"o","o","the","the"
3963,PASS,34,34,true,61f009ef-effe-4388-9e48-94c17f32efae,true,768,true,"might","might",""","""
3964,PASS,312,312,true,f647d17d-9306-466a-9da3-a932275468f3,true,768,true,""",""","but","but"
3965,PASS,496,496,true,a00b80d7-551d-46f6-a0e0-eb1fdba75c47,true,768,true,"which","which",""","""
3966,PASS,489,489,true,b5ef0fd0-0cae-462e-916f-755f3308b9dd,true,768,true,"arjuna","arjuna","through","through"
3967,PASS,542,542,true,fc34ac0d-efed-432c-95a8-aacee9bbcf89,true,768,true,"the","the","of","of"
3968,PASS,155,155,true,e9fd7ddd-c106-47da-b6c5-bd3950842ccd,true,768,true,"addressing","addressing",""","""
3969,PASS,258,258,true,a9c5f9e9-7772-4f4e-83ce-7f7aa51d9060,true,768,true,""",""",".","."
3970,PASS,559,559,true,72f97aa4-cbc6-4485-9ce6-917c84f0a03f,true,768,true,"he","he",",",","
3971,PASS,524,524,true,804aa780-82dd-422a-9b9d-045877ab344d,true,768,true,""",""",""","""
3972,PASS,564,564,true,c817957a-1b4b-4bd5-a7f8-5ca64b8e821c,true,768,true,"saying","saying",""","""
3973,PASS,109,109,true,68813939-af26-4923-bbe3-82e070cc9ed6,true,768,true,"in","in",""","""
3974,PASS,291,291,true,96ad4259-2382-4215-b8ee-a2946f879371,true,768,true,""",""","his","his"
3975,PASS,528,528,true,50346b3c-1979-4396-8790-060579b94b9e,true,768,true,"head","head","into","into"
3976,PASS,19,19,true,7d2c35c0-4934-4717-9ce4-faef2b97f119,true,768,true,"battle","battle",""","""
3977,PASS,280,280,true,f3d24541-6d00-4c4f-aba5-0482b1a367da,true,768,true,""",""","as","as"
3978,PASS,525,525,true,26294fec-b5b8-436a-8ffc-1ff7a44fb017,true,768,true,"arjuna","arjuna",".","."
3979,PASS,174,174,true,edde1888-70bd-45c5-9448-721194015f69,true,768,true,"he","he",""","""
3980,PASS,266,266,true,a99ade56-b39d-493a-8df0-c850e741bbfd,true,768,true,""",""","?","?"
3981,PASS,453,453,true,930e3ba0-1b63-42f3-9513-384b794b625e,true,768,true,"other","other","is","is"
3982,PASS,527,527,true,88300f9f-1092-4107-a0d4-c2c08d883e20,true,768,true,"because","because",".","."
3983,PASS,498,498,true,d479f3c1-7687-495c-925d-e8ec6425bdaa,true,768,true,"i","i","-","-"
3984,PASS,475,475,true,6f020f1f-49fd-46dd-b14a-176e26c00480,true,768,true,"lashes","lashes","!","!"
3985,PASS,379,379,true,baf1b087-8410-4371-91e2-377e2eb6974b,true,768,true,"hear","hear",""","""
3986,PASS,304,304,true,30699690-ac91-44bf-aec0-fdeb0586dbc2,true,768,true,""",""",".","."
3987,PASS,507,507,true,06485856-8ad8-44bb-8ad7-7c59184eb852,true,768,true,"o","o","kings","kings"
3988,PASS,409,409,true,b8a0b56f-e7ac-49c5-90ec-fcb4f07c5567,true,768,true,"cased","cased",""","""
3989,PASS,271,271,true,959eae91-acae-454c-9d72-581fa431b35c,true,768,true,""",""","engages","engages"
3990,PASS,267,267,true,f7ef5c00-5a56-44d2-aec8-0526647dc90b,true,768,true,"aswatthaman","aswatthaman",""","""
3991,PASS,280,280,true,85defc3b-b0f1-4a72-998d-ca2606c7d071,true,768,true,""",""",".","."
3992,PASS,527,527,true,6034126c-a2b2-48cc-a8a4-2d52ab0df862,true,768,true,"o","o",",",","
3993,PASS,331,331,true,38fb5d35-811a-43e9-bb47-4772ff8b4f65,true,768,true,"and","and",""","""
3994,PASS,292,292,true,2bee76e7-2293-48de-9c2c-33a7819157e8,true,768,true,""",""","of","of"
3995,PASS,489,489,true,1b7a0f77-b88b-49cf-93a5-1564c6d37e29,true,768,true,"death","death","and","and"
3996,PASS,499,499,true,95b44740-2cf9-47e7-829b-fa93e56f3956,true,768,true,"spiked","spiked",".","."
3997,PASS,79,79,true,5885978d-113e-4fbb-a2f6-26f4e0971db7,true,768,true,"seeing","seeing",""","""
3998,PASS,297,297,true,4ac91164-66e7-47e5-8641-ab8307ac2de2,true,768,true,""",""","looses","looses"
3999,PASS,483,483,true,b263236e-689a-42f4-8516-1bfdec02b404,true,768,true,"hundreds","hundreds","orders","orders"
4000,PASS,193,193,true,3a61785d-9494-4ad0-a49b-df2e56882461,true,768,true,"diverse","diverse",""","""
4001,PASS,288,288,true,5643384e-52f5-427d-b51e-8cd878f7bc45,true,768,true,""",""",""","""
4002,PASS,544,544,true,8abe92f5-6067-464b-86e2-c3b16fdc4540,true,768,true,"krishna","krishna",".","."
4003,PASS,516,516,true,72105333-ace3-4fe1-9090-ec3a61adb6fa,true,768,true,"arjuna","arjuna","in","in"
4004,PASS,503,503,true,e0c26d60-5995-403d-a537-49411036485e,true,768,true,"which","which","your","your"
4005,PASS,313,313,true,cd23dad7-772a-482a-a764-9fc55a153d49,true,768,true,"son","son",""","""
4006,PASS,293,293,true,2c0fae79-d199-44f9-8e46-50df95194a16,true,768,true,""",""","absolute","absolute"
4007,PASS,242,242,true,3f36dfcf-c99e-4980-8bb4-01d70a8e3a3d,true,768,true,"disorder","disorder",""","""
4008,PASS,280,280,true,dffcb3ce-6676-4cbf-8aa3-08f2319dc3c2,true,768,true,""",""","thunderous","thunderous"
4009,PASS,483,483,true,6b69a8c1-fa0a-4aec-95ab-b1f61d9099d0,true,768,true,"twang","twang",".","."
4010,PASS,188,188,true,5885b2c7-2b3e-4886-b0e1-ede6f0d13d29,true,768,true,"your","your",""","""
4011,PASS,293,293,true,e00c2477-e31c-4b5b-b1bb-9e3d2662bc87,true,768,true,""",""","in","in"
4012,PASS,479,479,true,16b38914-ab44-4b5d-9b9c-6b31605bab47,true,768,true,"his","his","karna","karna"
4013,PASS,324,324,true,3b9b2174-71bc-42c2-af67-dbd744d0f538,true,768,true,"strike","strike",""","""
4014,PASS,298,298,true,cd3f38fb-6587-4cc5-ae72-0c75555ad289,true,768,true,""",""","remembers","remembers"
4015,PASS,555,555,true,657ae4ed-5f2f-42db-89f8-5ee05c080065,true,768,true,"all","all","with","with"
4016,PASS,380,380,true,c4473f0f-e012-4910-a6fc-fbcb28e2501e,true,768,true,"great","great",""","""
4017,PASS,303,303,true,bb83074c-a594-4f26-9d1b-149a2c3357ae,true,768,true,""",""",",",","
4018,PASS,483,483,true,406b744c-3c04-4796-8dd2-867a922fb88f,true,768,true,"karna","karna",",",","
4019,PASS,77,77,true,81a5f1b3-e410-4c7d-9fa0-86c20f690283,true,768,true,"retaliate","retaliate",""","""
4020,PASS,277,277,true,01f87167-7b0a-4691-b6c0-e45688422a46,true,768,true,""",""",".","."
4021,PASS,494,494,true,75c9078b-8a2b-4bd2-ad54-0fe7ca787047,true,768,true,"a","a","slashed","slashed"
4022,PASS,339,339,true,8f9b7d61-fba4-4021-a51c-a59aeffd3606,true,768,true,"with","with",""","""
4023,PASS,299,299,true,72a6bac3-ce7b-4df1-8e7d-1af221c67146,true,768,true,""",""","sarva","sarva"
4024,PASS,256,256,true,95ed2448-47fc-4f8e-9a38-e1e8af2a285d,true,768,true,"kapardin","kapardin",""","""
4025,PASS,305,305,true,4f7dcdfa-212f-48e8-add3-bd1ff1cbd404,true,768,true,""",""","standard","standard"
4026,PASS,488,488,true,e71e98ed-a42b-4b6f-9336-69940b7c4742,true,768,true,"each","each",".","."
4027,PASS,509,509,true,dfd9068f-cf18-4941-b491-0543d9643b71,true,768,true,"the","the","triumph","triumph"
4028,PASS,484,484,true,8cda223d-a12e-41da-beff-6fecd70a6d72,true,768,true,"over","over",".","."
4029,PASS,532,532,true,4ea3211f-4605-40c5-865c-485a3f1328ec,true,768,true,"they","they",".","."
4030,PASS,409,409,true,0820cf62-679a-4a4a-bdec-eae43a2dd767,true,768,true,"then","then",""","""
4031,PASS,294,294,true,77968fc9-c21c-48b2-a5a2-74de3ad4e209,true,768,true,""",""","the","the"
4032,PASS,484,484,true,2f67c1e5-10eb-496c-97d0-84ba3f81f03b,true,768,true,"sun","sun",",",","
4033,PASS,466,466,true,7d7c6273-b7cf-465e-a83a-4b8e2299d00f,true,768,true,"sharing","sharing",""","""
4034,PASS,298,298,true,856d1651-76d1-49ea-91b7-8a8a7da7235f,true,768,true,""",""","and","and"
4035,PASS,510,510,true,20c8f00d-35fe-40d2-b598-4f7c18b2bc54,true,768,true,"karna","karna",".","."
4036,PASS,541,541,true,85a12f8e-6fe7-49dc-b77c-b15f569daceb,true,768,true,"struck","struck","through","through"
4037,PASS,503,503,true,34cc3d78-a620-49f7-8686-2e28000a7216,true,768,true,"that","that","cloud","cloud"
4038,PASS,510,510,true,3301cf19-f80d-494e-8893-6d1fc0ccd558,true,768,true,"of","of","winged","winged"
4039,PASS,388,388,true,5d34320c-b2f5-4c9c-9c83-5434ccbd6244,true,768,true,"arrows","arrows",""","""
4040,PASS,285,285,true,6442bfdd-a00d-46c9-aee9-7d8174d42272,true,768,true,""",""",".","."
4041,PASS,520,520,true,8f653f3f-5c6d-4618-8522-c2052c94cf06,true,768,true,"karna","karna","svayambhu","svayambhu"
4042,PASS,534,534,true,c9486da0-b986-4490-af8e-dcc4baca2f24,true,768,true,"himself","himself",""","""
4043,PASS,514,514,true,a075cedc-28d1-41a5-9138-e720248ef10b,true,768,true,"arjuna","arjuna","in","in"
4044,PASS,491,491,true,b8d60746-ecbc-4429-a8e3-3c902d9dc1b7,true,768,true,"great","great",".","."
4045,PASS,512,512,true,e8232b74-ab76-4e8d-b63e-a5abd5ff9e86,true,768,true,"he","he","his","his"
4046,PASS,297,297,true,b3e786f1-b19d-49bd-9df3-ae08f01e6e26,true,768,true,"massive","massive",""","""
4047,PASS,269,269,true,a4c64800-fbb7-401c-8c6b-d84362e9446b,true,768,true,""",""","was","was"
4048,PASS,494,494,true,2812c5a4-ac2a-426f-9878-cfe75ff40499,true,768,true,"in","in","the","the"
4049,PASS,509,509,true,6bd9edd4-84c8-4cef-99ad-b1f3de6d330f,true,768,true,"lord","lord",""","""
4050,PASS,513,513,true,ea6d1951-9f6f-4d3b-bb9b-3d5524cea783,true,768,true,"arjuna","arjuna","o","o"
4051,PASS,115,115,true,c3a956d4-289f-4cdd-86c8-65c3a2604532,true,768,true,"rajan","rajan",""","""
4052,PASS,287,287,true,96e377ec-c6fc-441a-9506-4c62bb19c900,true,768,true,""",""","of","of"
4053,PASS,173,173,true,c599e176-0674-46fa-b20e-4d33aa359c33,true,768,true,"your","your",""","""
4054,PASS,302,302,true,d68714b6-d639-4c48-8641-c2df35f64a7d,true,768,true,""",""","the","the"
4055,PASS,476,476,true,2115b301-7768-46cc-82bf-1ab66ff17e7a,true,768,true,"suta","suta","their","their"
4056,PASS,427,427,true,bd701b60-99f3-4298-bba3-402915c12ded,true,768,true,"conches","conches",""","""
4057,PASS,300,300,true,b5eea5db-9338-441d-b2b9-7ce4c9930efb,true,768,true,""",""","with","with"
4058,PASS,532,532,true,e21431f8-efe8-430e-9354-fb1422386017,true,768,true,"golden","golden","and","and"
4059,PASS,520,520,true,0d02388b-3f96-41ea-beb5-2d25dc0de134,true,768,true,"rishis","rishis",".","."
4060,PASS,506,506,true,91cac22f-4e75-4386-aaf7-cab254f4675e,true,768,true,"when","when","kauravas","kauravas"
4061,PASS,174,174,true,471b0ef5-b9ac-4ac8-8e56-b76554071891,true,768,true,"hear","hear",""","""
4062,PASS,274,274,true,5d387e83-1e80-40e8-a4cd-bcff745ee03b,true,768,true,""",""",",",","
4063,PASS,46,46,true,62a3a53a-5205-4658-b59b-e4267a4e8467,true,768,true,"himself","himself",""","""
4064,PASS,298,298,true,a42490cd-daef-4ec7-8e37-4d36d52d1097,true,768,true,""",""","dead","dead"
4065,PASS,497,497,true,aee07b2a-2699-4e31-92ea-0465432903b8,true,768,true,"and","and","of","of"
4066,PASS,497,497,true,2f3c4360-6c3d-4572-a4fd-3cff8d4ef268,true,768,true,"dhritarashtra","dhritarashtra",",",","
4067,PASS,171,171,true,3a072bd7-d027-4d3d-b3d7-5ab3aa6a40a8,true,768,true,"obtain","obtain","parva","parva"
4068,PASS,2,2,true,70f6cf5f-4d72-4e52-afc0-d299fa65421c,true,768,true,"salya","salya","parva","parva"
4069,PASS,276,276,true,98dd267d-59b2-459b-b975-f6e5b78a4b1e,true,768,true,"j","j",",",","
4070,PASS,519,519,true,5b686807-a911-47b2-ae20-c49562fdfc60,true,768,true,"sanjaya","sanjaya","'","'"
4071,PASS,133,133,true,5f4d199c-5950-437d-b67c-a548c3a1004d,true,768,true,"he","he",""","""
4072,PASS,290,290,true,ec9ef76e-7a0d-4eb1-bc1c-b91c109c7fcb,true,768,true,"v","v",""","""
4073,PASS,465,465,true,1db6c07c-66fa-44c0-97b7-44a944289f93,true,768,true,"speak","speak","?","?"
4074,PASS,480,480,true,bd016fca-bbcd-461f-965a-6eee843a7115,true,768,true,"when","when","the","the"
4075,PASS,37,37,true,df247cf7-0d4f-4f52-a032-f3aabe9a3792,true,768,true,"five","five",""","""
4076,PASS,261,261,true,d0ce4eb2-069b-47b5-9a7b-2de5fe45a741,true,768,true,""",""",".","."
4077,PASS,498,498,true,eb1976cc-bc70-400a-8ca4-f34c5372a23f,true,768,true,"elsewhere","elsewhere","you","you"
4078,PASS,101,101,true,9f07330a-8d2c-4e98-83b8-f8e952594721,true,768,true,"kshatriyas","kshatriyas",""","""
4079,PASS,299,299,true,01705895-4c38-4add-b80e-f75460249ec8,true,768,true,""",""","moon","moon"
4080,PASS,487,487,true,9bbba8c2-3b36-4788-bf2b-089649979f75,true,768,true,"and","and",""","""
4081,PASS,21,21,true,665866ea-b483-4011-9034-f0e972b855ff,true,768,true,"the","the",""","""
4082,PASS,294,294,true,599d30f6-18f2-46bd-bbed-3fba896a5caa,true,768,true,""",""",".","."
4083,PASS,499,499,true,be6b6e4f-df61-46cf-9d20-db2ef29925b5,true,768,true,"dhrishtadyumna","dhrishtadyumna",".","."
4084,PASS,395,395,true,22118ac7-d0eb-41af-9d4e-66b05164ddbb,true,768,true,"beyond","beyond",""","""
4085,PASS,318,318,true,3557a1f2-72e5-482b-aee0-e0b2f3a15d4c,true,768,true,""",""","astra","astra"
4086,PASS,361,361,true,64096787-cca2-49db-98f5-02003c2a888a,true,768,true,"shastra","shastra",""","""
4087,PASS,272,272,true,d923375f-2c4b-4030-a8eb-7cfab81e9bcb,true,768,true,""",""","entire","entire"
4088,PASS,479,479,true,0db65fac-35be-4c65-954e-aae1169b0b48,true,768,true,"world","world",""","""
4089,PASS,269,269,true,d1b78d6d-de84-4f3b-aaea-0bf243eb1869,true,768,true,""",""","had","had"
4090,PASS,351,351,true,f1110feb-438c-4d4d-a007-1bf9cc43ef16,true,768,true,"fallen","fallen",""","""
4091,PASS,281,281,true,df83646e-e1d9-49e4-a47a-0cc3269eb18e,true,768,true,""",""",".","."
4092,PASS,163,163,true,22148b07-46f8-4e00-84c4-ede57ed1d369,true,768,true,"that","that",""","""
4093,PASS,304,304,true,ea01c2df-fcae-4cd8-9066-6a3bbae1e9b6,true,768,true,""",""","but","but"
4094,PASS,424,424,true,2555eee8-9e38-4841-a987-4cca7c7d74ac,true,768,true,"nakula","nakula",""","""
4095,PASS,274,274,true,7200372f-1084-4836-97d5-91fc533eb927,true,768,true,""",""",",",","
4096,PASS,484,484,true,89b31e7c-628f-4680-af3e-155b047ea108,true,768,true,"dhristadyumna","dhristadyumna",".","."
4097,PASS,188,188,true,6ffb2206-717f-47b8-ad75-f3f6ed209935,true,768,true,"this","this",""","""
4098,PASS,292,292,true,8e4944b1-137f-4701-9d43-408e195fac41,true,768,true,""",""",".","."
4099,PASS,477,477,true,8202971b-a30c-4375-9ba0-4ecc16f19118,true,768,true,"sweeping","sweeping",""","""
4100,PASS,269,269,true,d073d8af-98fa-43a8-beb6-3dc0d1be5c78,true,768,true,""",""",".","."
4101,PASS,196,196,true,900c4371-e6b5-4125-bb7c-19900e1a7d09,true,768,true,"yudhishtira","yudhishtira",""","""
4102,PASS,268,268,true,4d12a839-802d-43a4-ad00-292463a56b05,true,768,true,""",""","for","for"
4103,PASS,325,325,true,ae666ccf-0344-434c-9c7f-26dc54bdccf7,true,768,true,"a","a",""","""
4104,PASS,255,255,true,299e5c10-51d9-4bd4-b36c-60479cab29a3,true,768,true,""",""","and","and"
4105,PASS,141,141,true,6d99bc9b-4139-4965-8788-fdc751645237,true,768,true,"awesome","awesome",""","""
4106,PASS,275,275,true,4391a9e1-845d-4a9d-87e5-b2b9561d1e3f,true,768,true,""",""","all","all"
4107,PASS,499,499,true,93272cf2-95b4-4036-b1f7-151bd81194d4,true,768,true,"perished","perished","fierce","fierce"
4108,PASS,291,291,true,dedb6263-af22-4ecc-9476-786a7783c51e,true,768,true,"as","as",""","""
4109,PASS,278,278,true,90499934-717d-4668-814b-147b80a0b382,true,768,true,""",""","bow","bow"
4110,PASS,490,490,true,01fd142f-c5bd-4004-bb65-8f9d5c3df812,true,768,true,"broken","broken","and","and"
4111,PASS,508,508,true,d32c9298-e92e-4b92-b530-b3e526eeaff4,true,768,true,"very","very",",",","
4112,PASS,277,277,true,fec25263-9211-4909-bd5f-c93d3046aa36,true,768,true,"kritavarman","kritavarman",""","""
4113,PASS,287,287,true,29c01e6c-6175-48b0-b88c-8a168c01cde8,true,768,true,""",""",""","""
4114,PASS,318,318,true,95e4ec09-b620-4b07-b596-d4d4f4a1dfc2,true,768,true,"duryodhana","duryodhana",""","""
4115,PASS,273,273,true,7ecf3b98-9330-4931-ada2-cdf51d74c7fc,true,768,true,""",""",".","."
4116,PASS,478,478,true,d06f9a9c-5bd7-4097-b76f-3005887d0d11,true,768,true,"today","today","that","that"
4117,PASS,239,239,true,24f425fa-e7f2-4160-b895-9bf1a38653a0,true,768,true,"division","division",""","""
4118,PASS,294,294,true,523ad6a6-4300-4b3e-96cb-c02d8bb82537,true,768,true,""",""",",",","
4119,PASS,149,149,true,d019bf87-af69-4082-9f0e-3879911bf140,true,768,true,"and","and",""","""
4120,PASS,279,279,true,900284da-0cfa-4efe-8482-162925864a09,true,768,true,""",""","only","only"
4121,PASS,84,84,true,ceaf99c3-33b1-480a-914c-6daeda6bd035,true,768,true,"duryodhana","duryodhana",""","""
4122,PASS,267,267,true,1ee5f2a8-124d-4cf7-a447-9d70f467ff1e,true,768,true,""",""",".","."
4123,PASS,235,235,true,efa89574-3723-49a9-8af3-5b0827dd2744,true,768,true,"shooting","shooting",""","""
4124,PASS,261,261,true,7323e9cb-ad00-4b9f-b978-8fc4a1be9af2,true,768,true,"s","s","to","to"
4125,PASS,487,487,true,26044569-e72e-4a13-8150-3e323bb0c87f,true,768,true,"find","find",",",","
4126,PASS,254,254,true,e42e7ee2-a036-49bf-b783-fe6e7aaa2bed,true,768,true,"how","how",""","""
4127,PASS,285,285,true,5b3ea0f7-1f07-4777-90e2-82fbbabeece1,true,768,true,""",""",".","."
4128,PASS,512,512,true,b4862752-c988-462d-9ff1-14efcdf4137e,true,768,true,"when","when",""","""
4129,PASS,163,163,true,42249518-c7ee-4ad8-968a-50d42cb0af73,true,768,true,"reins","reins",""","""
4130,PASS,288,288,true,97d30d37-5278-4dd5-960e-952cf0ccdb16,true,768,true,""",""",".","."
4131,PASS,433,433,true,c725b13d-2760-429d-820f-7c89b82a5608,true,768,true,"after","after",""","""
4132,PASS,275,275,true,c221f84a-96c0-4a6f-ba9e-e2d7234adf1f,true,768,true,""",""","ten","ten"
4133,PASS,67,67,true,3aefdd3d-d1b9-466f-a699-c57b408e299c,true,768,true,"thousand","thousand",""","""
4134,PASS,292,292,true,7036345a-b808-4f8b-9572-a98a0a73122e,true,768,true,""",""","from","from"
4135,PASS,408,408,true,9cd4df0b-4822-4c9b-929e-424cacf44f3e,true,768,true,"duryodhana","duryodhana",""","""
4136,PASS,287,287,true,62385d0a-a66c-41f5-90bf-12b869b3c977,true,768,true,""",""",",",","
4137,PASS,533,533,true,52da206d-8cc3-4ebd-87ed-bc49dfbc505d,true,768,true,"sahadeva","sahadeva",""","""
4138,PASS,253,253,true,87c1838a-d663-4a02-8060-473d25af6f82,true,768,true,""",""","'","'"
4139,PASS,458,458,true,451b1117-3463-460f-ab49-61a807371709,true,768,true,"sanjaya","sanjaya",".","."
4140,PASS,510,510,true,16d2addf-fecb-496e-9dbc-bd4826f72d6c,true,768,true,"sighing","sighing","brothers","brothers"
4141,PASS,472,472,true,b7287b1a-6569-4a1d-aab6-7df9add826a0,true,768,true,"and","and",""","""
4142,PASS,283,283,true,71427e92-bea6-4488-8f4b-777f27d33769,true,768,true,""",""","and","and"
4143,PASS,498,498,true,ab5108dd-69cf-4f2b-8a95-eef88d6611d3,true,768,true,"wounded","wounded","we","we"
4144,PASS,86,86,true,c3d9148a-ca32-4e80-afb4-24168a66d33a,true,768,true,"must","must",""","""
4145,PASS,277,277,true,94f8ff41-c46e-4e45-83b8-b007a9d4fcb5,true,768,true,""",""","never","never"
4146,PASS,554,554,true,35906563-1147-43bd-8e92-ea1642d0b2bd,true,768,true,"thought","thought","and","and"
4147,PASS,382,382,true,3ace253a-0ee2-4b1e-ae52-353cb5318c6d,true,768,true,"karna","karna",""","""
4148,PASS,301,301,true,5c927785-fcbf-420b-a600-9b4b12d66f41,true,768,true,""",""",",",","
4149,PASS,547,547,true,6cd6c2fe-b486-4e90-9d99-30db2497f6ff,true,768,true,"bhurisrava","bhurisrava","fight","fight"
4150,PASS,98,98,true,e56d84e3-3629-438a-abd3-a105f0df6eda,true,768,true,"any","any",""","""
4151,PASS,321,321,true,aaec9409-1512-4b85-9407-aaa552d76a84,true,768,true,""",""",""","""
4152,PASS,537,537,true,882ced01-53a9-4f6f-8071-e25c33742127,true,768,true,"vasudeva","vasudeva","standing","standing"
4153,PASS,209,209,true,8ef51747-0793-4fc5-b01d-9a47efb627de,true,768,true,"here","here",""","""
4154,PASS,272,272,true,759fbf0f-d100-4951-a36d-ec9d0349799f,true,768,true,""",""",""","""
4155,PASS,274,274,true,06d56a7a-f55f-4aa5-ba1c-4ab34603306e,true,768,true,"j","j","leading","leading"
4156,PASS,451,451,true,fad7bad7-9f51-4f12-a4bd-d511b3418204,true,768,true,"brahmanas","brahmanas",",",","
4157,PASS,442,442,true,8010f3ab-9926-496d-b427-326fd98059dd,true,768,true,"who","who",""","""
4158,PASS,278,278,true,f1a9e0cc-c770-4287-8911-debec6cbee80,true,768,true,"v","v","their","their"
4159,PASS,510,510,true,394f36e0-ffe3-4558-a50a-7c6c111d5d7e,true,768,true,"yagna","yagna",".","."
4160,PASS,115,115,true,b9cd280a-1e8e-4710-a751-10f7b8c10050,true,768,true,"at","at",""","""
4161,PASS,259,259,true,b0c2694d-78b3-416d-ab4c-2e8dfcfa29db,true,768,true,"v","v",".","."
4162,PASS,474,474,true,171c71b4-cbf1-4824-8bbf-1d93786a1bbb,true,768,true,"he","he",".","."
4163,PASS,256,256,true,8866994b-af70-412b-81af-ca45f8bfe049,true,768,true,"they","they",""","""
4164,PASS,241,241,true,2d957abc-33c9-40be-9b3a-cbbdc2895611,true,768,true,"j","j",".","."
4165,PASS,462,462,true,d292eedc-6571-4297-b13c-42ae4dc4eae3,true,768,true,"again","again","'","'"
4166,PASS,283,283,true,32551ee3-7286-465d-941c-2e87981c9bd9,true,768,true,"laughing","laughing",""","""
4167,PASS,264,264,true,21f8cc7c-d67e-4557-b0b6-9a4b34bb8101,true,768,true,"v","v","an","an"
4168,PASS,364,364,true,d099f783-9cf4-4892-bc84-6376ac124e28,true,768,true,"excellent","excellent",""","""
4169,PASS,287,287,true,661a2ff4-43d4-4037-8df4-b4a99268987d,true,768,true,"j","j",".","."
4170,PASS,226,226,true,d4ff4198-23d3-4969-87c0-99feab82bbee,true,768,true,"on","on",""","""
4171,PASS,294,294,true,90963524-34d0-4ad8-a0e5-53f0462e019c,true,768,true,"v","v","king","king"
4172,PASS,368,368,true,3701b2ce-ca91-407a-904e-986eef864c01,true,768,true,"consulted","consulted",""","""
4173,PASS,260,260,true,961db260-4686-4fbb-8c9c-687f7619675f,true,768,true,"j","j","them","them"
4174,PASS,367,367,true,6f502a0b-2750-416d-9093-2d9a5a52b92f,true,768,true,"might","might",""","""
4175,PASS,263,263,true,eed2b7e0-a17c-472d-bdcf-0f85ba7e6cd2,true,768,true,"v","v","'","'"
4176,PASS,427,427,true,43ec31fb-11e4-4bcf-b911-b3e4d01014b1,true,768,true,"at","at",""","""
4177,PASS,285,285,true,d56052ee-3514-4a8f-8699-d92531e2f9cc,true,768,true,"j","j","and","and"
4178,PASS,501,501,true,a45626cd-1836-4867-98fb-8def139da32e,true,768,true,"praised","praised","our","our"
4179,PASS,166,166,true,fc204556-e2dc-43c4-a769-42060773244c,true,768,true,"happiness","happiness",""","""
4180,PASS,290,290,true,adfe5014-c936-4c17-8bb3-b9dd86f31e07,true,768,true,"v","v",",",","
4181,PASS,470,470,true,d0ad0ad6-4e67-4d53-802d-07d7698de76f,true,768,true,"saraswati","saraswati","armed","armed"
4182,PASS,420,420,true,91c146b6-ff53-486f-a707-426fca12c642,true,768,true,"respectively","respectively",",",","
4183,PASS,463,463,true,b12948f4-131a-4db3-a46f-e719345cf310,true,768,true,"varada","varada","large","large"
4184,PASS,500,500,true,2b6be779-5a99-49d5-9d81-43c9909da517,true,768,true,"limbs","limbs",".","."
4185,PASS,323,323,true,760a445b-8aa2-40e8-8ac5-c5c386e11dca,true,768,true,"clad","clad",""","""
4186,PASS,258,258,true,08e69325-cd89-499a-8347-41e6762d0c1c,true,768,true,"v","v",",",","
4187,PASS,459,459,true,540ee485-6edc-4473-bc68-b07ab3fc1737,true,768,true,"subhaga","subhaga",",",","
4188,PASS,471,471,true,f30a86d2-f88c-460f-b559-27e21ad6604b,true,768,true,"clothes","clothes",".","."
4189,PASS,487,487,true,271c0fb0-ea01-4637-ab77-71233705a1fc,true,768,true,"finally","finally","enemies","enemies"
4190,PASS,143,143,true,1acaf14a-7d54-4a7a-bcce-e87980ece860,true,768,true,"of","of",""","""
4191,PASS,281,281,true,e8963719-3d43-4521-9900-8ad955811fc5,true,768,true,"j","j",".","."
4192,PASS,193,193,true,b2c7cf8f-72ca-4e16-8da4-85b32b484db4,true,768,true,"balarama","balarama",""","""
4193,PASS,300,300,true,0b31f3ad-5eae-4672-9a8d-b2a66c27e215,true,768,true,"v","v","dipped","dipped"
4194,PASS,480,480,true,394e7723-3a3b-443d-8cd5-048a215ee8c6,true,768,true,"them","them","severe","severe"
4195,PASS,241,241,true,eb1bf71e-9d1e-43dc-a1bb-02683352712b,true,768,true,"penances","penances",""","""
4196,PASS,262,262,true,275e2f9b-f119-458f-8116-d5ecdf557b4b,true,768,true,"v","v","terror","terror"
4197,PASS,150,150,true,b159623c-f0ab-416f-ac5e-2deac30b8d2c,true,768,true,"and","and",""","""
4198,PASS,283,283,true,a0d812b9-966a-43ce-839f-be7109c726bd,true,768,true,"v","v","before","before"
4199,PASS,474,474,true,7d6c676a-8345-427f-8885-aac98dad37a6,true,768,true,"him","him","joined","joined"
4200,PASS,469,469,true,8ee26beb-c5ec-42c5-9d53-1d37bef671c9,true,768,true,"hands","hands",""","""
4201,PASS,267,267,true,243d0809-3f14-4c3e-8c9f-d520885356e9,true,768,true,"v","v","'","'"
4202,PASS,521,521,true,0dbc66b6-2e87-4eba-9124-1a608519ef86,true,768,true,"dadhicha","dadhicha","like","like"
4203,PASS,211,211,true,d3ebe6b8-5f2b-43fe-a953-98d50d10183f,true,768,true,"mien","mien",""","""
4204,PASS,264,264,true,79aa8c5b-283d-497c-9728-b28fbc070154,true,768,true,"j","j","'","'"
4205,PASS,251,251,true,571dd440-72a2-4f17-bc06-5578571e97c9,true,768,true,"galava","galava",""","""
4206,PASS,283,283,true,fb918148-e1d8-4106-91aa-3079f9a1eee6,true,768,true,"v","v",".","."
4207,PASS,310,310,true,2dacc0d4-7bed-4ad3-ac53-0fc96d9e08a5,true,768,true,"sakra","sakra",""","""
4208,PASS,266,266,true,b599f3f1-a51f-47f5-b3f5-3892eea155ff,true,768,true,"v","v","rishis","rishis"
4209,PASS,383,383,true,6acf3d52-0e9c-4f05-b3e6-79652221937e,true,768,true,"and","and",""","""
4210,PASS,286,286,true,696d9bac-bdb5-4975-89cc-0f5f18f188fb,true,768,true,""",""",",",","
4211,PASS,233,233,true,93d5e8a4-12ee-40b2-b26e-1973f6cc743a,true,768,true,"duryodhana","duryodhana",""","""
4212,PASS,294,294,true,7065269c-05b3-40a8-b0ea-cdba6ce08134,true,768,true,"v","v",".","."
4213,PASS,523,523,true,1b291712-b11d-47df-8724-d18704878eaf,true,768,true,"looking","looking",""","""
4214,PASS,41,41,true,f57fc19d-673a-4546-b584-07c4192e5617,true,768,true,"the","the",""","""
4215,PASS,256,256,true,bc5e2f1c-e754-4289-ad03-de21e9c5788c,true,768,true,""",""",".","."
4216,PASS,486,486,true,3fe3c9cb-0c93-41c3-b638-49768ac30685,true,768,true,"duryodhana","duryodhana","from","from"
4217,PASS,231,231,true,bc16dac6-6053-43aa-a1a2-d3e698ff6ba6,true,768,true,"that","that",""","""
4218,PASS,305,305,true,9f383c3c-6c3d-4edd-be07-fd93ae85b2ec,true,768,true,""",""","'","'"
4219,PASS,513,513,true,44b7353e-152a-44be-88d4-b74be21480de,true,768,true,"even","even","the","the"
4220,PASS,492,492,true,be8a21be-5bf6-456c-990e-e2fd69a00383,true,768,true,"blow","blow",""","""
4221,PASS,289,289,true,de1f7855-319e-46f6-a14e-6a2828d96498,true,768,true,""",""","seeing","seeing"
4222,PASS,407,407,true,0c1c3216-908b-4f37-92db-efeff5d04965,true,768,true,"bhima","bhima",""","""
4223,PASS,326,326,true,c8c115a9-668e-465a-bc19-7ea98f0cf5ba,true,768,true,""",""","bhima","bhima"
4224,PASS,511,511,true,b133dcca-874d-4566-8340-c24893beac57,true,768,true,"vowed","vowed","that","that"
4225,PASS,243,243,true,ea7566a1-b9e1-4940-b11b-b9b1150dbf1a,true,768,true,"or","or",""","""
4226,PASS,283,283,true,6f13f653-d278-4401-af7d-a0c30b10e9d0,true,768,true,""",""","wasting","wasting"
4227,PASS,503,503,true,bd090788-2f24-4d3d-8171-9ca93abb92f0,true,768,true,"your","your",".","."
4228,PASS,468,468,true,614873d3-da6f-4840-8ab2-c982cd7d6722,true,768,true,"once","once",".","."
4229,PASS,125,125,true,2e415f9b-2528-4a84-ac76-a06ef9b8a534,true,768,true,"you","you",""","""
4230,PASS,276,276,true,b4e85c87-b18e-4d76-b2de-712ba85201f7,true,768,true,""",""",""","""
4231,PASS,381,381,true,64cee97d-7aee-400f-93fa-caa86cb8ab89,true,768,true,"then","then",""","""
4232,PASS,290,290,true,05fb9531-bcae-417b-8ab4-2b1edec855f8,true,768,true,"j","j","win","win"
4233,PASS,545,545,true,b9321531-3c0f-47b7-b13a-fa3675063aac,true,768,true,"this","this","harbour","harbour"
4234,PASS,453,453,true,744d479b-3128-4b29-acc6-be47f4b6a500,true,768,true,"malice","malice",""","""
4235,PASS,304,304,true,483616b9-c2b0-4a91-a915-00bbbda4fdf6,true,768,true,""",""","in","in"
4236,PASS,512,512,true,e4a0a89e-585e-4325-b733-57ed450cf701,true,768,true,"which","which","himself","himself"
4237,PASS,121,121,true,b7cf320c-f3ac-4745-acc1-6246158870b9,true,768,true,"for","for",""","""
4238,PASS,305,305,true,ffe18b64-0f7a-4bbf-aa8c-ba418403ac6c,true,768,true,""",""","and","and"
4239,PASS,369,369,true,d5e18065-a452-4509-a6e5-aeefc4c9fe3d,true,768,true,"through","through","parva","parva"
4240,PASS,2,2,true,cc3c8856-8cc3-4069-89c4-db2b3e707b1e,true,768,true,"sauptika","sauptika","parva","parva"
4241,PASS,261,261,true,fd6e4e23-5b9a-46df-99b1-72def7bc64c5,true,768,true,"a","a",".","."
4242,PASS,538,538,true,4de6b084-c145-4a4b-8832-8e06b71a2e91,true,768,true,"without","without",".","."
4243,PASS,545,545,true,8dfeff2c-2b12-41ca-9559-12f5a03523ad,true,768,true,"blood","blood","swore","swore"
4244,PASS,496,496,true,4b0b6dbc-e075-40b9-9020-4d4358bd2c0e,true,768,true,"that","that","the","the"
4245,PASS,204,204,true,1d69db53-3281-4c7c-8071-c777b8e4fc18,true,768,true,"winds","winds",""","""
4246,PASS,315,315,true,2e9e647b-2939-437f-b961-ae3468e30fbc,true,768,true,"k","k","to","to"
4247,PASS,514,514,true,149c5023-41f0-4037-8e00-d44f9eba167a,true,768,true,"success","success","his","his"
4248,PASS,210,210,true,269257ac-ce5b-4d60-8bdc-f5fad0dbe41f,true,768,true,"superiors","superiors","'","'"
4249,PASS,299,299,true,1caa5a3d-9698-48c7-a928-c72a1c7d923c,true,768,true,"s","s","understanding","understanding"
4250,PASS,527,527,true,b41ced37-7230-4449-8ad7-994fb9a37db3,true,768,true,"becomes","becomes","their","their"
4251,PASS,215,215,true,aae20e8b-81a3-452c-a451-9b867f12d871,true,768,true,"king","king",""","""
4252,PASS,283,283,true,6d966593-f6ac-4310-bf4b-dbc342b62309,true,768,true,"k","k",".","."
4253,PASS,534,534,true,67ddd2c5-ac0e-44c4-896c-a6bcbc7f254a,true,768,true,"you","you","of","of"
4254,PASS,145,145,true,431dd5e8-dfc0-44a8-bb7c-a8b7e1bcc1b3,true,768,true,"compassion","compassion",""","""
4255,PASS,299,299,true,6ce02cc3-be8b-46d2-bcd1-3a5eceda045e,true,768,true,"k","k","wisdom","wisdom"
4256,PASS,520,520,true,73f4d727-162c-4f97-9c75-e1b7b979d3fa,true,768,true,"repeatedly","repeatedly","the","the"
4257,PASS,457,457,true,508fab23-cb1b-4c0e-90bc-dc12b6e798e6,true,768,true,"earth","earth","'","'"
4258,PASS,299,299,true,cad6d740-6713-40e1-9a30-11a45495ade2,true,768,true,"d","d","of","of"
4259,PASS,555,555,true,e39a6f4b-9539-488b-aaa1-f6535c8c73ad,true,768,true,"devastras","devastras","fruit","fruit"
4260,PASS,155,155,true,7f21cf13-a8a5-421e-b34b-ba4d8626ff8f,true,768,true,"of","of","'","'"
4261,PASS,335,335,true,e8380a28-5320-4a3b-837a-bbf7782c9c76,true,768,true,"s","s","are","are"
4262,PASS,564,564,true,4265b6d3-7237-489e-bdb4-02079e605569,true,768,true,"devoted","devoted","conch","conch"
4263,PASS,492,492,true,1288e460-65e1-46cc-b5e3-45b7027c16b6,true,768,true,"shells","shells",".","."
4264,PASS,484,484,true,95823cdc-2b6a-450d-950f-57113fabae74,true,768,true,"some","some",".","."
4265,PASS,490,490,true,91bda53b-98ca-411e-bf53-b5e357dcdcbf,true,768,true,"the","the","'","'"
4266,PASS,293,293,true,70aabddb-993b-43b4-8e64-f5a6ede71208,true,768,true,"d","d",".","."
4267,PASS,545,545,true,ed691623-4019-4e0e-80c1-ce70e5f7a0d7,true,768,true,"having","having","sob","sob"
4268,PASS,468,468,true,61c8e4d9-c88c-414f-9d4f-0570aabdfdaf,true,768,true,"hysterically","hysterically",".","."
4269,PASS,479,479,true,ce3c481e-1a94-4a95-adb5-660be6819e91,true,768,true,"drona","drona","fork","fork"
4270,PASS,482,482,true,7b8e3420-a7e1-4a4c-82a0-d888efa317fc,true,768,true,"of","of",".","."
4271,PASS,515,515,true,9ff73002-e127-4e61-995d-dce030a7fee7,true,768,true,"awakened","awakened","frenetic","frenetic"
4272,PASS,531,531,true,d65dbe06-7296-4bab-9472-b9417b573ded,true,768,true,"night","night","and","and"
4273,PASS,520,520,true,ce6f45d8-1e42-4d63-8783-37430f3613ec,true,768,true,"tameless","tameless",".","."
4274,PASS,527,527,true,8d0e4fce-7680-4f54-99a2-39c242d06dde,true,768,true,"that","that",".","."
4275,PASS,375,375,true,4015824b-5fe2-4446-848b-915a98d12e0e,true,768,true,"after","after","'","'"
4276,PASS,299,299,true,549def30-35c2-46ab-be79-18b3bbd90ad6,true,768,true,"s","s","where","where"
4277,PASS,543,543,true,464115ac-9cc3-4b1d-991f-2770cff5a63d,true,768,true,"the","the","of","of"
4278,PASS,551,551,true,eb141daf-6996-40c6-8cbb-66951a50048b,true,768,true,"mine","mine","wielders","wielders"
4279,PASS,541,541,true,370d9d4d-9ba6-4334-8191-da0f5b7eee54,true,768,true,"of","of","o","o"
4280,PASS,66,66,true,b726afe1-7225-4780-a7a0-a37fa6aa1d56,true,768,true,"king","king",""","""
4281,PASS,258,258,true,3c355faa-bf74-49cb-ab6d-6c6bdcc4c381,true,768,true,"v","v",":",":"
4282,PASS,513,513,true,88644dc3-98bb-4242-9f05-39cb71f958d1,true,768,true,"'","'","that","that"
4283,PASS,454,454,true,db5ed1c4-e325-4212-9a2c-36e05869dc54,true,768,true,"had","had",""","""
4284,PASS,276,276,true,47629783-7d68-4854-9934-d091992e2b34,true,768,true,"v","v",".","."
4285,PASS,561,561,true,625eab80-ae44-4a13-9166-7f583bb363ce,true,768,true,"through","through","his","his"
4286,PASS,40,40,true,8b406e5e-724a-4e10-8e37-bef393f90cf5,true,768,true,"sarathy","sarathy",""","""
4287,PASS,303,303,true,2dc05005-6449-4e34-909c-50f74dd0e119,true,768,true,"v","v","the","the"
4288,PASS,547,547,true,f88ecf67-e43f-4c4c-b033-1817c050ab64,true,768,true,"vrishnis","vrishnis","in","in"
4289,PASS,245,245,true,cdd91c88-951d-4e7d-a31a-136b13bdf4ee,true,768,true,"dwaraka","dwaraka",""","""
4290,PASS,287,287,true,5d119c26-b7cd-4782-95d0-7934e61a474a,true,768,true,"v","v",".","."
4291,PASS,353,353,true,bf540a0f-5f42-47da-9af7-396f7edb10aa,true,768,true,"going","going",""","""
4292,PASS,289,289,true,9a1a2633-430b-4863-ab37-9755cba50249,true,768,true,"v","v","of","of"
4293,PASS,120,120,true,1cd7e3da-d5d0-4ac4-926c-07e7c3f9ed51,true,768,true,"all","all",""","""
4294,PASS,299,299,true,0e1fa7b5-d12b-4a2c-b379-3292dd99ab54,true,768,true,"v","v",".","."
4295,PASS,545,545,true,75e7a80e-4454-4f23-b2a2-c0f49da7f5f2,true,768,true,"however","however",".","."
4296,PASS,155,155,true,f38155ae-8d3b-4368-ad7b-d32dd8b7002d,true,768,true,"here","here",""","""
4297,PASS,332,332,true,cfd4f73d-66ff-4bad-a96d-a177eb885d19,true,768,true,"v","v","shall","shall"
4298,PASS,536,536,true,ae494f9e-8ac3-4be8-bc26-7f5e6ca0b02f,true,768,true,"have","have",",",","
4299,PASS,257,257,true,38bc304e-a4d0-4e65-b498-ae0e741e4d07,true,768,true,"that","that",""","""
4300,PASS,320,320,true,8c3ab456-88aa-48ab-bc33-e3f6e9936b73,true,768,true,"v","v","of","of"
4301,PASS,474,474,true,ca9451be-ae42-4a45-b8c9-0d9d89f88ba0,true,768,true,"rudra","rudra",""","""
4302,PASS,288,288,true,4dae5d43-9431-48cc-b49c-884f9b6cce37,true,768,true,""",""","the","the"
4303,PASS,519,519,true,659f5a4b-a058-4b2f-bb3e-0a192104ef04,true,768,true,"goddess","goddess","what","what"
4304,PASS,30,30,true,460cb402-a93a-4891-924f-9849fb97891b,true,768,true,"happened","happened","parva","parva"
4305,PASS,2,2,true,f8b88610-adac-4c97-819c-45db491b2a57,true,768,true,"stri","stri","parva","parva"
4306,PASS,264,264,true,71fd3e87-1d76-4683-8d0a-4143c1804bc5,true,768,true,"a","a","'","'"
4307,PASS,557,557,true,39db174d-c914-4aaf-829c-1bc419a150d4,true,768,true,"vaisampayana","vaisampayana",".","."
4308,PASS,532,532,true,d1dda94c-0a44-46bd-ae88-979c213a1431,true,768,true,"you","you",".","."
4309,PASS,84,84,true,7c494ff2-53c9-4b0a-83d8-69214e16088c,true,768,true,"the","the",""","""
4310,PASS,324,324,true,f3a70c04-3811-46df-81e4-730d9097104e,true,768,true,"v","v","meets","meets"
4311,PASS,542,542,true,3894f0d6-3cde-4df8-b455-e3dc73a63eb7,true,768,true,"with","with",".","."
4312,PASS,394,394,true,812101ab-401d-43e8-bec5-64992e58dd38,true,768,true,"even","even",""","""
4313,PASS,307,307,true,292cf664-00f6-4c27-90d0-55b3709c9841,true,768,true,""",""","their","their"
4314,PASS,319,319,true,49802b8e-ef80-49ca-b32c-fcd2200dee3a,true,768,true,"actions","actions",""","""
4315,PASS,301,301,true,448fd893-caa3-481a-a9bd-5507a5f759b1,true,768,true,""",""","his","his"
4316,PASS,365,365,true,9ef73988-1480-45d3-8c57-e735c8a4cc06,true,768,true,"senses","senses",""","""
4317,PASS,263,263,true,4cde7163-0514-41b0-a983-c4306e6efb31,true,768,true,""",""",".","."
4318,PASS,359,359,true,2c625f8d-f52a-4f1f-a804-f9b9baf43b44,true,768,true,"within","within",""","""
4319,PASS,320,320,true,f6d8d621-a242-4b68-8638-cb9c11176069,true,768,true,""",""","the","the"
4320,PASS,112,112,true,202879a7-9328-4a82-a313-ee8b617cee3e,true,768,true,"year","year",""","""
4321,PASS,312,312,true,a7e5c58c-a254-452e-8729-0e9e1fec1663,true,768,true,""",""","and","and"
4322,PASS,543,543,true,4f55c941-7da8-42cb-9a7e-71e336c3db3b,true,768,true,"scent","scent","a","a"
4323,PASS,97,97,true,cf1dd383-faef-404a-857e-f5569835c4e0,true,768,true,"thousand","thousand",""","""
4324,PASS,309,309,true,32f2b863-f218-4ca1-b99b-f94fa1414bd5,true,768,true,"v","v","overwhelmed","overwhelmed"
4325,PASS,566,566,true,b0b79020-0108-47bc-92d6-b2d5acfdf0d6,true,768,true,"again","again",".","."
4326,PASS,546,546,true,93cf315d-ff11-40d7-bfd1-7445edcedef4,true,768,true,"many","many",""","""
4327,PASS,111,111,true,8b17615e-892f-409b-bb4e-1b6e4e90b045,true,768,true,"vaisampayana","vaisampayana",""","""
4328,PASS,301,301,true,469e2640-4a30-4272-b912-d9d287f5f541,true,768,true,"j","j",",",","
4329,PASS,416,416,true,da832ea9-be6f-4dce-b8f3-91fdc8119b4b,true,768,true,"all","all",""","""
4330,PASS,301,301,true,0708b994-46e2-480f-8227-a8c4a2a07c9d,true,768,true,"v","v","white","white"
4331,PASS,337,337,true,cf61dc8b-e661-46b8-930b-55a15ded5cd7,true,768,true,"mountains","mountains",""","""
4332,PASS,284,284,true,c7e2ece5-6a59-4e54-8416-47087f5142fb,true,768,true,"v","v","any","any"
4333,PASS,404,404,true,800c1b12-09a2-4761-b45b-81435be9ce05,true,768,true,"of","of",""","""
4334,PASS,275,275,true,a0cf387f-b7b5-420f-8d6a-eaffc3e3dc6d,true,768,true,"v","v","and","and"
4335,PASS,538,538,true,81611b28-e94b-481e-aeed-7d99c6ae9e80,true,768,true,"brothers","brothers","it","it"
4336,PASS,67,67,true,79bb8886-4eee-4006-b1fb-aa2e604becb4,true,768,true,"is","is",""","""
4337,PASS,307,307,true,cddc6f16-eaf7-48f0-9a5f-95c9805c6690,true,768,true,"v","v","?","?"
4338,PASS,266,266,true,3282d0e1-785e-4089-a6ab-1051906e8f28,true,768,true,"recollect","recollect",""","""
4339,PASS,310,310,true,b58d5171-727d-4aed-b17f-02fb5471ca7d,true,768,true,"v","v","all","all"
4340,PASS,345,345,true,1b17d31d-0f9a-483b-af65-27c7dbe38aad,true,768,true,"creatures","creatures",""","""
4341,PASS,297,297,true,890ac52a-3908-4221-bd6c-32d72202b8a1,true,768,true,"v","v","?","?"
4342,PASS,578,578,true,d324986c-5f67-4f96-a002-4b9d328140de,true,768,true,"great","great","deserve","deserve"
4343,PASS,554,554,true,41a390a5-3ede-4411-b175-05dfafb88642,true,768,true,"your","your","fallen","fallen"
4344,PASS,49,49,true,186cc968-db9f-4c18-a403-df47ded083eb,true,768,true,"bravely","bravely",""","""
4345,PASS,266,266,true,400782c5-ec98-4915-80f6-698bc460f53a,true,768,true,"v","v",".","."
4346,PASS,495,495,true,d3908b47-405a-42aa-a3e6-e951924afae2,true,768,true,"then","then","spectacle","spectacle"
4347,PASS,512,512,true,e74e235c-8860-49bb-b830-612b0113a2ff,true,768,true,"with","with","to","to"
4348,PASS,499,499,true,f2f2ad09-1321-416d-8be7-8b73054945d9,true,768,true,"delight","delight",",",","
4349,PASS,85,85,true,6c425d4d-264f-4e60-bed5-b5558b03258d,true,768,true,"o","o",""","""
4350,PASS,289,289,true,459d6099-ad98-45f4-a902-f16b25fbcd3f,true,768,true,"v","v","of","of"
4351,PASS,539,539,true,81595c19-1fe2-4181-8980-81534e762fac,true,768,true,"warriors","warriors","tenderly","tenderly"
4352,PASS,143,143,true,9ce457c7-46d8-471e-aa47-9d7cdd5608e0,true,768,true,"strokes","strokes",""","""
4353,PASS,288,288,true,fc9353b9-023f-43bc-b7b1-c301cb9da112,true,768,true,""",""",".","."
4354,PASS,558,558,true,dd8318ad-62c5-4f59-ae78-e449d6a19507,true,768,true,"listen","listen","an","an"
4355,PASS,29,29,true,5a9ec970-5fb1-46af-999a-1604f38b8903,true,768,true,"elephant","elephant",""","""
4356,PASS,287,287,true,1e8f70f2-8bd0-42f2-9d4d-26099c6cc9c9,true,768,true,""",""","?","?"
4357,PASS,338,338,true,861b6b91-af58-486a-9659-417ecfe71f16,true,768,true,"o","o",""","""
4358,PASS,328,328,true,d14e5e9d-a228-4343-9a49-1d3cfefbde35,true,768,true,""",""",""","""
4359,PASS,564,564,true,32e35d90-5177-41e0-a912-7551ee359ec0,true,768,true,"addressing","addressing",".","."
4360,PASS,276,276,true,b2cdecdb-e321-4d10-aeb9-b1e58a3cc10e,true,768,true,"having","having",""","""
4361,PASS,297,297,true,e28aa496-a33f-4041-956a-8f45571518e1,true,768,true,""",""",".","."
4362,PASS,319,319,true,95306f3f-9285-41c1-a3d8-7448999969a3,true,768,true,"that","that",""","""
4363,PASS,290,290,true,5ec5b87f-1507-4c09-a8f6-24550ddcf435,true,768,true,""",""","and","and"
4364,PASS,233,233,true,025fa7f2-5bb2-4e1a-898d-528f1b54d5ba,true,768,true,"yavana","yavana",""","""
4365,PASS,320,320,true,13e93fb5-a80e-48fa-bd57-b14ba2762657,true,768,true,""",""","still","still"
4366,PASS,540,540,true,3dd568b8-3186-4c0a-a76e-b44d7eec6ef1,true,768,true,"adorns","adorns","deprived","deprived"
4367,PASS,433,433,true,d79cf198-c29e-4448-a6c6-2e1c2efcaaf9,true,768,true,"of","of",""","""
4368,PASS,333,333,true,5dd23dd7-91a2-4f4b-b3aa-b016b4a8b548,true,768,true,""",""","the","the"
4369,PASS,527,527,true,0c339c2f-b54c-4c8d-ba7d-542e572c4de3,true,768,true,"sacrificial","sacrificial",".","."
4370,PASS,157,157,true,71e4289c-d451-487b-8518-c6eef0dda9c3,true,768,true,"look","look",""","""
4371,PASS,285,285,true,52a534fd-808d-481b-be23-0eaf923371da,true,768,true,""",""","who","who"
4372,PASS,529,529,true,3961947d-06a8-47e8-a3e5-547915ebc149,true,768,true,"should","should","while","while"
4373,PASS,522,522,true,55062aab-56f1-434d-8f3f-b262c6109a28,true,768,true,"they","they",".","."
4374,PASS,267,267,true,c35d03ed-49ec-406c-852a-2ac374d68909,true,768,true,"since","since",""","""
4375,PASS,289,289,true,24e9f5ef-a1c7-4f23-ada3-41f99538c5e8,true,768,true,""",""","'","'"
4376,PASS,487,487,true,38ac6107-6b31-4799-aea6-3fe13c5f27dd,true,768,true,"yudhishtira","yudhishtira","all","all"
4377,PASS,494,494,true,f4800192-900f-4921-8c64-6c1ba1cd6903,true,768,true,"the","the",""","""
4378,PASS,314,314,true,99a182dc-8642-46f3-9a95-82bc2fe679c9,true,768,true,"v","v","warrior","warrior"
4379,PASS,527,527,true,56a43da3-ad7f-4cf0-8aa0-2450d63b84df,true,768,true,"firm","firm","in","in"
4380,PASS,36,36,true,8a3cbb14-92e7-4989-96e1-69c0ad1004e7,true,768,true,"honour","honour","parva","parva"
4381,EMPTY_PAGE,0,0,true,,false,,false,"","","",""
4382,PASS,5,5,true,04342d2f-0cdd-427f-bcf2-37b98525cb18,true,768,true,"the","the","parva","parva"
4383,EMPTY_PAGE,0,0,true,,false,,false,"","","",""
4384,EMPTY_PAGE,0,0,true,,false,,false,"","","",""
4385,PASS,170,170,true,f7611ec9-a394-43ed-b930-4e1bc9a5cf2b,true,768,true,"published","published",".","."
4386,PASS,7,7,true,9669c5cd-6dc9-44cc-82a4-fb8454cbc0ef,true,768,true,"in","in","pillai","pillai"
4387,PASS,12,12,true,bb50e5a9-29e9-4f5a-b3a5-62b9ad59efda,true,768,true,"c","c","parva","parva"
4388,PASS,4,4,true,678c8bfd-c24e-493d-ad19-9bcb73e2a3d4,true,768,true,"part","part","parva","parva"
4389,PASS,316,316,true,a04fcf85-8291-4bd5-b7f5-0a8c3eda505c,true,768,true,"a","a","'","'"
4390,PASS,540,540,true,06561c46-0f55-4528-aa0e-77bfcb8c5b9e,true,768,true,"yudhishtira","yudhishtira","i","i"
4391,PASS,434,434,true,8245aede-b47e-43a5-8665-3825c0487fe1,true,768,true,"am","am",""","""
4392,PASS,307,307,true,34cacdef-86ab-4963-b454-2dcacec85759,true,768,true,"v","v","fight","fight"
4393,PASS,431,431,true,aa4c0ab7-3935-4a1b-9785-2d707468c9bb,true,768,true,"arjuna","arjuna",""","""
4394,PASS,318,318,true,63bf39c2-c7b8-4bf0-bc6e-735f0135c37a,true,768,true,""",""",""","""
4395,PASS,550,550,true,13f833da-edef-46c6-b50b-0fab61954b17,true,768,true,"karna","karna",",",","
4396,PASS,51,51,true,6848b30f-dcca-49d1-b0be-4404023ef2d7,true,768,true,"no","no",""","""
4397,PASS,301,301,true,6208f01a-3546-411a-9f6b-1c002955b4e9,true,768,true,""",""","the","the"
4398,PASS,211,211,true,66b56e2d-6b83-458b-a537-a0cab29c0d6e,true,768,true,"young","young",""","""
4399,PASS,322,322,true,6fd92ef2-6f04-4879-b513-aa2572b1dcd2,true,768,true,""",""","of","of"
4400,PASS,98,98,true,86f1305d-bbbf-4f3e-9f72-8cab742be2c6,true,768,true,"his","his",""","""
4401,PASS,322,322,true,94c21f3a-aadc-4076-9437-19ed96763146,true,768,true,"v","v",""","""
4402,PASS,334,334,true,9261f8c5-014b-4b24-b9f3-b6275f4cbfdf,true,768,true,"v","v","with","with"
4403,PASS,522,522,true,bf00a326-0c32-47b2-bc0f-3bf405004d80,true,768,true,"envy","envy","race","race"
4404,PASS,304,304,true,f0aec096-abf0-4f2d-8220-4241c213a527,true,768,true,"has","has",""","""
4405,PASS,287,287,true,5cfe5586-c4ef-4d1a-b751-ef95d73f8268,true,768,true,"v","v",".","."
4406,PASS,527,527,true,b592e715-01b8-4d67-bb67-c4b991a81e0f,true,768,true,"making","making","that","that"
4407,PASS,215,215,true,fd49338c-595b-4f8e-a35a-71d72750da25,true,768,true,"appropriated","appropriated",""","""
4408,PASS,316,316,true,ac7ca135-b662-478d-9f1d-8b48af6c4ae2,true,768,true,""",""","this","this"
4409,PASS,550,550,true,a7eb913b-9ae5-4a4e-82f0-801c6192e51c,true,768,true,"way","way",".","."
4410,PASS,269,269,true,58274b07-2db0-40d0-ac18-a49706a022c2,true,768,true,"impelled","impelled",""","""
4411,PASS,331,331,true,57bb42e3-0cab-4405-8c6a-b34c2cebf70d,true,768,true,""",""","the","the"
4412,PASS,469,469,true,3bc0fbcd-558c-4120-af71-abc00a984fbe,true,768,true,"influence","influence",""","""
4413,PASS,314,314,true,8119d4a8-5bd6-4dea-be1b-58dc1b2d6cd5,true,768,true,""",""",""","""
4414,PASS,503,503,true,30d963ab-fe04-4cc3-a829-096c72a4b0c1,true,768,true,"the","the","achievers","achievers"
4415,PASS,84,84,true,26c061b8-6b7f-44c1-9735-becc8e1dc62e,true,768,true,"of","of",""","""
4416,PASS,323,323,true,5e1a1688-489a-46f5-b65d-bda45d8d8c86,true,768,true,"v","v","brahmana","brahmana"
4417,PASS,489,489,true,9e746166-d066-4e36-8cd5-3c8fca01e3af,true,768,true,"who","who","of","of"
4418,PASS,428,428,true,5a493be3-5ecf-40a9-8475-1b3e13dec878,true,768,true,"a","a",""","""
4419,PASS,323,323,true,a24abfe4-362b-4ca7-8e6c-936005e985e1,true,768,true,""",""","their","their"
4420,PASS,61,61,true,20b18325-705f-4511-9fbf-f3e268997d95,true,768,true,"own","own",""","""
4421,PASS,299,299,true,90ffdeda-6863-4a60-a095-f09b41ab38c8,true,768,true,"v","v",""","""
4422,PASS,499,499,true,92b1409d-1a46-4e7b-864e-20f6961245ab,true,768,true,"having","having",""","""
4423,PASS,295,295,true,62827234-6c7b-4370-a2a4-7f0374d50199,true,768,true,"i","i",""","""
4424,PASS,290,290,true,f44c8e64-3372-4237-ab96-98acab8d3d96,true,768,true,"v","v",".","."
4425,PASS,504,504,true,a490a635-887f-4960-82e0-90f1c018cf0e,true,768,true,"under","under",",",","
4426,PASS,462,462,true,b3d9ffc5-7f86-4798-94bb-fd669402b101,true,768,true,"become","become","danda","danda"
4427,PASS,444,444,true,b4b9f8c8-3270-4752-9491-15956dfbd4eb,true,768,true,"depend","depend",""","""
4428,PASS,326,326,true,b9003afc-9c37-42f9-b69a-014401db9b0f,true,768,true,"v","v","of","of"
4429,PASS,409,409,true,35a0927b-3396-470a-89d2-4242b7db1665,true,768,true,"these","these",""","""
4430,PASS,297,297,true,a5763246-c05e-4e55-a73b-c7c564d19620,true,768,true,""",""","kings","kings"
4431,PASS,499,499,true,1defe6c3-8e23-4c55-bcea-b6aa5190ea99,true,768,true,"practise","practise","narrow","narrow"
4432,PASS,25,25,true,613b99ee-329e-406b-a764-0655242e4a4e,true,768,true,"minds","minds",""","""
4433,PASS,312,312,true,eab01149-87ef-44c7-99e4-f62c3680b8fa,true,768,true,"v","v",",",","
4434,PASS,519,519,true,e920d780-a8bc-4371-8c4d-60f88a0a3bcb,true,768,true,"abandoned","abandoned",",",","
4435,PASS,522,522,true,4f16d6f2-f532-42a6-b5c0-28ae19d3ee1e,true,768,true,"never","never","of","of"
4436,PASS,37,37,true,87e1d365-4612-493a-a5a2-f3475c9313cc,true,768,true,"happiness","happiness",""","""
4437,PASS,326,326,true,ca3cb271-020a-4608-8185-4bdf7c8fd4df,true,768,true,""",""",".","."
4438,PASS,473,473,true,7a8356a1-5cc2-4c77-bd4f-f672b07afaee,true,768,true,"one","one",".","."
4439,PASS,107,107,true,f0ede855-6504-44fc-a5ff-2e0783615852,true,768,true,"those","those",""","""
4440,PASS,295,295,true,f9cf77f2-6a43-4548-bb0a-41ef93a9303e,true,768,true,"v","v",".","."
4441,PASS,171,171,true,8560d296-16ee-4c19-aff4-86809723adb5,true,768,true,"possessed","possessed",""","""
4442,PASS,323,323,true,62656061-951c-4805-8d6b-3c7a445fc8f1,true,768,true,""",""",".","."
4443,PASS,247,247,true,bf2b7e12-5dbf-4515-900e-88642c9f9ce0,true,768,true,"the","the",""","""
4444,PASS,314,314,true,efe0f47b-466c-42b9-904a-da20c8a38940,true,768,true,"v","v","ruler","ruler"
4445,PASS,141,141,true,6ee3284c-b226-4080-acce-d78d734b8e3b,true,768,true,"of","of",""","""
4446,PASS,342,342,true,8520bd34-f77d-4d45-94dc-6ee0fee83fef,true,768,true,"v","v",".","."
4447,PASS,481,481,true,99d3fd38-4cf9-4792-a9e7-1fa0327f6496,true,768,true,"amongst","amongst","fruits","fruits"
4448,PASS,489,489,true,beeba1d8-b4a8-4dc3-a8eb-95db56b60d55,true,768,true,"that","that",""","""
4449,PASS,321,321,true,f239f519-77fc-4be0-b416-0f8834dac477,true,768,true,"v","v",".","."
4450,PASS,488,488,true,abc85b24-184b-4778-b348-5f0a2952e5ce,true,768,true,"listen","listen",".","."
4451,PASS,307,307,true,d7212f54-27b7-419e-ac0f-9a230cf8f35e,true,768,true,"having","having",""","""
4452,PASS,316,316,true,827d5d6a-c9ce-49f9-84ee-75f1490f3275,true,768,true,"v","v",",",","
4453,PASS,550,550,true,d707ae8b-fb5d-4d96-ba0f-e80c70212516,true,768,true,"the","the","-","-"
4454,PASS,429,429,true,81e5317f-2f54-429b-aa6a-fe1ab3e0caac,true,768,true,"bitten","bitten",""","""
4455,PASS,318,318,true,156395b6-d1a1-47dd-8567-1e8be3f8f75d,true,768,true,"v","v",".","."
4456,PASS,488,488,true,3bb06083-2f46-4063-ae86-6c668b520593,true,768,true,"for","for",".","."
4457,PASS,188,188,true,bb57c6be-df06-453d-848b-e7e55fb0cd4a,true,768,true,"understand","understand",""","""
4458,PASS,318,318,true,2df3d18a-80aa-4af7-b713-ffeb514c493a,true,768,true,""",""",",",","
4459,PASS,564,564,true,0ad70c0f-1e14-4ff5-9c47-4336b2399225,true,768,true,"arjuna","arjuna","that","that"
4460,PASS,165,165,true,92706772-9640-4d2c-ab80-998806fce3dd,true,768,true,"are","are",""","""
4461,PASS,300,300,true,dfad0b6d-556b-41ae-bba3-1f0ccfa730a4,true,768,true,"v","v",".","."
4462,PASS,534,534,true,c8ffa5e8-7e01-403a-856c-4f31c8475f72,true,768,true,"carefully","carefully","being","being"
4463,PASS,500,500,true,c38e9604-fc06-478b-a30a-a85784fb054f,true,768,true,"all","all",".","."
4464,PASS,472,472,true,70d7e365-bb00-41df-bc03-823a386d2da3,true,768,true,"we","we",""","""
4465,PASS,292,292,true,ed0ffeef-37dd-43a3-8ea8-5f36c1aa6b85,true,768,true,"v","v",".","."
4466,PASS,532,532,true,23495d60-7e8e-4f4f-acc1-a328899f4a92,true,768,true,"it","it","these","these"
4467,PASS,494,494,true,1ffbd355-bab9-473d-ad23-e4f5b0474e46,true,768,true,"golden","golden","that","that"
4468,PASS,511,511,true,ca518b44-1ca4-47b3-9035-a59f27bfb0cc,true,768,true,"hero","hero",".","."
4469,PASS,486,486,true,1acb1442-8dc3-4083-bd4e-8ed3842d81a7,true,768,true,"ascending","ascending",".","."
4470,PASS,503,503,true,68c55b4c-810c-46d7-8b16-e7a6f5af3ee9,true,768,true,"no","no",".","."
4471,PASS,474,474,true,34839921-8a3e-4fc1-bc5e-a5a040b4af36,true,768,true,"we","we","chariot","chariot"
4472,PASS,498,498,true,bfa0be8d-16f8-4fde-a912-6078819df8f0,true,768,true,"were","were","the","the"
4473,PASS,503,503,true,9ce1c740-0630-4f2f-aff3-8ffbedb605a6,true,768,true,"animals","animals",".","."
4474,PASS,447,447,true,bf223e98-dd1e-4ef6-8973-21037f30a8d4,true,768,true,"seeing","seeing",""","""
4475,PASS,338,338,true,a8c6d269-3869-4631-8bd7-d810ff239779,true,768,true,""",""","fair","fair"
4476,PASS,536,536,true,540fd249-ef4c-4c74-a068-00adc177ab4a,true,768,true,"daughter","daughter","her","her"
4477,PASS,345,345,true,978da218-71d6-407e-9f0e-fe0dd24276a4,true,768,true,"husband","husband",""","""
4478,PASS,299,299,true,076949de-fba5-40b9-8f0b-8fadc01d6212,true,768,true,"v","v","the","the"
4479,PASS,527,527,true,d1adca0d-3c2d-47e8-8cf3-5202da11e8e9,true,768,true,"gods","gods","his","his"
4480,PASS,436,436,true,f82da794-b239-4836-b34d-1b233bea7d97,true,768,true,"wives","wives",""","""
4481,PASS,289,289,true,4c1ee0ae-009c-40c1-b5d1-b04d8769d322,true,768,true,"v","v","'","'"
4482,PASS,561,561,true,e5b07206-a658-4b9e-a6bc-485bfaf82b26,true,768,true,"yudhishtira","yudhishtira",""","""
4483,PASS,286,286,true,9b11ad88-c588-48e3-ae65-2d55323c320b,true,768,true,""",""",".","."
4484,PASS,524,524,true,53b6fa3e-f640-4388-8405-60c2ac973ff8,true,768,true,"so","so",".","."
4485,PASS,490,490,true,ef2456e8-067a-49ec-a570-d9eea6a08ca9,true,768,true,"having","having","and","and"
4486,PASS,121,121,true,288c06ce-0fef-450c-b027-3b4e1122827d,true,768,true,"power","power",""","""
4487,PASS,338,338,true,b3a286bd-6221-45a1-9fa7-0afe52602df8,true,768,true,""",""","such","such"
4488,PASS,483,483,true,c8533141-cdb1-45f4-9bc5-f95a056ff594,true,768,true,"assistance","assistance","of","of"
4489,PASS,274,274,true,47483a49-1d56-4493-acf0-54f24f1bcd78,true,768,true,"another","another",""","""
4490,PASS,322,322,true,d29185ca-3404-4908-8cd5-4fd14e0dc0ba,true,768,true,""",""",".","."
4491,PASS,536,536,true,20dc2de5-a1da-486d-9d3f-e2f4e29a8564,true,768,true,"there","there","means","means"
4492,PASS,506,506,true,fe57d46f-d4dc-44da-8ddf-c35951143e03,true,768,true,"in","in","from","from"
4493,PASS,415,415,true,3c7358ad-d20b-46b2-a20e-58614f2bffc4,true,768,true,"speech","speech",""","""
4494,PASS,288,288,true,3c16df2e-1873-46e1-b1fd-ff8c8acae359,true,768,true,""",""",".","."
4495,PASS,506,506,true,78bdb16c-bef0-4175-a575-b3f514a2f5bb,true,768,true,"no","no",",",","
4496,PASS,546,546,true,de2891cc-a3fd-4bfb-ae95-3b370727b24b,true,768,true,"what","what","he","he"
4497,PASS,522,522,true,3c66b2ce-e94e-433f-8a4c-913373ec78af,true,768,true,"should","should",".","."
4498,PASS,84,84,true,ec37a603-3499-410a-a953-7464c79b569a,true,768,true,"an","an",""","""
4499,PASS,317,317,true,6684451f-6cb4-434d-a2d5-0475546ac671,true,768,true,""",""","mental","mental"
4500,PASS,534,534,true,4ca4c9ea-7155-45df-b7be-15fedc81d7ba,true,768,true,"and","and","yoked","yoked"
4501,PASS,434,434,true,0f10dbca-86e4-4bb9-a5dd-475e8523193a,true,768,true,"sixteen","sixteen",""","""
4502,PASS,319,319,true,fa02812d-acbd-4dd6-9433-e988e30aff31,true,768,true,"v","v","resembles","resembles"
4503,PASS,526,526,true,771e8b43-c5b1-402b-873c-7f33362e9fb8,true,768,true,"indra","indra","with","with"
4504,PASS,159,159,true,bff64206-f12b-42e8-b4e0-2c7f556ec9b9,true,768,true,"their","their",""","""
4505,PASS,302,302,true,a5c7ce59-7691-45e7-9529-0ef465fd5b90,true,768,true,"v","v","all","all"
4506,PASS,30,30,true,ed2098e4-c85d-420f-ace3-54fb0c389bf6,true,768,true,"gone","gone",""","""
4507,PASS,302,302,true,8fe81a83-788c-454e-a828-af53d337f438,true,768,true,"v","v","feet","feet"
4508,PASS,298,298,true,e113fc8a-885e-4bb6-8068-2cf533d3b974,true,768,true,"covered","covered",""","""
4509,PASS,318,318,true,953cc59f-a60c-4cbc-8ee4-875d3bb9e829,true,768,true,"v","v","side","side"
4510,PASS,71,71,true,635c961b-c987-4c10-bff3-fe62b77bab95,true,768,true,"to","to",""","""
4511,PASS,314,314,true,6aff2eae-a743-4723-a291-54711f299f6b,true,768,true,"v","v","from","from"
4512,PASS,18,18,true,53cdd1fc-5cb9-46ee-b507-2e5be66cbab3,true,768,true,"enemies","enemies",""","""
4513,PASS,351,351,true,858eceab-2db5-4a41-a762-2fae0516d028,true,768,true,"v","v",".","."
4514,PASS,438,438,true,466494e7-9c31-43dc-9a9a-b62cd91fb7a1,true,768,true,"you","you",""","""
4515,PASS,281,281,true,36023fd4-ceb6-4215-82e0-c8ec7c333c56,true,768,true,"v","v",".","."
4516,PASS,138,138,true,1d9ed5a2-b84d-4bc5-94c7-a470e02efcad,true,768,true,"the","the",""","""
4517,PASS,310,310,true,5e4f89f8-4c4e-475c-a146-a57c259eee65,true,768,true,"j","j","a","a"
4518,PASS,182,182,true,b271619a-326f-4020-beea-bdc46389a087,true,768,true,"large","large",""","""
4519,PASS,320,320,true,4502246b-1658-432a-a121-64f9b8e4801a,true,768,true,""",""","my","my"
4520,PASS,511,511,true,a81a91dd-f943-40cc-8191-5df92920a787,true,768,true,"mind","mind","have","have"
4521,PASS,207,207,true,6d38b37d-4e57-41a3-9acb-95c1177a0aff,true,768,true,"a","a",""","""
4522,PASS,323,323,true,b5715b0c-1048-4acf-adf0-b5474f5bf00c,true,768,true,"j","j","and","and"
4523,PASS,526,526,true,82d60588-b392-466b-a25b-3fbd22ecd9bd,true,768,true,"tranquility","tranquility","o","o"
4524,PASS,529,529,true,1a6f8362-019b-4f48-9a86-0ac21959e999,true,768,true,"god","god","dark","dark"
4525,PASS,494,494,true,d407c1c7-3851-43a6-b513-4573038d5ecd,true,768,true,"fortnight","fortnight","called","called"
4526,PASS,532,532,true,27ccfea0-21a3-43b3-9b40-9e489bdf3d8c,true,768,true,"kshetrajna","kshetrajna","!","!"
4527,PASS,515,515,true,a0ae780a-8ecb-4789-834c-c1a16c0ed126,true,768,true,"brahmanas","brahmanas",".","."
4528,PASS,536,536,true,d3db5756-b2f3-462d-b50d-0582de6b8afb,true,768,true,"salutations","salutations","!","!"
4529,PASS,517,517,true,c3dacb4f-207f-4cbd-bb11-b369a7b0a668,true,768,true,"salutations","salutations",""","""
4530,PASS,316,316,true,5530def9-531b-44ae-8429-b312174ae2ef,true,768,true,"v","v","of","of"
4531,PASS,74,74,true,74cdc16d-4539-4ca0-9bf4-68151fab7ac4,true,768,true,"warriors","warriors",""","""
4532,PASS,331,331,true,218c7b01-c6e6-4499-a7e9-b71744bef328,true,768,true,""",""",""","""
4533,PASS,525,525,true,b5567944-a902-4036-b5b0-ac44f38d3928,true,768,true,"having","having",""","""
4534,PASS,496,496,true,0217b2c7-2565-44bb-81f1-0602a56d0804,true,768,true,"then","then","filled","filled"
4535,PASS,502,502,true,bf668b92-e05f-44dd-8a03-e16ad1366498,true,768,true,"with","with","headstrong","headstrong"
4536,PASS,511,511,true,7a2514de-2b49-48e9-b0e6-9280130948cd,true,768,true,"sudras","sudras",""","""
4537,PASS,322,322,true,cf662eb6-f9ef-47bd-9df6-08d8d0879ffb,true,768,true,"v","v","mental","mental"
4538,PASS,538,538,true,37672434-4b2f-4db8-944e-f34dfaf80baf,true,768,true,"affliction","affliction","sankhya","sankhya"
4539,PASS,522,522,true,88ace14b-aec3-4851-be40-b3389d54f871,true,768,true,"philosophy","philosophy","you","you"
4540,PASS,225,225,true,18146b76-daf8-4755-99ea-dfd78f408965,true,768,true,"are","are",""","""
4541,PASS,331,331,true,650ff836-eaa5-43dd-ad4e-c63288568f4c,true,768,true,"v","v","of","of"
4542,PASS,522,522,true,4ea8b3c9-b4ec-42c8-8914-f20cf71c6c6c,true,768,true,"the","the","two","two"
4543,PASS,94,94,true,71e81490-5ca9-4d9e-ab87-7826152df570,true,768,true,"currents","currents",""","""
4544,PASS,271,271,true,9f99101e-5ab9-4bb2-85ad-6780907642f7,true,768,true,"v","v","'","'"
4545,PASS,370,370,true,5914f3fd-8668-4236-ad71-34a0445e60d0,true,768,true,"satyaki","satyaki",""","""
4546,PASS,331,331,true,03cdc7ce-0727-4c3a-8027-722a7f94cbe6,true,768,true,"j","j","'","'"
4547,PASS,523,523,true,7174775a-0fdd-4752-be15-3975e36d9f2c,true,768,true,"illustrious","illustrious","around","around"
4548,PASS,201,201,true,10095264-1409-4656-8cb5-7669d5208a6f,true,768,true,"you","you",""","""
4549,PASS,279,279,true,5a6323e5-c327-495f-b28f-5162186d3eb1,true,768,true,"v","v","'","'"
4550,PASS,354,354,true,c40c2383-90f1-4ab0-8291-2e715b2f2214,true,768,true,"krishna","krishna",""","""
4551,PASS,287,287,true,aa1b11f0-51d0-4c96-93ae-3cfd77b622b1,true,768,true,"v","v","i","i"
4552,PASS,495,495,true,73b755ab-ca99-4bc2-b64f-dcc33da2d4a5,true,768,true,"describe","describe","to","to"
4553,PASS,469,469,true,38fd16a8-2952-469d-ab89-712b29915c8f,true,768,true,"gain","gain","not","not"
4554,PASS,480,480,true,56b32d41-56d5-4264-9e6b-ab5ba295c7d4,true,768,true,"be","be","appropriate","appropriate"
4555,PASS,65,65,true,626b551f-7463-408b-a643-e8e0e5e9cd09,true,768,true,"what","what",""","""
4556,PASS,310,310,true,28d667f1-4349-4567-ba54-c3dfdf468ad1,true,768,true,""",""",".","."
4557,PASS,511,511,true,22955b69-8fa5-46c9-9b74-eb057d3a5b73,true,768,true,"the","the",",",","
4558,PASS,455,455,true,b738a296-b731-4120-9d87-4d025af6e278,true,768,true,"possess","possess",".","."
4559,PASS,193,193,true,b2de3c66-96d2-4cab-8e6a-171e398ea0a7,true,768,true,"o","o",""","""
4560,PASS,278,278,true,110ecf40-d355-4819-b0f5-74893dbbcf55,true,768,true,""",""","allies","allies"
4561,PASS,484,484,true,c80808af-fd43-46d7-9f39-99ecd3415646,true,768,true,"living","living","'","'"
4562,PASS,75,75,true,8976d73e-15ef-46e4-9716-85319401ff2c,true,768,true,"kesava","kesava",""","""
4563,PASS,328,328,true,6dbf32ef-dc63-4697-bed9-89f1c7c441a6,true,768,true,"v","v","me","me"
4564,PASS,497,497,true,2acb9e73-8f39-484a-bb2b-0c2d7430c6a0,true,768,true,"fully","fully","nishkama","nishkama"
4565,PASS,489,489,true,73286f0e-c4aa-4b22-8534-722305283c71,true,768,true,"karma","karma","of","of"
4566,PASS,477,477,true,ee626d70-a083-41ce-ad42-9450356980c9,true,768,true,"them","them","storage","storage"
4567,PASS,466,466,true,af3f8c0a-43c5-40c1-90c7-11aac4b363e5,true,768,true,"of","of","acquisition","acquisition"
4568,PASS,470,470,true,6f73ff44-ea8b-42c0-8258-217d3fc8cdd7,true,768,true,"of","of",".","."
4569,PASS,499,499,true,beb2bcf7-9f0a-4528-8749-703d1074d5de,true,768,true,"the","the",",",","
4570,PASS,506,506,true,27296d8d-d482-4c77-b421-1a50413f6779,true,768,true,"who","who","the","the"
4571,PASS,512,512,true,e35f8b89-8c00-470f-bfd6-7bdfeb317566,true,768,true,"movements","movements",""","""
4572,PASS,321,321,true,ad419af7-1095-485f-baaa-b5770134281b,true,768,true,"v","v","learned","learned"
4573,PASS,502,502,true,b3667fa6-800d-4ef3-8730-d758655f94ac,true,768,true,"brahmana","brahmana","a","a"
4574,PASS,517,517,true,4c5e32ab-77e3-46bf-843e-bdc6b3d3b5fa,true,768,true,"single","single","named","named"
4575,PASS,530,530,true,e61cabf9-2dd1-4709-8b88-7da948ad631e,true,768,true,"paijavana","paijavana",",",","
4576,PASS,82,82,true,c286c051-c269-44ba-b061-87fbf5fba1df,true,768,true,"a","a",""","""
4577,PASS,275,275,true,eb8a6d28-2d02-4af1-878e-ffcc27e375a5,true,768,true,""",""",".","."
4578,PASS,468,468,true,ea95b179-8119-4f14-8bae-28622556917a,true,768,true,"the","the",""","""
4579,PASS,318,318,true,3bb3b9eb-1fe5-493f-a764-b08fdaa32ed7,true,768,true,""",""","the","the"
4580,PASS,83,83,true,7b56b627-4ed4-41d3-bfda-6d66cebef7d5,true,768,true,"course","course",""","""
4581,PASS,302,302,true,226695a5-9e2a-4d91-9800-33242b9487b6,true,768,true,""",""","a","a"
4582,PASS,503,503,true,cde438d3-76ec-4987-93a8-26d1f4a31e4d,true,768,true,"brahmana","brahmana",".","."
4583,PASS,407,407,true,e968f401-0262-4d6f-8508-b0d9b8bbd731,true,768,true,"a","a",""","""
4584,PASS,304,304,true,3a481141-711d-436b-9d59-0de9e2a2894f,true,768,true,""",""","the","the"
4585,PASS,498,498,true,59143e4e-c351-453d-a7b7-cdfd9f7985e3,true,768,true,"viswas","viswas",".","."
4586,PASS,339,339,true,606a0886-5bc8-4765-8c79-10135da9e94e,true,768,true,"in","in","'","'"
4587,PASS,302,302,true,fe029b6b-2987-4f3e-84fc-b3c8fb083d68,true,768,true,"'","'","the","the"
4588,PASS,503,503,true,f933e407-e27c-4a7e-8d82-6e0aba23b681,true,768,true,"latter","latter","all","all"
4589,PASS,393,393,true,50dfe6ae-0e5f-4fe8-9ae0-ac461d5ebdac,true,768,true,"kinds","kinds",""","""
4590,PASS,274,274,true,365cdd25-a687-4665-ae5c-598d4b071e1e,true,768,true,""",""","living","living"
4591,PASS,465,465,true,db00264c-2dfa-4b52-b0ce-f893576a5ee3,true,768,true,"beings","beings","on","on"
4592,PASS,431,431,true,7458f736-b4fd-4ab8-9bc5-a624913b2bb7,true,768,true,"proper","proper",""","""
4593,PASS,323,323,true,6ce6b792-f417-442d-b954-db667fe56c51,true,768,true,""",""",".","."
4594,PASS,505,505,true,3c94f178-7b30-46f6-bef3-793dd9bce441,true,768,true,"men","men","the","the"
4595,PASS,321,321,true,d4228042-1c9a-4cfa-b576-d4743a84a671,true,768,true,"gods","gods",""","""
4596,PASS,313,313,true,cd0595a9-2846-4ab4-91ab-4398ec8fa7eb,true,768,true,""",""","without","without"
4597,PASS,488,488,true,a6925214-241a-47ba-aa49-63536365361b,true,768,true,"a","a",".","."
4598,PASS,504,504,true,00a226ec-1d15-4290-947e-701386affd22,true,768,true,"were","were","inflammable","inflammable"
4599,PASS,420,420,true,042e9d21-83dc-46e4-859a-4b788476f6b3,true,768,true,"things","things",""","""
4600,PASS,325,325,true,51895f28-3c12-4e81-9856-15befee82c97,true,768,true,""",""",",",","
4601,PASS,474,474,true,08622ddf-c637-41e2-96fb-ee11b4e0861b,true,768,true,"among","among","to","to"
4602,PASS,483,483,true,89867076-903c-4673-a88d-e964f1b68ebc,true,768,true,"hear","hear","crocodiles","crocodiles"
4603,PASS,509,509,true,a98bdf3c-4578-4bcb-a6d9-a012c92a7d47,true,768,true,"and","and",".","."
4604,PASS,483,483,true,b7289415-8303-44fc-941c-9c24e505dda6,true,768,true,"listen","listen","on","on"
4605,PASS,505,505,true,9ac16f3d-be7c-4f55-9f2f-ff579e68d703,true,768,true,"dandaneeti","dandaneeti","swarga","swarga"
4606,PASS,213,213,true,17e1434d-74e5-40a0-b395-0bd755aa2079,true,768,true,"for","for",""","""
4607,PASS,287,287,true,f4a662a7-8eb8-4a0c-985f-754f099c3c53,true,768,true,""",""","he","he"
4608,PASS,263,263,true,3e46e60b-e5d3-40c1-96a6-becde9bebf98,true,768,true,"should","should",""","""
4609,PASS,285,285,true,4a9dbb10-d75c-4489-a15d-8585985854a0,true,768,true,""",""",".","."
4610,PASS,501,501,true,b0e61229-9ad9-457a-a812-e948e6d2a2fa,true,768,true,"a","a",",",","
4611,PASS,208,208,true,ff5f6500-7a86-4a1c-96f7-e0583a1c263d,true,768,true,"and","and",""","""
4612,PASS,296,296,true,b1c62f61-198c-4ac4-b4da-345c2c9c6484,true,768,true,""",""","is","is"
4613,PASS,475,475,true,7e490d86-be05-4d8a-b64d-df7600680335,true,768,true,"his","his",""","""
4614,PASS,280,280,true,6abbf1ba-cf89-4cb1-b236-d2b2944e75d0,true,768,true,""",""",".","."
4615,PASS,514,514,true,b3270d22-4e51-49c6-8196-eb949426ccfe,true,768,true,"no","no",""","""
4616,PASS,416,416,true,0275430a-bf57-4a64-8dce-db8384a330b4,true,768,true,"kasyapa","kasyapa",""","""
4617,PASS,316,316,true,1ebc9ded-8e9b-49cd-bed0-b8b6a56a0b53,true,768,true,""",""","to","to"
4618,PASS,236,236,true,2daf0139-3d3b-482d-8948-f22049d2b31a,true,768,true,"defend","defend",""","""
4619,PASS,304,304,true,c69cb435-b6ad-45d2-9bc8-28b7aa9b074d,true,768,true,""",""","he","he"
4620,PASS,494,494,true,ab28e335-f858-4d9e-98fd-b25134ac47ba,true,768,true,"should","should",".","."
4621,PASS,353,353,true,73632e0a-b2b9-49c9-92df-af873c8d7d02,true,768,true,"when","when",""","""
4622,PASS,307,307,true,34d60333-8ddb-4c5b-a6b9-6d3f17d1c2b0,true,768,true,""",""","wealth","wealth"
4623,PASS,162,162,true,e649b761-c322-4a3a-bede-4a5e481d8e96,true,768,true,"belonging","belonging",""","""
4624,PASS,283,283,true,b70cf9a9-6f18-489d-95a0-88b2bbe89114,true,768,true,""",""","?","?"
4625,PASS,489,489,true,242f44d2-f235-4a1d-b0c4-6941fd8065fe,true,768,true,"in","in","?","?"
4626,PASS,390,390,true,cbdde967-7e0a-4492-aa37-32db97065312,true,768,true,"my","my",""","""
4627,PASS,289,289,true,97e20e55-be8b-42ba-acb3-9788fd662b11,true,768,true,""",""",".","."
4628,PASS,489,489,true,494880f6-768c-41ae-a761-f91f992786e9,true,768,true,""",""","might","might"
4629,PASS,470,470,true,490d0810-2071-43e0-90e6-d9bd714d1b17,true,768,true,"of","of","'","'"
4630,PASS,211,211,true,025e69d5-d2f2-4439-b2fa-0427cb00e755,true,768,true,"bhishma","bhishma",""","""
4631,PASS,305,305,true,80f8e0af-53f7-494a-849a-5fc6a51bdd80,true,768,true,""",""","should","should"
4632,PASS,397,397,true,77fa3d1b-6213-4832-9572-678182fc5591,true,768,true,"perform","perform",""","""
4633,PASS,309,309,true,6abcd94c-1595-484d-bf89-e814b0d34146,true,768,true,""",""",".","."
4634,PASS,508,508,true,11d22d1d-ebf4-4054-8244-75f4c3d47018,true,768,true,"however","however","help","help"
4635,PASS,332,332,true,b0c174f8-f806-409d-ba45-c1c760f1a1c4,true,768,true,"to","to",""","""
4636,PASS,305,305,true,17196216-0e52-492a-bcfa-4fedc4fa07a4,true,768,true,""",""","and","and"
4637,PASS,528,528,true,5cde1912-ffe5-40e3-a82f-6110dff4f100,true,768,true,"akrura","akrura","in","in"
4638,PASS,145,145,true,6a4a783e-c65b-4944-b279-f2d64b15fc80,true,768,true,"a","a",""","""
4639,PASS,314,314,true,8f0e763c-0e65-4f35-8dc2-5568262ab8a0,true,768,true,""",""",""","""
4640,PASS,503,503,true,aa61bb71-61e0-4320-855f-a4f64f6644b9,true,768,true,"in","in",".","."
4641,PASS,507,507,true,e3bb8f31-f5c7-4860-a7f9-ab957edd1db2,true,768,true,"one","one","view","view"
4642,PASS,513,513,true,732f2c04-3e02-4219-b268-6e1500b175ca,true,768,true,"good","good","that","that"
4643,PASS,370,370,true,a9b202cc-3b64-4b13-aa9b-eaee94546818,true,768,true,"everything","everything",""","""
4644,PASS,329,329,true,d6104eda-49c3-4476-8fac-9eaf58a95a86,true,768,true,""",""","be","be"
4645,PASS,500,500,true,0f1d25d0-371a-4bc6-9528-36726e88d185,true,768,true,"attentive","attentive","a","a"
4646,PASS,503,503,true,10f2228e-c5ae-4c48-bf01-d4c5526a0552,true,768,true,"guide","guide","pragmatic","pragmatic"
4647,PASS,455,455,true,e9693190-a7bf-4a75-ad75-18bbe143e477,true,768,true,"and","and",".","."
4648,PASS,109,109,true,b5adb52d-520c-4328-af21-17d2e30c45a6,true,768,true,"there","there",""","""
4649,PASS,267,267,true,bad5b707-2ac0-4cdb-a56e-6f92bb4279a3,true,768,true,""",""",""","""
4650,PASS,314,314,true,5b2cca34-cb1b-4fc5-8e30-e56590194097,true,768,true,""",""","the","the"
4651,PASS,484,484,true,5f6d4982-7aec-4dee-842b-1fe5b9fbbf4a,true,768,true,"seven","seven",",",","
4652,PASS,289,289,true,6d8f61f5-6d11-4ccf-a24b-385121a275ca,true,768,true,"stains","stains",""","""
4653,PASS,295,295,true,b4548b06-e569-409c-8a61-ac4ccc86cdba,true,768,true,""",""",".","."
4654,PASS,459,459,true,ee823b56-8665-4c0a-be98-bd92283ec6d5,true,768,true,"the","the",".","."
4655,PASS,324,324,true,d8871c90-7389-4ba4-9264-6699e107d67e,true,768,true,"the","the",""","""
4656,PASS,293,293,true,c21b32da-6edb-485b-b664-f9779de91247,true,768,true,""",""",".","."
4657,PASS,481,481,true,496d60ee-ffd3-46cc-bd15-64ccb0b011e1,true,768,true,"the","the",".","."
4658,PASS,510,510,true,b9dad6a4-38be-43b9-bb30-aeb26c9fcb8e,true,768,true,"this","this","increase","increase"
4659,PASS,60,60,true,91177905-122c-4448-975c-86f416059c1a,true,768,true,"the","the",""","""
4660,PASS,311,311,true,e566ad75-b696-41d0-9f0c-73a19669930c,true,768,true,""",""","should","should"
4661,PASS,497,497,true,05b8e374-7bd5-42c5-a726-4ea46574eef3,true,768,true,"be","be","a","a"
4662,PASS,155,155,true,80ebd7bf-a05f-4ab1-83cf-ae55ebd7bc39,true,768,true,"man","man",""","""
4663,PASS,341,341,true,6398402a-2304-402b-b337-0b876d8d34a8,true,768,true,""",""","extermination","extermination"
4664,PASS,461,461,true,c5f55b71-ddcc-4e17-9241-416e18dbfe8d,true,768,true,"that","that",".","."
4665,PASS,84,84,true,825ab345-92df-4d31-a05b-754acdc9b60a,true,768,true,"let","let",""","""
4666,PASS,338,338,true,61e53ed9-ba44-4f34-bb0a-a5853b1f8351,true,768,true,""",""",".","."
4667,PASS,498,498,true,0e5e54b8-5966-42e9-bf23-f9c68e16ac12,true,768,true,"the","the","with","with"
4668,PASS,300,300,true,e1a67da0-e7e1-49c3-86e8-c907d88bc681,true,768,true,"anyone","anyone","'","'"
4669,PASS,310,310,true,cfafe1a6-927d-4e57-9a3c-d53abe72343c,true,768,true,"'","'",",",","
4670,PASS,510,510,true,640f31a8-3b0f-4d4e-b6f4-cb783a31529e,true,768,true,"cattle","cattle",".","."
4671,PASS,496,496,true,36dcb734-5ee7-4335-882b-9072567bc27a,true,768,true,"when","when","with","with"
4672,PASS,492,492,true,daedd1cb-3523-4a1a-94e0-b460c0575067,true,768,true,"all","all","the","the"
4673,PASS,22,22,true,c066c758-bce9-433f-83b9-e345fa2da41f,true,768,true,"path","path",""","""
4674,PASS,311,311,true,55167d4b-bba9-4d10-97ab-94b118af24b6,true,768,true,""",""","with","with"
4675,PASS,278,278,true,c5f24cad-9b0a-4945-9e4e-348ce4f4fa03,true,768,true,"intelligence","intelligence","'","'"
4676,PASS,308,308,true,76a3dd4c-7fee-44ac-9861-0a31b888ec29,true,768,true,"'","'",".","."
4677,PASS,465,465,true,a225c858-3a38-4331-b108-b2aef95fa9be,true,768,true,"you","you",".","."
4678,PASS,360,360,true,946d8918-3f40-4d60-9bdf-d892026ba6d9,true,768,true,"people","people","'","'"
4679,PASS,300,300,true,52907434-b65c-4342-948e-0ee52ddeba93,true,768,true,"'","'",".","."
4680,PASS,85,85,true,a37c539c-5e20-43a6-b6d0-1b5c66052910,true,768,true,"the","the",""","""
4681,PASS,321,321,true,8378a99a-a882-4a0d-ba78-57406637c889,true,768,true,""",""","maharatha","maharatha"
4682,PASS,452,452,true,3351bc6e-303e-4d79-b357-f769792bfc03,true,768,true,"should","should",""","""
4683,PASS,313,313,true,3a139d33-dcd8-4b2d-9b47-eaa372cb2dc1,true,768,true,""",""",".","."
4684,PASS,473,473,true,f98cf56d-6279-43d6-aa3e-28ef6fe09e53,true,768,true,"the","the","who","who"
4685,PASS,23,23,true,2788cee2-3083-4d62-9025-d1f034d42904,true,768,true,"desires","desires",""","""
4686,PASS,308,308,true,896e25be-6178-48a6-99e1-f90594e5eb67,true,768,true,""",""","very","very"
4687,PASS,496,496,true,11b95746-641d-407d-966c-e99076d6ea5a,true,768,true,"gods","gods","he","he"
4688,PASS,93,93,true,9f99adc3-b497-442d-8cb7-2c559b92dbf8,true,768,true,"encounters","encounters",""","""
4689,PASS,307,307,true,630dfab3-d725-4bca-af3a-a56e48fc29f2,true,768,true,""",""","he","he"
4690,PASS,474,474,true,fe333d02-daee-4555-b6a5-b38fdefbf577,true,768,true,"never","never","the","the"
4691,PASS,489,489,true,d6eb588b-9a31-4611-bc6b-061e4654ec12,true,768,true,"drums","drums","combatant","combatant"
4692,PASS,361,361,true,8cbd42da-685c-4704-a667-29cd3bdd017a,true,768,true,"whose","whose",""","""
4693,PASS,306,306,true,e6f3bd42-0765-48ec-b8a9-f1d553f2152b,true,768,true,""",""",".","."
4694,PASS,190,190,true,de712f60-6195-47f0-be96-485aac9e7185,true,768,true,"the","the",""","""
4695,PASS,297,297,true,d6b09ec7-8824-4df1-85cd-69c00d0b123a,true,768,true,""",""",".","."
4696,PASS,483,483,true,3836155d-e212-4229-9ac9-c7c6e1306cb7,true,768,true,"it","it",".","."
4697,PASS,529,529,true,271554bd-bf54-4ce8-832b-481473905efb,true,768,true,"having","having","the","the"
4698,PASS,337,337,true,d0021b10-f4df-42fa-9ec3-84f1ed9d73f4,true,768,true,"highest","highest",""","""
4699,PASS,288,288,true,c14a3a31-5e89-497f-8920-95de26f7f538,true,768,true,""",""",".","."
4700,PASS,354,354,true,08b74fd0-feb6-434c-b155-36a18cffe209,true,768,true,"those","those",""","""
4701,PASS,313,313,true,fa46107b-02f6-4e75-9f88-4a99d26ec909,true,768,true,""",""",".","."
4702,PASS,473,473,true,98e5efad-05f4-41f1-8d4b-77799162c40e,true,768,true,"if","if",""","""
4703,PASS,499,499,true,b311ecb3-2035-471a-898f-07bde535e247,true,768,true,"once","once",""","""
4704,PASS,137,137,true,61974451-ae7d-4c2a-82f0-169b26d7f5d3,true,768,true,"having","having",""","""
4705,PASS,323,323,true,40acaa5b-0f88-46a9-b067-78bae15a5512,true,768,true,""",""",".","."
4706,PASS,489,489,true,93d65aa5-4ed8-4404-a697-8b8b0548c754,true,768,true,"having","having","and","and"
4707,PASS,494,494,true,1b2badec-d9b6-4b91-aa55-689213c992d0,true,768,true,"even","even","the","the"
4708,PASS,493,493,true,afb434ea-13b2-41e5-8f0c-285b7931aed9,true,768,true,"loss","loss",""","""
4709,PASS,36,36,true,46117255-f572-4ddc-9ac7-286bec2e35f1,true,768,true,"purandara","purandara",""","""
4710,PASS,313,313,true,96d1b545-bcec-411c-a7a6-8d3799cfa6f5,true,768,true,""",""","all","all"
4711,PASS,505,505,true,966acdfe-b04e-4a18-bf21-c418d14cbd29,true,768,true,"that","that","should","should"
4712,PASS,467,467,true,97d150e0-2037-47f1-9493-3253e16edd3e,true,768,true,"be","be","?","?"
4713,PASS,400,400,true,aaefad17-1774-4fd0-9556-85e21f2f1bfe,true,768,true,"sometimes","sometimes","'","'"
4714,PASS,315,315,true,f8645c71-8d6b-4a38-b715-b363967f08a9,true,768,true,"'","'","the","the"
4715,PASS,464,464,true,16b41b47-e75f-45b2-bfcd-fca0404bae10,true,768,true,"enemies","enemies","with","with"
4716,PASS,49,49,true,afa869f7-e671-4912-b459-bfc5f346815c,true,768,true,"artificial","artificial",""","""
4717,PASS,333,333,true,3d9c4168-c981-44c0-9867-a4956eb81bd3,true,768,true,"'","'",".","."
4718,PASS,488,488,true,805e2cb0-008b-40f7-8c7e-8582564f6ffc,true,768,true,"a","a",""","""
4719,PASS,312,312,true,c014ca82-02e4-4ce0-98dd-6f3ec8247e95,true,768,true,""",""","'","'"
4720,PASS,475,475,true,38b3c65e-71bf-4af2-b412-f6fc7e13ca00,true,768,true,"bhishma","bhishma","independently","independently"
4721,PASS,185,185,true,02d6fd3a-95d1-4ed8-a0a3-aeb6367993d3,true,768,true,"without","without",""","""
4722,PASS,323,323,true,e52686eb-6e4d-499a-b4c1-cbd6f371f07b,true,768,true,""",""","can","can"
4723,PASS,476,476,true,1fc2870b-361d-46c3-aa11-559fc52a7b8f,true,768,true,"earn","earn","guru","guru"
4724,PASS,294,294,true,bfe02137-96df-4ce1-b995-b8a84e339371,true,768,true,"gratifies","gratifies",""","""
4725,PASS,292,292,true,adbe8123-8db9-4048-a7fc-ed845c7b1ef2,true,768,true,""",""",".","."
4726,PASS,508,508,true,1ecd751c-cc4f-4251-a3ec-e2de7f9b6821,true,768,true,"the","the",".","."
4727,PASS,82,82,true,7760265f-c352-4e36-9643-582e25374c34,true,768,true,"he","he",""","""
4728,PASS,291,291,true,a2f22971-99d4-4a18-aa2d-fa7c53930cc8,true,768,true,""",""","all","all"
4729,PASS,465,465,true,497021d0-9349-4240-b943-03d96da2bf70,true,768,true,"men","men",".","."
4730,PASS,74,74,true,9ddfa66e-3018-4c55-a83b-6385a63a56ac,true,768,true,"those","those",""","""
4731,PASS,293,293,true,949885b2-4521-42c2-9a1b-98465c2a55c6,true,768,true,""",""",""","""
4732,PASS,503,503,true,d8321015-f128-48a2-93c4-32eb02c76b30,true,768,true,"the","the","highly","highly"
4733,PASS,531,531,true,f11e95f1-48a8-4ce9-a1b7-172ec3c9355b,true,768,true,"blessed","blessed",".","."
4734,PASS,514,514,true,4730c44f-f484-4da7-bb4d-af9180b95b75,true,768,true,"when","when","the","the"
4735,PASS,496,496,true,aaddf32e-5936-4e49-80c7-22420bf6bd4d,true,768,true,"firefly","firefly",".","."
4736,PASS,263,263,true,b8382ec5-3b32-4d0d-b797-8489b14b078b,true,768,true,"you","you",""","""
4737,PASS,308,308,true,aa54c19b-045e-4f58-be23-37816ad01d57,true,768,true,""",""","dragged","dragged"
4738,PASS,313,313,true,ba802a06-0c55-4fc8-b6ce-83d99ed625e9,true,768,true,"himself","himself",""","""
4739,PASS,329,329,true,b74415fd-c44a-4e6a-9846-20a983c69373,true,768,true,""",""",""","""
4740,PASS,94,94,true,f19e837d-1cd0-41e2-a422-ed210bbbcf9c,true,768,true,"he","he",""","""
4741,PASS,302,302,true,525b160f-ecb0-4959-ae27-6ed4ea9a5e24,true,768,true,""",""",".","."
4742,PASS,415,415,true,aed20bc4-bd45-4be5-b0a0-534cfeb6797b,true,768,true,"such","such",""","""
4743,PASS,300,300,true,5180194d-70d7-4f92-8c09-fce9b6676b29,true,768,true,""",""","he","he"
4744,PASS,347,347,true,c81d6454-66ae-4961-b285-da731bef5035,true,768,true,"will","will",""","""
4745,PASS,288,288,true,e1539673-3227-446e-8ebe-5f4f42ea1a7e,true,768,true,""",""",".","."
4746,PASS,371,371,true,5720870d-bd4b-473f-9261-743fef6f3a97,true,768,true,"one","one",""","""
4747,PASS,330,330,true,e985d437-f9bd-4b00-9180-be65ffae2eee,true,768,true,""",""","that","that"
4748,PASS,274,274,true,02858956-cedc-4906-a698-746aeeb1203c,true,768,true,"asrama","asrama",""","""
4749,PASS,293,293,true,280df922-eca6-45d7-8a5d-459915cd6432,true,768,true,""",""",".","."
4750,PASS,500,500,true,562e8d89-1b73-48b7-8299-abc16aa5ad28,true,768,true,"the","the","his","his"
4751,PASS,115,115,true,cbb5a0d5-c175-48e0-b400-5e327050132e,true,768,true,"commanders","commanders",""","""
4752,PASS,309,309,true,d91bd07c-5383-409d-9911-630aa8fe2d5d,true,768,true,""",""","reproach","reproach"
4753,PASS,252,252,true,2c145b04-5d69-427f-8a46-47ae28d4a619,true,768,true,"should","should",""","""
4754,PASS,302,302,true,3dc447e3-2c8a-4224-90a4-bb832464a908,true,768,true,""",""",".","."
4755,PASS,484,484,true,e5f627b3-262a-449f-8375-7224c6ea7cf2,true,768,true,"the","the","a","a"
4756,PASS,490,490,true,dc86894a-00fa-411d-bd21-fdccd7ebd058,true,768,true,"king","king",".","."
4757,PASS,500,500,true,1ab93ffb-91cc-4f62-b336-dc5ab236c4a6,true,768,true,"steadiness","steadiness",".","."
4758,PASS,350,350,true,ce5475f8-4084-43cf-a59e-9c14506206b9,true,768,true,"an","an",""","""
4759,PASS,285,285,true,b47acf01-6ea0-4b80-b7b5-954a5abbba72,true,768,true,""",""",""","""
4760,PASS,535,535,true,ab6c72a9-856e-48ea-b2cd-0c96c31819fa,true,768,true,"since","since",",",","
4761,PASS,517,517,true,fd4f9691-a8b3-4cc6-9d16-24499cc74192,true,768,true,"profit","profit",".","."
4762,PASS,449,449,true,7400ffdc-b100-4129-8724-510862ba416b,true,768,true,"there","there",""","""
4763,PASS,299,299,true,3ab6d98f-ca0d-4679-8056-b7d29d0b818b,true,768,true,""",""","all","all"
4764,PASS,476,476,true,69ea9c16-bcc1-4252-917c-48d83dbbfe6e,true,768,true,"this","this","and","and"
4765,PASS,515,515,true,cf2e4287-c08c-4d9c-ab58-0f33d5423241,true,768,true,"sagara","sagara","of","of"
4766,PASS,352,352,true,10df705a-bcd1-4264-af8e-a7b31bfd0143,true,768,true,"brahma","brahma",""","""
4767,PASS,292,292,true,42a5c196-fcfe-4f7e-8d4f-5188d9614aa2,true,768,true,""",""",".","."
4768,PASS,489,489,true,3bdf2428-7009-4fbf-93d3-d62b0ca8640e,true,768,true,"one","one","he","he"
4769,PASS,117,117,true,675bdcc4-7886-464e-9b6b-9257a984fcbf,true,768,true,"should","should",""","""
4770,PASS,318,318,true,4426b3aa-aba3-4115-b69c-cfe2d41f5b46,true,768,true,""",""",""","""
4771,PASS,447,447,true,08f86363-e5d7-4975-ace5-10c8e276d5e9,true,768,true,"dhritarashtra","dhritarashtra","'","'"
4772,PASS,486,486,true,8c2ed024-394e-42ea-84f8-3836c42a7bfd,true,768,true,"he","he","'","'"
4773,PASS,514,514,true,efd6f9ba-865c-456f-8511-4020834a00f9,true,768,true,"the","the",""","""
4774,PASS,232,232,true,422f706f-07d1-4838-82da-b14ce6eee59a,true,768,true,"bhishma","bhishma",""","""
4775,PASS,332,332,true,b04d8d5d-66b5-44d6-9980-3d9d1d02b485,true,768,true,""",""","one","one"
4776,PASS,111,111,true,024364b8-c4c5-441f-ba00-bffb487a4ce7,true,768,true,"forest","forest",""","""
4777,PASS,320,320,true,96f1775a-d4d3-4631-80f1-7d8f507cb5f8,true,768,true,""",""","vast","vast"
4778,PASS,171,171,true,0d418a17-e0b2-42ff-a5f1-7aa730ff1959,true,768,true,"receptacle","receptacle","'","'"
4779,PASS,323,323,true,0059e08d-b8cd-4938-97f8-2fe63f10fc09,true,768,true,""",""",".","."
4780,PASS,354,354,true,0353231a-4c7f-4423-abf7-5d5a33191c2c,true,768,true,"while","while",""","""
4781,PASS,339,339,true,63a503f9-5eeb-4529-8718-512671c650c2,true,768,true,""",""","one","one"
4782,PASS,506,506,true,5c5ee9d3-e2ab-4309-b3cc-31e7ec4c9139,true,768,true,"doubt","doubt",""","""
4783,PASS,280,280,true,25d5ffea-3d86-4cb4-923c-e4284f7b8f71,true,768,true,""",""",""","""
4784,PASS,309,309,true,5980fcd4-d458-4d5a-8944-8ae1ac093dbc,true,768,true,""",""","bring","bring"
4785,PASS,492,492,true,94479149-69ca-413e-8408-12f241cbccf0,true,768,true,"him","him",".","."
4786,PASS,495,495,true,a47d0919-2faf-4c10-94a2-29e0fdf796e2,true,768,true,"for","for",""","""
4787,PASS,500,500,true,8b53cd71-b01b-4e3e-ac40-fdf163d54da0,true,768,true,"one","one",".","."
4788,PASS,61,61,true,1fb2a957-689b-4669-a783-91ca7e2760a9,true,768,true,"a","a",""","""
4789,PASS,4,4,true,25979673-fd5b-48ad-bfd4-56bb6d46e882,true,768,true,"part","part","parva","parva"
4790,PASS,311,311,true,d898da01-23d4-4b98-8c8c-29cdadaebd99,true,768,true,""",""","'","'"
4791,PASS,176,176,true,aead3250-b3a8-41da-8fd6-4529229bd8ad,true,768,true,"yudhishtira","yudhishtira",""","""
4792,PASS,322,322,true,30942b1e-0957-4e77-87fa-18b74e387d76,true,768,true,""",""","the","the"
4793,PASS,405,405,true,673508ab-09a0-4841-854b-5731c41ce462,true,768,true,"authority","authority",""","""
4794,PASS,327,327,true,80e3dd69-1d40-44fb-b94f-cbeac8e8adb4,true,768,true,""",""","adverse","adverse"
4795,PASS,342,342,true,41901bac-7355-430a-add3-05760be2fccc,true,768,true,"conditions","conditions",""","""
4796,PASS,321,321,true,6d1188f4-a7c3-4546-af9e-a7d91060e9ed,true,768,true,""",""","life","life"
4797,PASS,196,196,true,735d3cf6-83a1-4cc1-a4aa-5d85dc3624ee,true,768,true,"of","of",""","""
4798,PASS,326,326,true,b41b6f75-078a-4462-9176-1b6dcfe9c7c1,true,768,true,""",""","with","with"
4799,PASS,407,407,true,ce312836-5abc-4c2e-b824-a5e30ae6216e,true,768,true,"the","the",""","""
4800,PASS,330,330,true,cf8df2eb-6415-4261-9c0e-868a8096fd68,true,768,true,""",""","the","the"
4801,PASS,47,47,true,8c6427bf-bfd2-4828-91d0-72e5915b106b,true,768,true,"kingdom","kingdom",""","""
4802,PASS,307,307,true,c07cc668-4ec1-45b0-ba9e-14de517f69b6,true,768,true,""",""","the","the"
4803,PASS,388,388,true,b23806e0-bbe1-40dc-afbe-86d7652920a9,true,768,true,"remaining","remaining",""","""
4804,PASS,342,342,true,a3049c3f-fb00-4692-b993-dfb345e7139d,true,768,true,""",""","one","one"
4805,PASS,534,534,true,bb87cae8-e739-4d4d-8862-662c40ffc4ab,true,768,true,"should","should",".","."
4806,PASS,586,586,true,c9a48265-c54f-4d6f-adb5-47ff36dbe5da,true,768,true,"the","the","wretched","wretched"
4807,PASS,260,260,true,357b95e5-d7c7-48d6-8f7d-206b26999ab4,true,768,true,"owl","owl",".","."
4808,PASS,358,358,true,10f94581-515c-48c1-af00-8ab3d6c08c40,true,768,true,"'","'","o","o"
4809,PASS,558,558,true,79af876a-2f8b-4eac-873b-906fd131c36a,true,768,true,"friend","friend","my","my"
4810,PASS,288,288,true,d8ae78b1-5273-4dc4-bc0e-eadcec97edc2,true,768,true,"benefit","benefit",""","""
4811,PASS,334,334,true,16dcc8b7-a992-4c09-a6df-3081691861f8,true,768,true,"'","'","revere","revere"
4812,PASS,527,527,true,cf66bb01-50d1-4023-89b9-cfc384b5aa77,true,768,true,"their","their","of","of"
4813,PASS,556,556,true,49501390-c8d7-45d6-b2a0-fc631df39269,true,768,true,"perception","perception","and","and"
4814,PASS,423,423,true,ee452555-a5f6-4465-99f8-f9216f51f28a,true,768,true,"once","once","'","'"
4815,PASS,359,359,true,92e6d798-e369-43b7-8e38-fa06403ceffd,true,768,true,"'","'","one","one"
4816,PASS,533,533,true,5415bed2-5dcc-4b26-b4df-00c243af501e,true,768,true,"believe","believe",",",","
4817,PASS,331,331,true,c0677510-86ec-4a65-a9c2-5351df17eb1d,true,768,true,""",""",""","""
4818,PASS,331,331,true,90b83311-1800-4615-9d92-1c51aad8f538,true,768,true,""",""","at","at"
4819,PASS,537,537,true,731c1183-fe22-4d97-b1d2-7ba5c9abb9b6,true,768,true,"last","last","one","one"
4820,PASS,237,237,true,633d4dae-6215-410c-820a-1c898c62a3e4,true,768,true,"should","should",""","""
4821,PASS,311,311,true,6bf626ac-c7ae-4387-879c-e6ec4780b700,true,768,true,"'","'","person","person"
4822,PASS,551,551,true,6cf68c1f-205c-4426-98ee-bfd7db1c0ef2,true,768,true,"with","with","for","for"
4823,PASS,414,414,true,6d3f09dd-2214-4f2d-8b98-d9eb3a944859,true,768,true,"no","no","'","'"
4824,PASS,333,333,true,9a5f48d5-fc82-48df-b3ea-451d998af1aa,true,768,true,"'","'","he","he"
4825,PASS,571,571,true,494d6c3f-a154-42f7-930e-54c1381845e7,true,768,true,"possesses","possesses","he","he"
4826,PASS,254,254,true,52db7a7f-600d-42ba-a933-e6497ec50fd0,true,768,true,"becomes","becomes",""","""
4827,PASS,324,324,true,41c8a4d2-5219-4a11-a530-3520ff6b1d9a,true,768,true,""",""","his","his"
4828,PASS,538,538,true,4c3bb5a4-b4db-49f8-a1cd-c4df8669ed70,true,768,true,"control","control","with","with"
4829,PASS,521,521,true,5c6319c8-e270-483f-b9e0-f4f3732ec565,true,768,true,"bamboos","bamboos","nor","nor"
4830,PASS,517,517,true,d1b359ae-4e3f-4b27-8a17-1658715166ea,true,768,true,"should","should","the","the"
4831,PASS,514,514,true,cbca8462-e351-431e-9f1f-d4d04fc0b01d,true,768,true,"disadvantages","disadvantages","a","a"
4832,PASS,13,13,true,5f9af9da-8975-4164-aa0d-2c034621c12d,true,768,true,"result","result",""","""
4833,PASS,314,314,true,30dc2665-ca8e-4b7b-bb7c-615dd3f20601,true,768,true,""",""",".","."
4834,PASS,501,501,true,d708e676-677d-4ff8-a583-47814b5a7a09,true,768,true,"in","in","scattered","scattered"
4835,PASS,541,541,true,1193abee-325c-4cb0-b564-377399cf49e0,true,768,true,"around","around","eyes","eyes"
4836,PASS,557,557,true,bf8a9c5e-6a70-42a7-bd7b-51cb671e1f59,true,768,true,"bathed","bathed","out","out"
4837,PASS,517,517,true,0f536ac7-1d59-452b-bc3e-13881c716c6e,true,768,true,"the","the",""","""
4838,PASS,538,538,true,cc09a90e-874d-46e5-b1d9-54207d832cd3,true,768,true,"the","the","impure","impure"
4839,PASS,506,506,true,fd958a75-de39-43dd-ae13-b24c1f694b07,true,768,true,"food","food",""","""
4840,PASS,320,320,true,72885384-04dc-4153-9b5d-200af15b9bc5,true,768,true,""",""",".","."
4841,PASS,500,500,true,c6dc641e-5424-43f3-970b-28b9608be297,true,768,true,"those","those","the","the"
4842,PASS,398,398,true,1405c812-aa46-4816-b974-4a399ac919a6,true,768,true,"kshatriya","kshatriya",""","""
4843,PASS,325,325,true,e9246020-b5d4-42d7-8882-353417dfb65d,true,768,true,""",""","to","to"
4844,PASS,535,535,true,16a31d53-7bac-4bb0-b5c4-790b13b805e6,true,768,true,"others","others",""","""
4845,PASS,355,355,true,eb10c6f6-6590-4934-b3ae-5a889a7283ca,true,768,true,""",""",".","."
4846,PASS,197,197,true,0d5b30e8-a74d-4768-b5f0-cad5c8f7f64c,true,768,true,"even","even",""","""
4847,PASS,352,352,true,28e84642-db42-4dfc-bf35-2dca7adc70b8,true,768,true,""",""","other","other"
4848,PASS,34,34,true,99f18433-e7dc-4203-9419-e1e1a08399e2,true,768,true,"wives","wives",""","""
4849,PASS,339,339,true,c2a6f2f3-f94e-4d7a-9437-f2e693f65bcf,true,768,true,""",""","to","to"
4850,PASS,299,299,true,92835fcb-bd0f-4a87-bf5d-b47054b0e2ce,true,768,true,"warm","warm",""","""
4851,PASS,354,354,true,6218cdcf-3cb4-4232-bc45-2e9f00f4ebec,true,768,true,""",""",""","""
4852,PASS,333,333,true,2ea2b50a-40d9-4c07-af63-88fbe25cb15e,true,768,true,""",""",".","."
4853,PASS,35,35,true,170e8dee-7e29-435c-ae68-653bf2217d5e,true,768,true,"seated","seated",""","""
4854,PASS,339,339,true,45757e97-ff87-47c9-b90c-b4cd3a66dab5,true,768,true,""",""","heart","heart"
4855,PASS,195,195,true,5ce3dd79-8572-4af9-9261-2d64ff199025,true,768,true,"dispelled","dispelled",""","""
4856,PASS,359,359,true,05cbcedb-3536-4248-a6f5-d1e9a8506d03,true,768,true,""",""","of","of"
4857,PASS,183,183,true,d9994ffa-4093-482b-9fa4-90eb5ea3d6da,true,768,true,"blessings","blessings",""","""
4858,PASS,304,304,true,a3d23e63-a480-4d6b-a832-7cc986d9e95a,true,768,true,""",""","an","an"
4859,PASS,376,376,true,c80f0473-d813-4bed-a907-a22ee05ca94b,true,768,true,"object","object","'","'"
4860,PASS,317,317,true,b17b1e7a-178f-4528-a1e2-4ffba678a232,true,768,true,"'","'","'","'"
4861,PASS,530,530,true,1bcca345-e203-4b19-be3e-b8b76369c417,true,768,true,"the","the","fire","fire"
4862,PASS,380,380,true,ab81bf00-c427-4828-b970-513a384d8b23,true,768,true,"for","for",""","""
4863,PASS,358,358,true,bfa2fdaf-0d87-4ac7-9438-7476de56b728,true,768,true,""",""","who","who"
4864,PASS,556,556,true,ca229a0b-52e4-4e5b-9a36-1a8a077eab34,true,768,true,"will","will","little","little"
4865,PASS,522,522,true,b2393340-e91c-47bb-9550-079cf8b61dd7,true,768,true,"intelligence","intelligence","!","!"
4866,PASS,553,553,true,9b2898c7-3f1d-43d7-bd6f-895f47fdbba2,true,768,true,"one","one","to","to"
4867,PASS,566,566,true,e2c9f589-1146-4560-b149-b7e418c2084c,true,768,true,"you","you","these","these"
4868,PASS,509,509,true,7ee2e341-8ada-4d68-ab53-544f51defbe7,true,768,true,"exists","exists",""","""
4869,PASS,506,506,true,a3a98bed-c1be-4254-9a3e-0d87261458ce,true,768,true,"the","the",""","""
4870,PASS,311,311,true,f3e6652f-20c9-49a5-b156-466842c8d98b,true,768,true,""",""","them","them"
4871,PASS,250,250,true,386a2f2a-6e61-40a5-999e-497675931b2b,true,768,true,"broken","broken","'","'"
4872,PASS,371,371,true,841dd7f3-9aed-458c-84e0-69355eb42915,true,768,true,"'","'","creatures","creatures"
4873,PASS,186,186,true,11e99b6b-03cd-4227-8c11-d3efdbca8c21,true,768,true,"of","of",""","""
4874,PASS,331,331,true,45d33783-25de-4ddc-b8f6-6a4c24f234a1,true,768,true,""",""","not","not"
4875,PASS,218,218,true,d787b2f4-fe69-46da-943c-06d8b4b99ebf,true,768,true,"be","be",""","""
4876,PASS,319,319,true,35c6a880-1762-4d18-bbe6-566b968e6c4a,true,768,true,""",""","than","than"
4877,PASS,154,154,true,cc9414dd-80ba-4501-b686-c8c89254cf69,true,768,true,"might","might",""","""
4878,PASS,332,332,true,5bab4e11-9386-46c9-ad76-97aa10ce481e,true,768,true,""",""","or","or"
4879,PASS,518,518,true,1d8b1cda-793c-48eb-821c-a002ac4f25e1,true,768,true,"satiated","satiated","are","are"
4880,PASS,265,265,true,2e411e5e-08b8-45fe-b30a-51e4a5f75d52,true,768,true,"always","always",""","""
4881,PASS,324,324,true,dff21250-e916-4067-b041-cab508da5d85,true,768,true,""",""","attained","attained"
4882,PASS,39,39,true,30b14405-6b8e-4eb8-a106-8fcd839fe2a6,true,768,true,"swarga","swarga",""","""
4883,PASS,332,332,true,d3c1ab92-246e-4d1b-9290-9bec2ca69972,true,768,true,""",""","world","world"
4884,PASS,510,510,true,f5cbaa02-0489-4504-bd9b-bdffad0e4308,true,768,true,"contentedly","contentedly",".","."
4885,PASS,305,305,true,5738de37-6661-4618-9a43-687485ca52a2,true,768,true,"for","for",""","""
4886,PASS,324,324,true,cb01e804-f462-42c3-8f3d-f1b8b91aab53,true,768,true,""",""","than","than"
4887,PASS,81,81,true,e244a6cf-a394-476c-b8db-87619c946b46,true,768,true,"complete","complete",""","""
4888,PASS,323,323,true,72fd8323-6187-4238-b158-6e267184ad6f,true,768,true,""",""",".","."
4889,PASS,447,447,true,2632a552-b83f-4070-ab5c-a1acc53c77c0,true,768,true,"self","self","yagnas","yagnas"
4890,PASS,23,23,true,eaa9d05e-73f8-40cf-93f7-4e6dab167c5b,true,768,true,"and","and",""","""
4891,PASS,299,299,true,a8edda7b-7d4f-4fab-818c-702f3e76318c,true,768,true,""",""",".","."
4892,PASS,360,360,true,9cb7d2c1-78b0-42f5-9576-a3358823c606,true,768,true,"loss","loss",""","""
4893,PASS,338,338,true,b5ec5262-17a7-4922-9b13-4c2143f863f3,true,768,true,""",""","and","and"
4894,PASS,87,87,true,b82bb8a6-c638-44ee-a5d5-51728fc03e8f,true,768,true,"drink","drink",""","""
4895,PASS,320,320,true,3e104834-bebc-4c0e-aa4f-ac647f3f6cc6,true,768,true,""",""","should","should"
4896,PASS,524,524,true,2255af29-4a58-418b-a6a7-a77fb5993a4c,true,768,true,"publicly","publicly",".","."
4897,PASS,532,532,true,3c7f0473-6edc-4456-98d6-e3a13de8a842,true,768,true,"a","a","fallen","fallen"
4898,PASS,510,510,true,b2a81180-fd82-4039-9495-51f524218997,true,768,true,"person","person",".","."
4899,PASS,536,536,true,4a44aa1b-dddb-4a4a-88cd-70bd6412ee61,true,768,true,"the","the",",",","
4900,PASS,477,477,true,b57e2996-e1dc-4c6e-987e-08a00b04cba0,true,768,true,"burn","burn",""","""
4901,PASS,314,314,true,d10c9074-1e2e-4e16-b83a-00b54bdb3652,true,768,true,"v","v","and","and"
4902,PASS,497,497,true,8214808a-9025-4440-82bc-2fb3c6e22e22,true,768,true,"intangible","intangible","challenge","challenge"
4903,PASS,526,526,true,de3d8e2c-49e6-45c3-920c-153b450d3024,true,768,true,"them","them","the","the"
4904,PASS,514,514,true,57c4d3a3-8210-46f3-a019-8e1d21359e5e,true,768,true,"maharishis","maharishis","appeared","appeared"
4905,PASS,502,502,true,2fc595ec-f17a-4c28-9236-a10d321d3677,true,768,true,"overspread","overspread","brothers","brothers"
4906,PASS,260,260,true,95787426-0a2f-42ba-8ea1-b4405a893c29,true,768,true,"obtained","obtained",""","""
4907,PASS,338,338,true,eaacf2ce-54da-468f-8697-b7961d703fe5,true,768,true,"v","v","the","the"
4908,PASS,539,539,true,63024f65-102b-4cfd-811e-d69f5d50da13,true,768,true,"drift","drift",".","."
4909,PASS,555,555,true,e6f7fa7d-f162-4299-bd5f-7eb335165447,true,768,true,"one","one",",",","
4910,PASS,366,366,true,fe75d7e4-e6d9-4957-b50d-a8c27880462b,true,768,true,"so","so",""","""
4911,PASS,348,348,true,585e96b9-f711-4443-b229-5bf652a6ddeb,true,768,true,""",""",",",","
4912,PASS,513,513,true,0a370559-54fb-450a-98ae-d14ecc22b053,true,768,true,"you","you","who","who"
4913,PASS,494,494,true,cc4d789a-5560-43c6-8747-111687235d40,true,768,true,"muster","muster","his","his"
4914,PASS,369,369,true,1df36d9e-9ddf-47cd-8479-bbe3c00de427,true,768,true,"wanderings","wanderings",""","""
4915,PASS,305,305,true,974acab7-7b4b-4d8b-9dd4-68d8fb9e26a9,true,768,true,""",""","and","and"
4916,PASS,386,386,true,d009be6b-1fc4-462c-8ce6-1b725ff817d6,true,768,true,"graceful","graceful",""","""
4917,PASS,322,322,true,60ab0a85-0071-4a23-bfd7-efc86d13871f,true,768,true,""",""",",",","
4918,PASS,393,393,true,57d03596-b2f9-42a4-bffe-8ef38d903aae,true,768,true,"sudden","sudden",""","""
4919,PASS,348,348,true,1f95a10c-ea82-4e59-8252-99a4a0e3d8c5,true,768,true,""",""",""","""
4920,PASS,512,512,true,d47c23e3-22ad-4cfa-a53e-554a50dbbede,true,768,true,"even","even","a","a"
4921,PASS,231,231,true,10cb5c0b-f763-4400-9004-f6d09443df6b,true,768,true,"sizeable","sizeable",""","""
4922,PASS,320,320,true,52910e6d-87be-45d9-ba97-952aef6e5634,true,768,true,""",""","to","to"
4923,PASS,444,444,true,ac9cd74f-d4f8-4e82-a856-1f91efe6a4da,true,768,true,"rajadharman","rajadharman",""","""
4924,PASS,313,313,true,1ac9d5e7-aa6b-4822-835b-c9d2067b2ba4,true,768,true,""",""",""","""
4925,PASS,427,427,true,26479620-5dd5-42d6-b305-f184b4b75835,true,768,true,"after","after",""","""
4926,EMPTY_PAGE,0,0,true,,false,,false,"","","",""
4927,PASS,8,8,true,3c4af449-9360-443a-878f-646cd486c985,true,768,true,"the","the","parva","parva"
4928,EMPTY_PAGE,0,0,true,,false,,false,"","","",""
4929,EMPTY_PAGE,0,0,true,,false,,false,"","","",""
4930,PASS,122,122,true,83cb35d4-65e1-4bd8-9b12-b0c9fa0e5c3f,true,768,true,"published","published",".","."
4931,PASS,20,20,true,7e0e25a3-e3e4-44a4-8cf0-7e853954adb0,true,768,true,"in","in",".","."
4932,PASS,69,69,true,d56badf9-c652-4ac0-a4c2-79a0e29a4c76,true,768,true,"contents","contents","194","194"
4933,PASS,87,87,true,039f5351-ba1b-47de-8a9f-d973b877f8a9,true,768,true,"cant","cant","223","223"
4934,PASS,87,87,true,034fb4a5-18d6-4aee-9ff6-f8b4194451b1,true,768,true,"cant","cant","252","252"
4935,PASS,87,87,true,5462da1b-3237-4a61-b651-21f8b28682f8,true,768,true,"cant","cant","281","281"
4936,PASS,62,62,true,2eda8623-b767-4628-9567-7e5214391e95,true,768,true,"cant","cant","acknowledgements","acknowledgements"
4937,PASS,4,4,true,4f416077-adc7-4952-9c43-51775e0adcf6,true,768,true,"part","part","parva","parva"
4938,PASS,327,327,true,f04412b5-d51e-461a-87b9-205f99a96f9d,true,768,true,"v","v","the","the"
4939,PASS,533,533,true,b4de993a-cafa-4489-b77b-0bf589e50c8c,true,768,true,"discourse","discourse","born","born"
4940,PASS,513,513,true,da46412e-22c6-443e-b39a-25f550680419,true,768,true,"of","of",".","."
4941,PASS,491,491,true,6f8e4dbd-09f6-44b6-be9a-b79217275848,true,768,true,"such","such",".","."
4942,PASS,468,468,true,846fa8cc-80a3-4b7b-9bdd-9fc39fee503e,true,768,true,"that","that","'","'"
4943,PASS,290,290,true,23cb3146-0f17-4115-b4d4-95b8d29f427b,true,768,true,"y","y",""","""
4944,PASS,525,525,true,16ea5420-f0a5-4a88-8b85-e309e648aabd,true,768,true,"his","his",",",","
4945,PASS,530,530,true,bf3da542-4d36-413f-bedd-a152608233ee,true,768,true,"decrepitude","decrepitude",".","."
4946,PASS,138,138,true,3eb4dee0-52ce-449c-a162-ba319c717bd0,true,768,true,"a","a","'","'"
4947,PASS,297,297,true,6f8d9c0e-a20e-4d57-997a-c142d197b472,true,768,true,"y","y",".","."
4948,PASS,497,497,true,b86b1854-7e6c-49e5-908d-ad71a8918fb9,true,768,true,"i","i","to","to"
4949,PASS,8,8,true,88f4b30e-5101-4cc4-94aa-4b593191c074,true,768,true,"be","be","'","'"
4950,PASS,326,326,true,66dba4e5-f362-4b64-ac04-a4fa744c6c76,true,768,true,"y","y","with","with"
4951,PASS,545,545,true,2947fa10-fcc6-4b6e-8e7e-5f3d9827cdc2,true,768,true,"attention","attention",".","."
4952,PASS,586,586,true,37677326-e76a-416e-93ac-da6b4e8f28e6,true,768,true,"the","the","perfect","perfect"
4953,PASS,522,522,true,071bc9c4-5a1b-42bd-b060-0c8eb2e9069d,true,768,true,"freedom","freedom","'","'"
4954,PASS,319,319,true,1eda4c26-d8a8-4d9f-83fb-da7205dbf1b3,true,768,true,"b","b","self","self"
4955,PASS,123,123,true,aa2c8be7-2d33-40a1-8b6d-53fff711d216,true,768,true,"produces","produces",""","""
4956,PASS,305,305,true,ff96f739-cad9-4ebb-9ab7-60799d2045f3,true,768,true,"y","y",""","""
4957,PASS,551,551,true,42cc8485-d501-46c7-9567-b229c52ed001,true,768,true,"the","the","is","is"
4958,PASS,503,503,true,339706eb-2e7a-416b-ae31-08ab363888b3,true,768,true,"consistent","consistent","happiness","happiness"
4959,PASS,171,171,true,ba48fd80-bc01-43a0-8f02-1c52d057ad81,true,768,true,"connected","connected","'","'"
4960,PASS,327,327,true,2695e5de-1ece-4658-92e2-274d722553cb,true,768,true,"y","y",".","."
4961,PASS,532,532,true,f046f335-a59f-437d-9f8c-b5384f940d62,true,768,true,"having","having","you","you"
4962,PASS,520,520,true,0db69908-a004-46ad-89fe-d3fa0ba69053,true,768,true,"will","will","regard","regard"
4963,PASS,497,497,true,c5ce0fa9-04c6-403d-981e-56191bc00bc8,true,768,true,"yourself","yourself",""","""
4964,PASS,101,101,true,ea13377f-6331-4bb6-b517-5b93b5b8c4c4,true,768,true,"thus","thus","'","'"
4965,PASS,314,314,true,c2139bab-2b7c-4f46-9ca9-90359b22c195,true,768,true,"y","y","has","has"
4966,PASS,390,390,true,e403b61b-e7b3-47fa-9346-7396d80a1d0b,true,768,true,"certainly","certainly","'","'"
4967,PASS,309,309,true,490e331d-a987-49a6-abc4-a8452d08cd97,true,768,true,"y","y","without","without"
4968,PASS,558,558,true,30350c75-00aa-4193-9f91-a8f6bd0ed659,true,768,true,"beginning","beginning","cannot","cannot"
4969,PASS,436,436,true,593ab9de-6f08-4c20-ac22-755b9a2cdc54,true,768,true,"measure","measure",""","""
4970,PASS,268,268,true,d90124df-5858-4001-98bc-4e4c715021fd,true,768,true,"b","b",".","."
4971,PASS,266,266,true,5d087078-d508-45db-b48f-e4f0ab137327,true,768,true,"indeed","indeed",""","""
4972,PASS,322,322,true,bf400c9d-c7bf-4a55-991c-4d064341e6eb,true,768,true,"b","b",",",","
4973,PASS,533,533,true,461ee978-7570-4732-a7f7-50e3fe55c728,true,768,true,"of","of",".","."
4974,PASS,516,516,true,bcf422d1-9290-40c2-96b3-5a1f5ca03be2,true,768,true,"an","an",""","""
4975,PASS,307,307,true,80fa12dc-1713-4c17-b086-edade6f64f7a,true,768,true,"b","b","and","and"
4976,PASS,319,319,true,47f1fcd6-d911-45dc-abee-57cc2dd0017e,true,768,true,"prana","prana",""","""
4977,PASS,327,327,true,32766bde-3eb7-44d0-9748-8c4a80c73311,true,768,true,"b","b","the","the"
4978,PASS,298,298,true,548f8579-72b8-49cf-8cf2-5248a988b503,true,768,true,"element","element",""","""
4979,PASS,315,315,true,9e78bd68-d222-4b56-827e-4d8578967c02,true,768,true,"b","b",".","."
4980,PASS,536,536,true,5bc367b5-b09e-4663-9836-c23cba870df0,true,768,true,"upon","upon","fire","fire"
4981,PASS,425,425,true,66899856-ae1f-4438-b5e3-38da8b275dae,true,768,true,"that","that",""","""
4982,PASS,323,323,true,10f4d0dc-24ec-4d38-ae5f-8f7dca859512,true,768,true,"b","b","by","by"
4983,PASS,410,410,true,d8791817-09b6-4dc8-a2ec-18f553039713,true,768,true,"brahma","brahma",""","""
4984,PASS,290,290,true,be82f150-14ea-4762-bffe-91e7aa9b2094,true,768,true,"b","b",".","."
4985,PASS,486,486,true,4c587577-f559-4614-979c-65f79a3c44f3,true,768,true,"he","he",""","""
4986,PASS,325,325,true,0633c7d2-9004-4b37-b1ca-f1cf58cd1baf,true,768,true,"b","b","are","are"
4987,PASS,512,512,true,5b534652-2cbf-4352-ac32-d97eb28ddf0a,true,768,true,"sought","sought",""","""
4988,PASS,286,286,true,60050b32-0cdb-4ed1-aac6-779424916fe4,true,768,true,"b","b",".","."
4989,PASS,513,513,true,ada6c6d8-abda-4fe5-9da6-dcdbc02d2639,true,768,true,"amongst","amongst","diverse","diverse"
4990,PASS,408,408,true,4508f20f-fe7f-4ac6-bfaf-79b5513fdb46,true,768,true,"lands","lands",""","""
4991,PASS,306,306,true,b18c1476-94bc-430f-8493-a0446f1a3041,true,768,true,"b","b",".","."
4992,PASS,534,534,true,4f5329e5-fb05-4051-8cd5-bb6a35549441,true,768,true,"i","i","proper","proper"
4993,PASS,505,505,true,36ca0afc-bbad-4e99-b71a-38ab6089a6fa,true,768,true,"season","season",".","."
4994,PASS,98,98,true,5fd6ba4b-f3c5-41ad-b03e-d48a9743e669,true,768,true,"i","i","'","'"
4995,PASS,318,318,true,5ae79c4b-8107-4c54-8366-9efdb65ff3e4,true,768,true,"y","y","and","and"
4996,PASS,542,542,true,a98ffab3-9a19-4895-8fb9-4b452aa3aaa8,true,768,true,"servants","servants",".","."
4997,PASS,477,477,true,05c4a6b1-7ff3-4f3f-8962-5727c0db72fa,true,768,true,"great","great","'","'"
4998,PASS,298,298,true,d06339ce-33a3-4e6f-94ea-216645b57512,true,768,true,"y","y","these","these"
4999,PASS,526,526,true,91abdb5f-4144-499d-b250-326de0b81cdb,true,768,true,"three","three","gunas","gunas"
5000,PASS,508,508,true,81cc47a4-55e6-4480-ac56-ae77fca541ea,true,768,true,"—","—",".","."
5001,PASS,521,521,true,8dde2fac-bb29-4f24-b3ea-db4c23d652bd,true,768,true,"although","although",".","."
5002,PASS,491,491,true,13f2dfa6-3ea9-4ce8-a65e-a0a880814a26,true,768,true,"men","men","'","'"
5003,PASS,315,315,true,8346a501-cbe9-46a8-b602-cda24ee8c156,true,768,true,"b","b","five","five"
5004,PASS,412,412,true,32c7f6d0-c437-4d7e-940d-7537789c55e3,true,768,true,"portals","portals","'","'"
5005,PASS,322,322,true,1a68db50-2280-4c35-a9b7-0ddc47cfca60,true,768,true,"y","y",",",","
5006,PASS,518,518,true,18a34410-2da7-4a79-9695-3f6984f22eb8,true,768,true,"japa","japa","into","into"
5007,PASS,54,54,true,dee7e6e6-07dd-4131-923f-097681bd4aa6,true,768,true,"the","the","'","'"
5008,PASS,320,320,true,4f1983cb-8d72-433c-914b-a2dc392e70a4,true,768,true,"y","y","from","from"
5009,PASS,128,128,true,cb0cc261-f29b-421a-8ca0-82859805d29b,true,768,true,"attachments","attachments","'","'"
5010,PASS,286,286,true,fe7b2e84-ea4e-4611-b1d9-05048a91736a,true,768,true,"y","y",".","."
5011,PASS,111,111,true,350ee816-4694-4f84-b794-8e84ab050eb2,true,768,true,"time","time","'","'"
5012,PASS,288,288,true,2c2d3619-3793-4f0e-96a3-d45915c92f5f,true,768,true,"y","y",".","."
5013,PASS,551,551,true,3974e0ea-3251-4145-89f0-7cc4d52a86ef,true,768,true,"the","the",""","""
5014,PASS,523,523,true,6e35db39-bb9c-46f0-abd0-5f8b1e066d6e,true,768,true,"dharma","dharma","you","you"
5015,PASS,540,540,true,c307e248-6fb2-4282-845b-4aead07d9726,true,768,true,"may","may",""","""
5016,PASS,582,582,true,3d0642ce-8ab6-48ad-8f9c-9b3add61353c,true,768,true,"the","the",".","."
5017,PASS,591,591,true,e21e5190-0438-4dce-ab3d-2503221a46c8,true,768,true,"it","it","in","in"
5018,PASS,556,556,true,23ba484b-a3d2-415a-8642-98af3afc2fd5,true,768,true,"our","our",""","""
5019,PASS,527,527,true,0dd1c7bd-630e-4d50-94de-e77cc868c549,true,768,true,"vikrita","vikrita",""","""
5020,PASS,521,521,true,c0f769e7-fb09-4306-a20d-47442efa1a37,true,768,true,"virupa","virupa","'","'"
5021,PASS,330,330,true,e2fb3998-d7a2-45ef-b262-b82683f210ea,true,768,true,"y","y",",",","
5022,PASS,519,519,true,b4ded370-0729-4c8d-89a8-b221f304ceb3,true,768,true,"lokapalas","lokapalas","a","a"
5023,PASS,247,247,true,244695e3-9f29-4f76-9c56-e80ff8fbe92b,true,768,true,"very","very","'","'"
5024,PASS,318,318,true,55eb2d11-0458-457d-86e2-a50589f01008,true,768,true,"y","y",",",","
5025,PASS,521,521,true,6f83d302-0429-49b9-b08f-83303df42f2b,true,768,true,"which","which",".","."
5026,PASS,345,345,true,7dd3ff9b-ab29-43c3-a0d4-5df8f12f4fec,true,768,true,"the","the",""","""
5027,PASS,312,312,true,39d599c7-6eba-44c9-9aae-411d837d2b5c,true,768,true,"m","m","the","the"
5028,PASS,527,527,true,0f66c285-9a7d-4ec6-8134-9c4dad52f431,true,768,true,"cause","cause","form","form"
5029,PASS,339,339,true,67c47278-238a-49f8-b543-3e7bd71d1b1b,true,768,true,"that","that",""","""
5030,PASS,302,302,true,5ceec895-e7d9-4c1c-a9b2-22eca26312fb,true,768,true,"m","m","cannot","cannot"
5031,PASS,518,518,true,5b9f4888-a7a3-4391-ba0e-64b610296983,true,768,true,"be","be","and","and"
5032,PASS,108,108,true,be1a6f6f-14de-4055-ab4b-4453ac57b901,true,768,true,"enters","enters",""","""
5033,PASS,319,319,true,372e2a69-03d2-417c-a007-bd56515fd500,true,768,true,"m","m","unrestrained","unrestrained"
5034,PASS,387,387,true,d14f7db9-4cba-4775-abd8-99d5fb39f305,true,768,true,"senses","senses",""","""
5035,PASS,294,294,true,7d3ee2f8-28f9-4806-ae1f-ae47167fdc85,true,768,true,"m","m","focused","focused"
5036,PASS,471,471,true,daa2f29d-9a84-4dcb-95ef-488e75ccbe4a,true,768,true,"on","on","embodied","embodied"
5037,PASS,164,164,true,c1a151b0-684b-4fbd-afff-e8efb727496e,true,768,true,"creatures","creatures",""","""
5038,PASS,317,317,true,561e5b7b-ae34-4ce7-a687-3b10486c78d4,true,768,true,"m","m",";",";"
5039,PASS,513,513,true,aa8e3090-39f6-42a5-82e3-b7166a46ef6a,true,768,true,"the","the",".","."
5040,PASS,357,357,true,ab9ceb50-ccce-4cd4-a186-0d7f099a0b04,true,768,true,"as","as",""","""
5041,PASS,332,332,true,029ec307-77bd-4b42-9fe9-1b78a701ee09,true,768,true,"y","y","we","we"
5042,PASS,491,491,true,340bab76-2738-4c6b-8917-40e3df210032,true,768,true,"have","have","the","the"
5043,PASS,529,529,true,12edbd8e-d91d-480d-aacc-d7b84528119d,true,768,true,"clouds","clouds","that","that"
5044,PASS,50,50,true,a33efa40-e494-484a-8ff6-4e55ee50fba2,true,768,true,"krishna","krishna","'","'"
5045,PASS,292,292,true,947283fa-6b5e-4eb3-803e-fda36c4e7299,true,768,true,"y","y","sons","sons"
5046,PASS,505,505,true,82c42118-1325-4e24-82d4-56d1c5d4e084,true,768,true,"refused","refused","in","in"
5047,PASS,39,39,true,622b8f1c-6349-479e-8bd8-6fc684e8da9f,true,768,true,"their","their","'","'"
5048,PASS,286,286,true,f6a7e110-7e03-41a4-bb0c-77ddbcd611f5,true,768,true,"y","y",""","""
5049,PASS,479,479,true,57cc18d7-af44-4cb8-8597-1d268fb587cb,true,768,true,"the","the",".","."
5050,PASS,215,215,true,de4fd571-cfe5-4dd6-b3d4-2890bb79416b,true,768,true,"brahma","brahma","'","'"
5051,PASS,318,318,true,4555287f-4181-40db-9f81-3b9cc006f159,true,768,true,"y","y","the","the"
5052,PASS,525,525,true,7a38f1d6-74e6-456c-affc-6b867a540469,true,768,true,"universe","universe","rishis","rishis"
5053,PASS,501,501,true,d9984a68-132a-4827-9d95-90d26f0e5f61,true,768,true,"were","were","is","is"
5054,PASS,438,438,true,dff1c769-6d6c-4cf0-8586-bfaf9aaf99d8,true,768,true,"high","high","'","'"
5055,PASS,299,299,true,7a1bc43c-74ef-495c-b2e9-36875778d11f,true,768,true,"b","b","in","in"
5056,PASS,459,459,true,ff1bb0e1-f12e-4de5-9367-c4033a14b14a,true,768,true,"turn","turn","'","'"
5057,PASS,301,301,true,b507e231-8c19-4fe8-a2e2-b6b3f77d5201,true,768,true,"b","b","the","the"
5058,PASS,502,502,true,ea72c74c-c5e1-45cd-ae6f-e9d77d694da9,true,768,true,"five","five",",",","
5059,PASS,458,458,true,64f98f62-d600-42a8-83ee-b3f20b49af27,true,768,true,"which","which","'","'"
5060,PASS,300,300,true,ac7319bb-ea74-45c1-9f24-094f8f159809,true,768,true,"b","b","are","are"
5061,PASS,507,507,true,9817c459-c249-437d-b390-45cfd57585db,true,768,true,"steeped","steeped",".","."
5062,PASS,15,15,true,20ca2afc-f051-41c0-b16c-60e2ca1fbd92,true,768,true,"the","the","'","'"
5063,PASS,319,319,true,261e31e2-54d1-4731-94db-c190d1a0d4a8,true,768,true,"b","b","a","a"
5064,PASS,513,513,true,ac5175f3-81c8-460d-aa86-4ae74ff2b0d6,true,768,true,"word","word",".","."
5065,PASS,315,315,true,332fbdd7-b835-4b64-b1b8-062f0d5e74bd,true,768,true,"the","the","'","'"
5066,PASS,296,296,true,b20993e9-b8c1-4eaa-8ad7-a717a1ce3da2,true,768,true,"b","b",".","."
5067,PASS,533,533,true,90a54675-626a-44b0-b319-1eaba3d2f64d,true,768,true,"one","one",".","."
5068,PASS,268,268,true,7f1c0261-5706-43b1-9365-c1fbdfd00c70,true,768,true,"excluding","excluding","'","'"
5069,PASS,308,308,true,4d8ce820-4e8a-4a36-ac22-4872dd9e7ec8,true,768,true,"b","b",".","."
5070,PASS,506,506,true,512a8e10-7580-4eba-8e0a-530cb9486acf,true,768,true,"nothing","nothing","realise","realise"
5071,PASS,45,45,true,907b630c-95d5-4789-93d4-f5cb2e177c58,true,768,true,"brahman","brahman","'","'"
5072,PASS,269,269,true,0c8cb8c7-3cd1-421d-b7bc-8defb010a5df,true,768,true,"b","b","eternal","eternal"
5073,PASS,489,489,true,13ab2bd1-fc1d-4c8a-8040-e51eddb42fe7,true,768,true,"and","and","destruction","destruction"
5074,PASS,482,482,true,12a63a3d-54a7-4de2-aacf-d0ca07c1c59a,true,768,true,"of","of","own","own"
5075,PASS,194,194,true,0dbef0fd-d19c-4dd7-a09c-0e644b1d400a,true,768,true,"souls","souls","'","'"
5076,PASS,281,281,true,d0b9b40c-749c-4cd7-ac71-f6e96bc8efda,true,768,true,"y","y",".","."
5077,PASS,493,493,true,5b159a72-1358-4a05-b536-ead8e1040e29,true,768,true,"he","he",".","."
5078,PASS,528,528,true,626bf8df-2231-4984-9ff9-8bb02e5d0a8d,true,768,true,"kapileya","kapileya","at","at"
5079,PASS,513,513,true,585e0bc6-0deb-453a-86df-a74791ef0c2a,true,768,true,"the","the","to","to"
5080,PASS,508,508,true,f712e645-b8af-4e47-ad3f-c42511322d47,true,768,true,"a","a",".","."
5081,PASS,363,363,true,8a0698a9-503f-4890-a35c-b756843adba3,true,768,true,"all","all","'","'"
5082,PASS,285,285,true,7f843fc2-962a-4258-8189-eb727b35887d,true,768,true,"b","b","body","body"
5083,PASS,525,525,true,41c05472-b4d1-4d46-9679-5ac79e189c73,true,768,true,"according","according","about","about"
5084,PASS,510,510,true,f159cdf0-e88c-4f28-b422-cd7c05a075eb,true,768,true,"to","to","not","not"
5085,PASS,522,522,true,a9dd2fda-dd04-4e96-b752-58895b418653,true,768,true,"long","long","is","is"
5086,PASS,466,466,true,26561e50-98a7-4dea-aac3-fe33c1c446bc,true,768,true,"destructible","destructible",""","""
5087,PASS,76,76,true,b7ebcf1d-1568-40e7-ab1c-0c6c4092c952,true,768,true,"after","after","'","'"
5088,PASS,293,293,true,2f3a35fb-98a3-4d26-95b0-b948ea0d6862,true,768,true,"y","y",".","."
5089,PASS,432,432,true,a719b33e-a13b-49a1-98fc-6b6a5cb0ef52,true,768,true,"i","i","'","'"
5090,PASS,303,303,true,aa71507f-42e0-4d1a-9087-52f79916b620,true,768,true,"y","y","will","will"
5091,PASS,367,367,true,6db414fb-26aa-418c-b81a-8191d9d36efe,true,768,true,"remain","remain","'","'"
5092,PASS,320,320,true,b9ec0f41-b0ab-4eda-b22b-e53d1298d7aa,true,768,true,"y","y","and","and"
5093,PASS,520,520,true,6c16b1da-9d38-4a01-81a9-aa823f8deebc,true,768,true,"aversion","aversion","as","as"
5094,PASS,524,524,true,b7b340f1-ed2a-4242-bbfc-b17246681f8d,true,768,true,"the","the","'","'"
5095,PASS,319,319,true,f9f8cf66-6179-47b4-8853-1515a135894e,true,768,true,"y","y",""","""
5096,PASS,541,541,true,25f3583b-673e-41b3-9739-b70ede90ab32,true,768,true,"sakra","sakra",""","""
5097,PASS,155,155,true,f6770788-0bab-44b9-b27f-982223721312,true,768,true,"bali","bali",""","""
5098,PASS,327,327,true,56dd427a-b426-42b7-9afa-21a89d5b476b,true,768,true,"b","b",",",","
5099,PASS,553,553,true,da437c52-0346-4a0e-a515-61f098684292,true,768,true,"however","however",".","."
5100,PASS,582,582,true,b67678c9-c568-42ce-a25a-9292ac1efa3b,true,768,true,"it","it",".","."
5101,PASS,546,546,true,4fcb6fa4-b037-4745-ac5e-dd4a43ec0bae,true,768,true,"burning","burning","some","some"
5102,PASS,254,254,true,401ce3fd-a53c-409c-af34-fd589324acf9,true,768,true,"that","that",""","""
5103,PASS,340,340,true,d42c6749-fa37-4a84-bd62-8075a36b2673,true,768,true,"b","b",""","""
5104,PASS,522,522,true,2389cc8e-1e1d-4359-b7d7-436f9570c03a,true,768,true,"sree","sree",""","""
5105,PASS,429,429,true,a63a0576-d41b-4a8d-b47c-7e9d69f65e4f,true,768,true,"sakra","sakra","'","'"
5106,PASS,309,309,true,e4d6ba50-c5cc-4f0d-b023-29af9980e9f2,true,768,true,"b","b","the","the"
5107,PASS,533,533,true,4525a467-40fb-482b-a919-2394877d11f1,true,768,true,"jiva","jiva","death","death"
5108,PASS,80,80,true,89513858-be57-4136-93bf-b37cf892a583,true,768,true,"do","do",""","""
5109,PASS,314,314,true,2f3f8dfb-ee06-4d78-a0f8-f87c3d033e73,true,768,true,"y","y",",",","
5110,PASS,524,524,true,f31869ba-e771-46a9-acfa-1028296f72a5,true,768,true,"seated","seated",".","."
5111,PASS,550,550,true,47cf9972-08c7-44fb-95bd-55701556b8a7,true,768,true,"o","o","unrivalled","unrivalled"
5112,PASS,508,508,true,b60864ee-c668-49a2-8046-09f320a6ea66,true,768,true,"splendour","splendour","were","were"
5113,PASS,521,521,true,108179ef-1e82-43b0-a085-459a178ab6eb,true,768,true,"masters","masters","living","living"
5114,PASS,556,556,true,2019e681-9e51-4348-a362-1e707cd63310,true,768,true,"beings","beings","never","never"
5115,PASS,524,524,true,a00e6c39-68fc-4843-bb3a-e5e303ae10f1,true,768,true,"dispels","dispels","without","without"
5116,PASS,537,537,true,86ad0f75-80cf-4d0b-ab56-4b8d523f2bea,true,768,true,"consideration","consideration","the","the"
5117,PASS,61,61,true,6a09730f-c349-4f85-b315-5d24300a12f3,true,768,true,"great","great","'","'"
5118,PASS,312,312,true,a8b9f5b4-a583-4269-995c-8a468b8a2559,true,768,true,"y","y","gradually","gradually"
5119,PASS,517,517,true,45eea1ba-083a-4d73-bfa2-ca3dc08eafc7,true,768,true,"approached","approached","take","take"
5120,PASS,471,471,true,13a45461-8181-45e3-8e3e-9a62ec7f7121,true,768,true,"pleasure","pleasure",".","."
5121,PASS,485,485,true,68168a2b-76b1-4330-8e8a-53d0ae14ad81,true,768,true,"they","they",".","."
5122,PASS,488,488,true,30f36afb-f5a2-49e2-a65c-464c177433f6,true,768,true,"their","their",".","."
5123,PASS,488,488,true,c1394f48-f545-405c-9a6d-bc5ff117b225,true,768,true,"sishyas","sishyas","a","a"
5124,PASS,380,380,true,2fbff741-7f01-4e83-82c4-9e6ada162dae,true,768,true,"pure","pure","'","'"
5125,PASS,298,298,true,a9cf0363-b388-4692-ac8e-2e823a3a6cb3,true,768,true,"y","y",".","."
5126,PASS,504,504,true,0b95acf0-cf96-4b49-a79b-ed0460c72d25,true,768,true,"they","they",""","""
5127,PASS,305,305,true,d513566e-6c40-4d92-814f-475dd8952c24,true,768,true,"y","y","worshipped","worshipped"
5128,PASS,502,502,true,a588899f-26a1-4055-b8e7-e3250681e79a,true,768,true,"with","with","never","never"
5129,PASS,156,156,true,3f0a7932-4e6e-45ca-b20f-d0800f68cb7e,true,768,true,"to","to",""","""
5130,PASS,315,315,true,ca27cd13-194c-44e7-b40e-eef0e69e4079,true,768,true,"y","y",""","""
5131,PASS,511,511,true,719b1d0a-0f74-4ece-91d4-feb7d4f7e0f2,true,768,true,"in","in","three","three"
5132,PASS,490,490,true,5e8ae75e-d303-41c7-8ad2-ad8460a2875f,true,768,true,"hundred","hundred",""","""
5133,PASS,305,305,true,6330b5c3-1c90-4528-b32c-688efed823a0,true,768,true,"v","v","which","which"
5134,PASS,512,512,true,96f3bc9e-d036-4304-87ad-e992009de115,true,768,true,"has","has","regarding","regarding"
5135,PASS,517,517,true,fa29ed94-cd69-4bb1-95ea-88a1140bb400,true,768,true,"any","any","one","one"
5136,PASS,473,473,true,1ea7eb61-e3bf-434b-b652-d751f72a6855,true,768,true,"who","who","their","their"
5137,PASS,55,55,true,bfc83b44-a48f-46dd-bdf8-4eec579021e7,true,768,true,"refuge","refuge",""","""
5138,PASS,279,279,true,cb785f68-2219-4882-b097-928b335bf487,true,768,true,"v","v","the","the"
5139,PASS,245,245,true,d9d3eb41-72bd-4bbc-91ec-d46906c2a3bd,true,768,true,"essence","essence",""","""
5140,PASS,320,320,true,409bae11-f6a7-4d66-92a4-51c71b3c4bb5,true,768,true,"v","v","or","or"
5141,PASS,497,497,true,7fd2a28e-6337-472a-bf47-7da9eb2fe800,true,768,true,"their","their",".","."
5142,PASS,260,260,true,f7515c8c-e106-4e28-9368-199bc91c9a61,true,768,true,"once","once",""","""
5143,PASS,314,314,true,77fa43c0-5e12-43a3-b8f1-23daed873549,true,768,true,"v","v","washed","washed"
5144,PASS,504,504,true,0c48d65e-d147-41fc-88ac-7866a783cd1b,true,768,true,"away","away","cross","cross"
5145,PASS,481,481,true,706249c1-86d5-4397-99ec-dfa195eb7c97,true,768,true,"over","over",""","""
5146,PASS,290,290,true,38055f48-0271-46ed-a6ec-34351c9d352a,true,768,true,"v","v","the","the"
5147,PASS,526,526,true,edc49498-fc8c-4d24-8aac-42ed48ef3f99,true,768,true,"vedas","vedas",".","."
5148,PASS,493,493,true,449e10d1-fd21-42dc-8056-47cd956d7b08,true,768,true,"the","the",",",","
5149,PASS,305,305,true,9751d6d5-50c7-4600-b611-324299049f4d,true,768,true,"and","and",""","""
5150,PASS,315,315,true,b9928458-6272-488f-b40b-7bd83113c994,true,768,true,"v","v","and","and"
5151,PASS,513,513,true,9fafdf1a-5f36-4ab5-8777-af77062cfd08,true,768,true,"that","that","the","the"
5152,PASS,237,237,true,73d45311-a7a6-4f21-b2fb-3887102ff46a,true,768,true,"vedas","vedas",""","""
5153,PASS,305,305,true,22cdbc03-571c-48d3-8386-3b9419511d87,true,768,true,"v","v",".","."
5154,PASS,502,502,true,764e1046-fb7a-43da-a25d-29705e1f1bc2,true,768,true,"the","the","devours","devours"
5155,PASS,83,83,true,7b71b25b-7a72-4555-83fe-4d62f469f0bb,true,768,true,"them","them","'","'"
5156,PASS,307,307,true,f75feed8-8b83-411c-b99b-d7aea6f7576f,true,768,true,"b","b","their","their"
5157,PASS,514,514,true,5c9faa9d-3d91-4952-a74f-12647aee0ee8,true,768,true,"arms","arms",".","."
5158,PASS,441,441,true,b38e457d-3387-4d01-a131-60909c3c7bcc,true,768,true,"he","he",""","""
5159,PASS,276,276,true,17984360-1367-4052-92c8-ab179d37d919,true,768,true,"v","v","serving","serving"
5160,PASS,488,488,true,a573d855-6131-40fd-a561-785b303e0bb1,true,768,true,"the","the",".","."
5161,PASS,499,499,true,884aee7b-2e92-42e6-a3bc-5d90ea7490b5,true,768,true,"death","death","'","'"
5162,PASS,33,33,true,6b46ed45-0a5a-4e5a-8f70-779a4ebea5ce,true,768,true,"bhishma","bhishma","'","'"
5163,PASS,298,298,true,11d750f4-60de-4098-9865-15bdc0825735,true,768,true,"s","s","whereas","whereas"
5164,PASS,429,429,true,16ed1c59-09bf-42d6-8221-c6054408d66b,true,768,true,"truly","truly",""","""
5165,PASS,292,292,true,5953c1dc-ac43-4ab5-a6e8-b3b20281c396,true,768,true,"s","s","flattery","flattery"
5166,PASS,534,534,true,9a4a270b-dbfd-4bd5-92f8-1535bd9351df,true,768,true,"and","and","have","have"
5167,PASS,254,254,true,465698e1-e8fd-47ea-b83f-92a90cf02e7e,true,768,true,"already","already",""","""
5168,PASS,301,301,true,4c8041c2-b427-4997-a2d8-8c073bc653ad,true,768,true,"v","v",".","."
5169,PASS,513,513,true,d2a01f69-e8f9-4396-bed5-d08062050d33,true,768,true,"the","the","over","over"
5170,PASS,497,497,true,19815f77-d0af-417d-8c5e-7c3d08782e6b,true,768,true,"the","the","the","the"
5171,PASS,39,39,true,1d8b1f37-45ad-4186-be38-eeb894d94102,true,768,true,"householders","householders","'","'"
5172,PASS,320,320,true,b4d8bedd-e320-4f70-af77-d3e842a1c9ae,true,768,true,"b","b","in","in"
5173,PASS,488,488,true,038da24f-3e95-425b-8faf-b51b24dddf61,true,768,true,"the","the","not","not"
5174,PASS,466,466,true,28c6f38a-f0f5-449c-8423-002622179a30,true,768,true,"counted","counted",",",","
5175,PASS,28,28,true,c6a83b5a-0d1b-47b2-bc4e-731f4607dfcc,true,768,true,"and","and",""","""
5176,PASS,291,291,true,3fe8e8f2-642f-4f6f-a9a2-fad96c56357e,true,768,true,"s","s",",",","
5177,PASS,452,452,true,fa0d19a4-6f04-4d35-b65c-2fcc907f3801,true,768,true,"and","and","engulfed","engulfed"
5178,PASS,462,462,true,eaaac18a-9774-45f4-9e53-8f8ba6106cca,true,768,true,"within","within","a","a"
5179,PASS,464,464,true,963e9584-93c1-4a07-bc95-a78dc3279447,true,768,true,"libation","libation","is","is"
5180,PASS,95,95,true,45817c49-1db3-49b4-b467-054b768c6903,true,768,true,"enjoyed","enjoyed",""","""
5181,PASS,281,281,true,ee73ac23-f0c9-40e6-a526-9f5ad6cf5241,true,768,true,"v","v",".","."
5182,PASS,434,434,true,883de019-5f48-4a15-a593-9a176ed5709f,true,768,true,"that","that",".","."
5183,PASS,232,232,true,7006d985-847b-4fcb-902c-aaed6cc4f065,true,768,true,"to","to",""","""
5184,PASS,256,256,true,b5049e76-aa78-4840-9db9-510485766638,true,768,true,"s","s",""","""
5185,PASS,458,458,true,c5c5f1b3-bb37-4aca-bff4-096226b09f04,true,768,true,"vyasa","vyasa",".","."
5186,PASS,206,206,true,83cc8353-c1e8-47b7-bc68-fbe4285387ba,true,768,true,"as","as",""","""
5187,PASS,266,266,true,d4c25944-f25a-4e33-b259-04b865ee146f,true,768,true,"v","v",".","."
5188,PASS,476,476,true,8fd8486c-d271-4af9-9cd9-5a1a7f7e7d54,true,768,true,"residing","residing",".","."
5189,PASS,363,363,true,51d077cc-3c9b-4e90-9dff-632b2f7b60b0,true,768,true,"as","as",""","""
5190,PASS,270,270,true,22d5ebd1-0c5d-43bc-a748-76d59cb7ed15,true,768,true,"v","v",".","."
5191,PASS,471,471,true,bab5ead1-f4b8-4a49-a654-0328912027b9,true,768,true,"severing","severing",""","""
5192,PASS,266,266,true,b1725c18-cf0b-44ca-a043-f2a5f5e97ca8,true,768,true,"s","s",".","."
5193,PASS,483,483,true,c0126e89-9f8a-4365-a951-6b86f66ab007,true,768,true,"as","as","is","is"
5194,PASS,329,329,true,d961c2ed-3464-4299-8d2a-b558a0846bc3,true,768,true,"regarded","regarded",""","""
5195,PASS,253,253,true,be92663c-65a9-4e71-bfed-fd7cd2802128,true,768,true,"v","v","one","one"
5196,PASS,442,442,true,7d38828b-7994-4c7c-89c9-209bb54c6f8c,true,768,true,"abstains","abstains","of","of"
5197,PASS,311,311,true,3f7aec7c-d9f9-4d29-84a5-3dc67eea9222,true,768,true,"purification","purification",""","""
5198,PASS,264,264,true,f42770cb-0475-4085-ae79-d4ec2253a034,true,768,true,"v","v",".","."
5199,PASS,224,224,true,1b834e23-3d3b-4b49-af1f-8e7dc389df07,true,768,true,"all","all",""","""
5200,PASS,280,280,true,f06b4648-9d77-4cf7-a7ad-774214d36330,true,768,true,"v","v","and","and"
5201,PASS,422,422,true,6ada2ae1-2d5a-454b-ad6f-43239b1cf21b,true,768,true,"death","death",""","""
5202,PASS,314,314,true,8d001a8d-bbb7-473a-a42e-515a2e01b2cc,true,768,true,"v","v","whose","whose"
5203,PASS,358,358,true,2db71d72-4ca9-4c99-9358-e6d113a475b6,true,768,true,"essential","essential",""","""
5204,PASS,270,270,true,91bd2ecd-a148-44c0-8389-698346751667,true,768,true,"b","b",".","."
5205,PASS,375,375,true,a0206bc1-b080-4be6-8eeb-30df3fcc7061,true,768,true,"the","the","'","'"
5206,PASS,293,293,true,3dd0c91b-98ef-4a08-90c4-04eb26f3b091,true,768,true,"y","y","progeny","progeny"
5207,PASS,148,148,true,6300cbe1-7d71-49dd-ad57-1da66d00f6b9,true,768,true,"was","was","'","'"
5208,PASS,314,314,true,2403565e-a454-45a2-aead-ba4561611cde,true,768,true,"s","s","that","that"
5209,PASS,168,168,true,125abd29-636e-42c0-9d8a-ba701fa4e8f8,true,768,true,"all","all",""","""
5210,PASS,341,341,true,e8cd8b16-5828-49d9-8f44-9c34c95c0540,true,768,true,"n","n","her","her"
5211,PASS,521,521,true,3cbb1be5-07c0-4ce7-81a9-08993d9d46a7,true,768,true,"so","so","'","'"
5212,PASS,394,394,true,f3e896bd-c1eb-404b-a3f4-1052de763d4d,true,768,true,"brahma","brahma","'","'"
5213,PASS,338,338,true,3ecd4c1a-22f3-453c-bc47-917a30d23abf,true,768,true,"y","y","is","is"
5214,PASS,466,466,true,444352cf-7b99-4947-a546-0a6181f9135c,true,768,true,"himself","himself",".","."
5215,PASS,65,65,true,db26189b-4442-4224-85ce-94dbcbff51e6,true,768,true,"once","once","'","'"
5216,PASS,288,288,true,167f2dbf-5640-4219-ab45-ef0cbe8dc995,true,768,true,"y","y","duties","duties"
5217,PASS,485,485,true,e358c1f0-467c-4d9f-b32c-67813de35866,true,768,true,"in","in","the","the"
5218,PASS,29,29,true,530e0a81-f53c-4f64-81af-52216eea4bb5,true,768,true,"ancient","ancient","'","'"
5219,PASS,331,331,true,9fe8c2f2-5b7a-4872-96ab-4c1827b1f991,true,768,true,"b","b","travelled","travelled"
5220,PASS,506,506,true,6b6e4b21-db24-44b5-8d35-a4d25dcf9d8b,true,768,true,"with","with","by","by"
5221,PASS,522,522,true,f980bd04-b8e1-494e-88ca-0f046708f8f5,true,768,true,"themselves","themselves",""","""
5222,PASS,304,304,true,d666ddcc-5948-4ba0-9cf8-3699a037c731,true,768,true,"b","b",".","."
5223,PASS,527,527,true,26a42e35-3be3-4770-ad5e-742726b382e8,true,768,true,"my","my","of","of"
5224,PASS,488,488,true,4c683b80-a113-4575-a3f7-1e23d9cc5b88,true,768,true,"their","their",".","."
5225,PASS,483,483,true,7435d488-e66b-47fc-91c4-bc19b9bc4cd5,true,768,true,"such","such",""","""
5226,PASS,316,316,true,f105ddc8-71bb-46b3-bcff-ffbe92fe0d3d,true,768,true,"j","j","that","that"
5227,PASS,503,503,true,046ac2da-d5f9-4c06-bb7d-7c08be45e2e3,true,768,true,"the","the",",",","
5228,PASS,483,483,true,60a67acc-67dd-464a-814f-fa44b5db80c8,true,768,true,"o","o",".","."
5229,PASS,497,497,true,4f6eb786-a287-4073-806d-07872381adfe,true,768,true,"those","those","who","who"
5230,PASS,55,55,true,7b386056-7360-46b5-9c73-dd392a43efd5,true,768,true,"observes","observes","'","'"
5231,PASS,297,297,true,4b34646a-b098-433e-83a3-c490ac257962,true,768,true,"t","t","a","a"
5232,PASS,495,495,true,24a6bac4-665a-42f4-a558-8e8524c1962f,true,768,true,"defect","defect","'","'"
5233,PASS,286,286,true,8a221625-a0a9-4d0f-b3dd-b0916af81210,true,768,true,"b","b","not","not"
5234,PASS,161,161,true,1ccc4d81-fb73-4cc7-8aaa-4732412c427e,true,768,true,"sanctioned","sanctioned","'","'"
5235,PASS,275,275,true,ca254154-f899-4509-a2ca-08498ee6ce5a,true,768,true,"y","y","never","never"
5236,PASS,513,513,true,8a902ea5-cde3-4a6d-a10a-4abdffe2d15c,true,768,true,"embarking","embarking",".","."
5237,PASS,513,513,true,9464f729-31cd-48a9-ab85-e90f0ec818d2,true,768,true,"as","as",".","."
5238,PASS,540,540,true,c617d20c-2c99-4dc3-9364-789e337560d5,true,768,true,"it","it","my","my"
5239,PASS,528,528,true,e21772df-520e-46d0-a8bb-2bd60ccaa511,true,768,true,"wife","wife","sinful","sinful"
5240,PASS,205,205,true,dd91152c-5f54-49bc-b9e6-246027ce5731,true,768,true,"actions","actions","'","'"
5241,PASS,285,285,true,6b7a6d6b-bd42-4347-af39-ae3b233c6e1a,true,768,true,"y","y",".","."
5242,PASS,471,471,true,de659a97-5bb3-48d8-8f71-a4b9a83da6b7,true,768,true,"without","without","by","by"
5243,PASS,474,474,true,8fcc9182-d7ba-4af0-b1aa-1f7f314f286a,true,768,true,"spirits","spirits","'","'"
5244,PASS,304,304,true,edc9621b-6f65-4376-af10-756cfe0f6150,true,768,true,"y","y","the","the"
5245,PASS,510,510,true,a46f4afb-55bc-4e4b-86c8-2540be8f248d,true,768,true,"paramatman","paramatman","and","and"
5246,PASS,473,473,true,dd0e7bf5-b55b-40d9-8ccf-aa9b2c3abc73,true,768,true,"kaala","kaala",""","""
5247,PASS,278,278,true,846c9750-1028-43a9-8d65-b7ee0c6b3b5e,true,768,true,"k","k","domestic","domestic"
5248,PASS,519,519,true,190ded99-c7cc-40be-a912-968750bffd20,true,768,true,"life","life","?","?"
5249,PASS,484,484,true,640dbd43-7b75-46cc-8ba1-ee845196a13c,true,768,true,"those","those","created","created"
5250,PASS,508,508,true,bf112521-ee9a-4870-9eea-52cafe81a601,true,768,true,"things","things","the","the"
5251,PASS,490,490,true,188e7592-2b1b-434f-b823-1282cd79e764,true,768,true,"agamas","agamas","every","every"
5252,PASS,519,519,true,d18efe32-4f81-418f-9103-07cd0705ce58,true,768,true,"side","side",".","."
5253,PASS,136,136,true,15c054cb-7547-4de6-b61c-6ae04b415992,true,768,true,"if","if",""","""
5254,PASS,281,281,true,c1d68e9b-494b-49e0-8be3-e0b67e034db4,true,768,true,"k","k",".","."
5255,PASS,477,477,true,b9ddfe3e-bd11-4e04-a7b2-aaec67bd3cd5,true,768,true,"there","there","wrath","wrath"
5256,PASS,488,488,true,027ac6f9-42a2-4ca5-bae7-084dd8c52b3e,true,768,true,"and","and",""","""
5257,PASS,492,492,true,62662b31-19cd-4b80-850d-4e5de2a45350,true,768,true,"kapila","kapila","of","of"
5258,PASS,49,49,true,9c43b28c-a166-4cff-bee3-fb708287ff5b,true,768,true,"desire","desire",""","""
5259,PASS,281,281,true,5b92efa8-965b-4c5c-a41a-69cdb651654c,true,768,true,"y","y",".","."
5260,PASS,456,456,true,ed5c42bb-85bd-4423-8ad9-45f33e3df583,true,768,true,"worshipped","worshipped","let","let"
5261,PASS,460,460,true,0a2181aa-fad2-4c4e-9583-b5b2d66e71c6,true,768,true,"dharma","dharma","o","o"
5262,PASS,436,436,true,d35ceeac-b893-4ff6-9339-23511a658d26,true,768,true,"bhaarata","bhaarata","'","'"
5263,PASS,278,278,true,33d7a43d-8682-4c09-af3d-1af7b97654bf,true,768,true,"y","y","rightful","rightful"
5264,PASS,479,479,true,d92dc6b5-b999-42b1-8ced-35ee3bc43722,true,768,true,"seat","seat","was","was"
5265,PASS,64,64,true,69ef63ba-59a3-45a5-a1ee-c4d8937a4103,true,768,true,"as","as","'","'"
5266,PASS,308,308,true,e3728cd0-d6d5-4e66-bde3-091e3c87127f,true,768,true,"y","y",".","."
5267,PASS,463,463,true,b54d0b48-f2e0-42b7-af58-96452eb81a23,true,768,true,"his","his","'","'"
5268,PASS,297,297,true,411c0ed7-d6cb-47d4-8302-f8ee5e726709,true,768,true,"y","y",".","."
5269,PASS,341,341,true,71443899-e182-47d4-ab2d-6d460236e91c,true,768,true,"through","through","'","'"
5270,PASS,302,302,true,0426ac45-8e79-4363-94e1-62f7f19a5fea,true,768,true,"b","b","essences","essences"
5271,PASS,496,496,true,7caa86a3-7faf-420f-bfc4-1efc9e341f3b,true,768,true,"are","are",".","."
5272,PASS,486,486,true,0ededb72-8b36-4658-afcb-210b2cbc926b,true,768,true,"in","in",".","."
5273,PASS,34,34,true,db01eed7-7754-4b06-aed5-b81f601cb441,true,768,true,"the","the",""","""
5274,PASS,305,305,true,c780b9ea-c23a-45b8-95fb-d5b55f925172,true,768,true,"y","y",".","."
5275,PASS,109,109,true,3e986da2-1448-4ce5-aaf3-b229668ffae6,true,768,true,"foolish","foolish","'","'"
5276,PASS,297,297,true,2cd11027-7644-45e2-b7f2-bea25d4c5e6b,true,768,true,"y","y",""","""
5277,PASS,527,527,true,0ef78e48-7bdb-4882-bbb3-cc3748f55240,true,768,true,"the","the","can","can"
5278,PASS,498,498,true,762cf554-6287-48e3-9f69-ed63a9dfc69e,true,768,true,"you","you",""","""
5279,PASS,35,35,true,89de78f8-738c-4ef7-a3a0-a201593ff655,true,768,true,"the","the","'","'"
5280,PASS,296,296,true,9e8d62cc-2c92-476f-b5b0-4ab239f4dd55,true,768,true,"y","y",".","."
5281,PASS,482,482,true,aae9c492-0968-49f6-9bc5-4fc7cedf96f7,true,768,true,"the","the","for","for"
5282,PASS,58,58,true,b0e5d450-650c-47d2-87e9-021d60f83bbe,true,768,true,"the","the","'","'"
5283,PASS,303,303,true,ddfb03e5-abf0-457c-8709-6e54c5aab4da,true,768,true,"y","y",".","."
5284,PASS,492,492,true,da4f8de5-7880-41c1-a6b0-f332b0737be1,true,768,true,"the","the",""","""
5285,PASS,353,353,true,4855d422-ba11-406f-85af-c77560e90436,true,768,true,"thereupon","thereupon","'","'"
5286,PASS,301,301,true,306ac938-1156-41f2-b923-2b81eb9937dc,true,768,true,"'","'","his","his"
5287,PASS,519,519,true,7a5847b6-71c0-4917-8228-5b5ed00cff00,true,768,true,"mind","mind",".","."
5288,PASS,523,523,true,f1e595cf-d3a9-4a38-b370-f3875b038f8a,true,768,true,"he","he",".","."
5289,PASS,516,516,true,dcfff7a0-701e-421d-8aa4-b463d251eca2,true,768,true,"it","it",".","."
5290,PASS,477,477,true,4437b9b2-e58f-4fa6-a9e2-b50a75443601,true,768,true,"wishful","wishful",".","."
5291,PASS,486,486,true,19cb2217-cd61-4e38-941e-b657caa37caf,true,768,true,"when","when","no","no"
5292,PASS,420,420,true,a35d66af-3b1f-49cb-b1cd-376c17e1f9be,true,768,true,"deterioration","deterioration","'","'"
5293,PASS,309,309,true,c8a08dfb-3d17-472f-9ae9-81d2979a5691,true,768,true,"y","y","of","of"
5294,PASS,529,529,true,9f6d2c71-1e96-49c5-b305-7b559646c9a9,true,768,true,"kuru","kuru",""","""
5295,PASS,310,310,true,191740a7-eac8-4e18-af3a-40594d759a18,true,768,true,"maheswara","maheswara","'","'"
5296,PASS,308,308,true,505f9439-9eeb-4143-80e4-51921c5a61cc,true,768,true,"b","b","from","from"
5297,PASS,513,513,true,9a58a01c-bf96-43be-9b55-9237b399385d,true,768,true,"vritra","vritra","of","of"
5298,PASS,512,512,true,fd2ed148-57d9-4ef3-9e99-3e0e8b140f17,true,768,true,"brahmahatya","brahmahatya",""","""
5299,PASS,414,414,true,5e3e271a-81a6-4a1b-97e8-6aea0b7d3980,true,768,true,"the","the","'","'"
5300,PASS,281,281,true,91f387ed-40f0-431d-a188-d64966c5f3af,true,768,true,"y","y",".","."
5301,PASS,517,517,true,afdeb564-20e8-4e5b-a358-8c78f69ffccf,true,768,true,"a","a",".","."
5302,PASS,551,551,true,9f406a07-7d7e-4ae7-bd90-f2daa4398e76,true,768,true,"as","as","of","of"
5303,PASS,267,267,true,99b8642c-5cb8-4fb2-8dec-8e53901f6a1e,true,768,true,"the","the","'","'"
5304,PASS,290,290,true,2987dfa9-d93b-4f15-8d42-28836f97d861,true,768,true,"y","y","the","the"
5305,PASS,497,497,true,4e0a2038-115d-4fbb-aaa4-6fb1ecfb409d,true,768,true,"sacrifice","sacrifice","by","by"
5306,PASS,474,474,true,7ac22c54-aed8-4432-9bc8-27a6b2ce96b7,true,768,true,"means","means",".","."
5307,PASS,473,473,true,db858df8-ee8c-4750-9757-16b50afd5bd1,true,768,true,"the","the",".","."
5308,PASS,483,483,true,4640fc90-6902-4c66-b744-2e6edc7548b3,true,768,true,"because","because","sacrificial","sacrificial"
5309,PASS,291,291,true,39e2cde3-be18-4266-9e0a-f2374bd1b646,true,768,true,"fire","fire","'","'"
5310,PASS,306,306,true,644112d4-b24a-467c-bf43-10c71107ae70,true,768,true,"y","y",".","."
5311,PASS,521,521,true,f72363f7-1a7b-417b-84f9-1d2136873e44,true,768,true,"o","o","are","are"
5312,PASS,518,518,true,eb01fb2d-9683-4830-89dc-4d71dfefdc25,true,768,true,"unshakeable","unshakeable","not","not"
5313,PASS,556,556,true,0375261d-bc21-4d3f-9f74-3cd4f30f32f4,true,768,true,"perceptible","perceptible","your","your"
5314,PASS,535,535,true,da24aef4-f4f2-4cb9-9a17-332233fd1b0a,true,768,true,"chariot","chariot",".","."
5315,PASS,525,525,true,8d8be891-d400-41a0-b619-c4abd204561c,true,768,true,"you","you","are","are"
5316,PASS,524,524,true,15766bc4-699e-4ad0-8ba6-433f5df5e405,true,768,true,"the","the",".","."
5317,PASS,534,534,true,6af33ea9-1caa-4b82-9eab-de9dd00a3af7,true,768,true,"you","you","abode","abode"
5318,PASS,499,499,true,4586090a-6b31-4f7c-8f42-e3e7306cd842,true,768,true,"is","is","of","of"
5319,PASS,480,480,true,58d90a90-fa9d-4e5e-bc01-de3e05e86316,true,768,true,"water","water","faith","faith"
5320,PASS,501,501,true,b32166ff-7212-49ab-aaaa-fdb93bb638f7,true,768,true,"from","from",",",","
5321,PASS,4,4,true,907e0e0c-7f85-4ebf-bb45-ae987fabc314,true,768,true,"affirms","affirms","'","'"
5322,PASS,281,281,true,cd15e46b-6d90-4c24-902a-98b200f80bdf,true,768,true,"y","y",".","."
5323,PASS,518,518,true,445e48d9-391d-4b0f-8cc9-4ce720c7acfb,true,768,true,"the","the",",",","
5324,PASS,473,473,true,a4c0b321-b819-45c6-b999-9af2cdd0beba,true,768,true,"heedlessness","heedlessness","difficult","difficult"
5325,PASS,203,203,true,2f0cb0a2-ec73-4eb9-b6cc-11999be40b59,true,768,true,"problem","problem","'","'"
5326,PASS,320,320,true,1abc54ac-d520-47e1-a090-4adea54c4935,true,768,true,"y","y","!","!"
5327,PASS,423,423,true,a53349b3-44c6-42ab-9738-22242f2e8d7c,true,768,true,"when","when",""","""
5328,PASS,264,264,true,f92888bc-87cf-4b9e-8716-0971a12092c8,true,768,true,"y","y",".","."
5329,PASS,490,490,true,bf396b9b-463e-482a-96ef-5c4902e07b82,true,768,true,"if","if","righteous","righteous"
5330,PASS,425,425,true,f70d2f3d-3df3-47b3-8b5a-a7a0b85a5c2d,true,768,true,"acquire","acquire","?","?"
5331,PASS,403,403,true,c6109036-dec8-4821-8957-7f3236f6e771,true,768,true,"what","what","'","'"
5332,PASS,293,293,true,bc343e63-c5d9-4f2f-b1bf-28fdc40cdb94,true,768,true,"y","y","your","your"
5333,PASS,479,479,true,da822249-6abd-4ebd-9faf-a7412beb2ebd,true,768,true,"effortless","effortless",",",","
5334,PASS,473,473,true,be335e11-9f3d-406a-9c9b-b7ad6a7a93f5,true,768,true,"from","from",""","""
5335,PASS,23,23,true,3f30febc-bd54-40c2-95aa-ab722ec713e1,true,768,true,"sagara","sagara","'","'"
5336,PASS,316,316,true,919649e9-36dd-4bf0-b887-b6c72c0467cc,true,768,true,"y","y","he","he"
5337,PASS,476,476,true,420c3c66-03a2-4da8-9810-345e3649eb09,true,768,true,"shouted","shouted",".","."
5338,PASS,125,125,true,509139c2-bd95-42b9-97f1-299ded56ccf9,true,768,true,"devi","devi","'","'"
5339,PASS,305,305,true,afeef627-e60d-48f2-aa9a-a1c36cbc4e6d,true,768,true,"y","y",".","."
5340,PASS,493,493,true,0118446b-7a2b-41b6-b35d-6085805b52f6,true,768,true,"nothing","nothing","every","every"
5341,PASS,93,93,true,861f9fbb-9da4-40b0-af30-b21b3ddfcca7,true,768,true,"kind","kind",""","""
5342,PASS,289,289,true,d0976f2b-1be5-436b-a106-be7e94d2c893,true,768,true,"p","p","this","this"
5343,PASS,436,436,true,58e30c23-7928-48af-a8e8-e80d9dd1f4af,true,768,true,"world","world",""","""
5344,PASS,321,321,true,d34abe64-4319-4125-8070-119fd84d0d3c,true,768,true,"p","p","to","to"
5345,PASS,406,406,true,ca636654-c45e-4c52-a265-d94013558049,true,768,true,"vedic","vedic",""","""
5346,PASS,295,295,true,7aa7e423-e3d5-4592-912c-fe254d480da7,true,768,true,"p","p",".","."
5347,PASS,334,334,true,bd5c3c11-ec0a-4021-a621-2fab758f82de,true,768,true,"the","the",""","""
5348,PASS,303,303,true,62d46bfc-9ccc-4618-95b6-708b393b13a2,true,768,true,"p","p","with","with"
5349,PASS,489,489,true,83bd1b9a-2912-4c36-9343-db652e7c2b39,true,768,true,"propriety","propriety","your","your"
5350,PASS,165,165,true,c9a70867-535a-422f-835d-3772ddba0608,true,768,true,"subjects","subjects",""","""
5351,PASS,289,289,true,3782d7fb-ee78-4254-bb5d-533065050a63,true,768,true,"p","p",".","."
5352,PASS,478,478,true,653bd640-7242-4634-b504-d15d1c768be8,true,768,true,"true","true",".","."
5353,PASS,335,335,true,8a780cb2-2fc1-476b-8276-b8a7064ee2ec,true,768,true,"notice","notice",""","""
5354,PASS,301,301,true,05804a98-cd13-46f0-ba36-3e5a77aab95a,true,768,true,"j","j",""","""
5355,PASS,486,486,true,369e278d-8974-4712-b1a6-25f36373286f,true,768,true,"janaka","janaka","flow","flow"
5356,PASS,353,353,true,ef653e2b-de3e-48d9-bbb0-099d567285d3,true,768,true,"from","from",""","""
5357,PASS,320,320,true,76917122-6fd4-4f99-ba8b-fbf542fa2f76,true,768,true,"p","p","birth","birth"
5358,PASS,496,496,true,06176a0b-0666-43d0-848d-7143559910bb,true,768,true,"and","and",",",","
5359,PASS,499,499,true,a4e1df7b-932d-4df6-95ad-c4634ab3f089,true,768,true,"there","there",".","."
5360,PASS,149,149,true,bf0cd243-b8fb-43ad-9e95-0c9d4ecb984e,true,768,true,"repairing","repairing",""","""
5361,PASS,269,269,true,e56e4875-1cf9-4e15-a8d4-5a12efd1f5f9,true,768,true,"b","b",".","."
5362,PASS,452,452,true,4a49c72c-b98f-40d6-9ed9-ff4007511353,true,768,true,"fruits","fruits",".","."
5363,PASS,477,477,true,af7ed52f-e6d2-4833-9c01-48c81368d657,true,768,true,"as","as","next","next"
5364,PASS,252,252,true,6d9e880e-751b-458a-b95d-eb0750747a80,true,768,true,"world","world","'","'"
5365,PASS,330,330,true,949140c3-42d5-4eb9-846e-5bbd035492c1,true,768,true,"y","y",".","."
5366,PASS,485,485,true,0b08a276-1734-4c02-bdac-072fb0d5d15f,true,768,true,"if","if",".","."
5367,PASS,497,497,true,633292e6-5de1-4fe7-80f5-8781c0c7054b,true,768,true,"the","the","themselves","themselves"
5368,PASS,424,424,true,b01bbbbd-d134-499f-aa44-ea0ff936dbd5,true,768,true,"from","from","'","'"
5369,PASS,273,273,true,1e9484dc-c2aa-4cf7-8390-fd953e7f0476,true,768,true,"y","y",".","."
5370,PASS,496,496,true,0becfa30-26a9-4100-83cc-deca53bfb393,true,768,true,"both","both","sun","sun"
5371,PASS,488,488,true,1c214d12-05b0-4e65-80fb-5a67653db458,true,768,true,"withdraws","withdraws","idleness","idleness"
5372,PASS,478,478,true,a1ec65af-812b-45ea-a745-14e78e2eacdd,true,768,true,"that","that","'","'"
5373,PASS,167,167,true,4b92e973-6c94-4e34-8f76-b3bbcdb72b5d,true,768,true,"endnotes","endnotes","feathers","feathers"
5374,PASS,270,270,true,3a5da047-08d5-41ab-a659-e75a8d06a7c2,true,768,true,"16","16","bull","bull"
5375,PASS,259,259,true,e855d5f2-2c99-4480-98b9-798a5ece27fd,true,768,true,"nama","nama","saturn","saturn"
5376,PASS,276,276,true,46e54a67-b960-44f5-88a2-6e1e5e5b5205,true,768,true,"66","66","hands","hands"
5377,PASS,284,284,true,3f92a86e-f7d7-41d0-a25b-9019c8e37acf,true,768,true,"92","92","light","light"
5378,PASS,277,277,true,55227925-16e2-424e-80cc-0a0be559e663,true,768,true,"nama","nama","anger","anger"
5379,PASS,257,257,true,76d4e0e9-ca30-492e-9919-3062c6ce0769,true,768,true,"nama","nama","reach","reach"
5380,PASS,241,241,true,93553ee8-30ab-496d-97be-53b15f8c3b34,true,768,true,"170","170","happy","happy"
5381,PASS,263,263,true,dfbc92bb-7673-41cb-a203-035a314ea9c3,true,768,true,"194","194","to","to"
5382,PASS,268,268,true,37d29644-808d-4430-b775-a1501f8d08d4,true,768,true,"nama","nama","hand","hand"
5383,PASS,260,260,true,f594e765-aac3-4055-9957-4e89ef77f92c,true,768,true,"238","238",".","."
5384,PASS,264,264,true,ac870327-b2b7-4c14-abfb-fc13d87e04cc,true,768,true,"261","261","gold","gold"
5385,PASS,242,242,true,4d79d0f0-6119-4dee-bfb5-dfb6371fa7cd,true,768,true,"282","282","the","the"
5386,PASS,267,267,true,8f03a864-826b-4738-9c16-7b28ba6a7bf6,true,768,true,"nama","nama","citizens","citizens"
5387,PASS,272,272,true,407bb6d9-2868-4afc-9936-cd9d2001efff,true,768,true,"330","330","function","function"
5388,PASS,260,260,true,7b63c207-b143-4ed0-b113-2b554731b5db,true,768,true,"354","354","knowledge","knowledge"
5389,PASS,248,248,true,333ef867-953b-44e0-9ff2-240b6c57e446,true,768,true,"376","376","epics","epics"
5390,PASS,260,260,true,aba97838-7887-4072-92b7-3d0adc751298,true,768,true,"399","399","mirror","mirror"
5391,PASS,250,250,true,199ba194-b0b9-4d57-b79c-ecc828e88293,true,768,true,"425","425","himself","himself"
5392,PASS,268,268,true,8942a867-f07f-4c39-aadb-6fdf94e3da79,true,768,true,"448","448","head","head"
5393,PASS,292,292,true,e8ceedd6-bf91-4a44-9bde-35b0cee86f79,true,768,true,"nama","nama","tree","tree"
5394,PASS,250,250,true,11c4a73f-84a0-4fbb-a034-47c9d9509da5,true,768,true,"500","500","universe","universe"
5395,PASS,259,259,true,018a2105-16e4-4237-8a8c-39c91f136f43,true,768,true,"525","525","everywhere","everywhere"
5396,PASS,268,268,true,8ae9bca8-6a05-476b-b94d-be4fb35d70a7,true,768,true,"547","547","speech","speech"
5397,PASS,274,274,true,fac14d51-6bc8-424a-a15f-91708a02438d,true,768,true,"572","572","incisors","incisors"
5398,PASS,289,289,true,ae86d002-4b19-4e18-9d45-cea55a2e8de8,true,768,true,"nama","nama","ishnu","ishnu"
5399,PASS,297,297,true,734c274d-8905-4f42-8b2a-2030172468af,true,768,true,"622","622","strength","strength"
5400,PASS,253,253,true,184d8e25-085e-4a27-a801-646397963b2c,true,768,true,"644","644","plenty","plenty"
5401,PASS,300,300,true,20e452a6-f8b3-4538-9e19-dbfa7100ca68,true,768,true,"666","666","the","the"
5402,PASS,244,244,true,7d06c30b-b61c-41ee-94ea-716083b2b71a,true,768,true,"form","form","earth","earth"
5403,PASS,265,265,true,c43c3918-6d66-402f-a81e-e2b81aeba510,true,768,true,"710","710","salvation","salvation"
5404,PASS,286,286,true,5c609eea-d187-43ad-b55e-162e5080da78,true,768,true,"735","735","chariot","chariot"
5405,PASS,285,285,true,ce3f0687-2a7c-4273-bb9b-8e5b5bdd1a46,true,768,true,"yogine","yogine","yoga","yoga"
5406,PASS,302,302,true,4f420b71-fbfd-4a33-b954-4878e75c152d,true,768,true,"786","786","everything","everything"
5407,PASS,268,268,true,ff2dfd93-5d16-4535-b3a6-5260af1e0596,true,768,true,"813","813","directions","directions"
5408,PASS,267,267,true,f9ac31d4-8779-4692-9e71-533ba80e9514,true,768,true,"837","837","edas","edas"
5409,PASS,264,264,true,03c54893-c7f8-4dcc-be40-afed5bd6c721,true,768,true,"861","861","forms","forms"
5410,PASS,272,272,true,32c65978-b7db-4523-8007-b8a2ff479847,true,768,true,"883","883","purusha","purusha"
5411,PASS,264,264,true,63bba9c9-7f14-47e8-b6d1-c660fbcea2b3,true,768,true,"which","which","heaven","heaven"
5412,PASS,249,249,true,9736ba7c-0ff6-45b2-a0e7-a91e51d034c9,true,768,true,"928","928","universe","universe"
5413,PASS,278,278,true,c5ff49eb-a63f-4199-ac22-eba3f5cd2190,true,768,true,"949","949","diamond","diamond"
5414,PASS,262,262,true,95505975-b389-4084-b83b-477196d358c5,true,768,true,"973","973","people","people"
5415,PASS,304,304,true,3277aea1-6341-49f5-88dc-2771a3bcc3a1,true,768,true,"nama","nama",";",";"
5416,PASS,422,422,true,e51d6cff-b748-431f-bb04-51e2bf76eac8,true,768,true,"vishva","vishva",";",";"
5417,PASS,447,447,true,7d360c60-5231-4fc4-a261-1cde48126323,true,768,true,"sulabha","sulabha",";",";"
5418,PASS,419,419,true,becb8222-00ac-4d2f-81f1-10dc4c54f887,true,768,true,"subrahmanya","subrahmanya",";",";"
5419,PASS,409,409,true,c7cb9b1c-1824-49a6-911d-a1778bc28e07,true,768,true,"vishvabhojana","vishvabhojana",";",";"
5420,PASS,415,415,true,1559892f-3884-4adc-af75-2cde5294a666,true,768,true,"chandrasanjivana","chandrasanjivana",".","."
5421,PASS,250,250,true,e29b1910-f8af-4311-9852-f5a3cc7f8bd3,true,768,true,"what","what","antra","antra"
5422,PASS,270,270,true,0356c419-d92b-4f6a-b1b6-f98626deb944,true,768,true,"the","the",".","."
5423,PASS,268,268,true,ed4ad3ac-8978-4846-b967-aa7b7332235c,true,768,true,"acknowledgements","acknowledgements",".","."
5424,EMPTY_PAGE,0,0,true,,false,,false,"","","",""
5425,PASS,8,8,true,2ba0ef21-250b-4741-b1d6-59be84e65c50,true,768,true,"the","the","parva","parva"
5426,EMPTY_PAGE,0,0,true,,false,,false,"","","",""
5427,EMPTY_PAGE,0,0,true,,false,,false,"","","",""
5428,PASS,131,131,true,4a3ef16a-27af-4a9b-8a7a-cdc335713051,true,768,true,"for","for",".","."
5429,PASS,12,12,true,34bdf432-7581-4b68-bd4f-31cd5b81f319,true,768,true,"contents","contents","acknowledgements","acknowledgements"
5430,PASS,4,4,true,0bf6230e-d8ce-49c0-a815-c44182662b67,true,768,true,"part","part","parva","parva"
5431,PASS,347,347,true,260a7a4f-13e7-41b8-943f-65f73c951271,true,768,true,""",""",",",","
5432,PASS,498,498,true,4c56b73d-2606-4363-8cda-412c60ad9162,true,768,true,"has","has","the","the"
5433,PASS,460,460,true,d058e598-0be6-4117-8315-a21575c07080,true,768,true,"miseries","miseries","the","the"
5434,PASS,499,499,true,dd0e326b-7279-4c79-b2c3-21a9ca3b7b79,true,768,true,"moon","moon",".","."
5435,PASS,454,454,true,098542b2-68c6-4989-9570-65f27db590ef,true,768,true,"the","the",".","."
5436,PASS,480,480,true,1c466910-c456-4dbf-a77f-3f75a279a529,true,768,true,"through","through",".","."
5437,PASS,462,462,true,116c266e-2198-47a3-9b1a-6095f182a4ec,true,768,true,"at","at",".","."
5438,PASS,421,421,true,85396dce-0743-443c-b3a7-95cc95a3c622,true,768,true,"son","son",""","""
5439,PASS,331,331,true,bfbfee81-299f-4d2f-8169-9adf04e9225f,true,768,true,""",""","want","want"
5440,PASS,462,462,true,baec2a38-b5fa-4e5c-bed0-109fca543a2a,true,768,true,"to","to","ignorance","ignorance"
5441,PASS,537,537,true,46c1ee2a-4856-4625-a794-133f98968ac8,true,768,true,"and","and",",",","
5442,PASS,415,415,true,06b67449-e37b-40f9-a39b-1a8c548ec3f0,true,768,true,"therefore","therefore","'","'"
5443,PASS,325,325,true,50d476d1-b215-4934-8592-01c4a62f5071,true,768,true,"b","b",".","."
5444,PASS,524,524,true,7fae31e1-d655-49bb-afa3-b63ae8a648b1,true,768,true,"at","at","and","and"
5445,PASS,462,462,true,ac9e9ac8-ad33-48a9-aa67-a59828abbf00,true,768,true,"vaisyas","vaisyas","awaits","awaits"
5446,PASS,508,508,true,5d6a58f4-bed2-4433-a48e-f53c20180f97,true,768,true,"all","all",".","."
5447,PASS,197,197,true,0df88c61-1780-4fa4-aa01-76bcc1daead2,true,768,true,"without","without","'","'"
5448,PASS,359,359,true,4e6ebf06-6435-4f4b-89f3-85bda4e98f9c,true,768,true,"b","b",".","."
5449,PASS,116,116,true,34d2af6d-68f9-4620-abb7-7038675ff683,true,768,true,"the","the","'","'"
5450,PASS,351,351,true,39417d0b-8c53-44d6-adf0-0befa421837c,true,768,true,"'","'",".","."
5451,PASS,456,456,true,5ffe53ed-2b32-4632-ab61-3d43e718cd5a,true,768,true,"however","however","the","the"
5452,PASS,459,459,true,092aa782-a5e8-4610-94aa-910b4a22070f,true,768,true,"appearance","appearance","there","there"
5453,PASS,60,60,true,5e9322ff-4d49-430a-a1f3-311565edb16a,true,768,true,"are","are","'","'"
5454,PASS,344,344,true,54fc8569-4a85-42f7-acd6-6f060d932e9e,true,768,true,"'","'",",",","
5455,PASS,511,511,true,d91a899c-7513-438e-9082-7ffafdced2d0,true,768,true,"which","which",".","."
5456,PASS,473,473,true,9e0dcdeb-3754-4662-b105-98230fc55eab,true,768,true,"i","i",".","."
5457,PASS,452,452,true,a5d447a2-6501-4601-a0b0-5e3868be4313,true,768,true,"thus","thus",".","."
5458,PASS,51,51,true,172fa7dc-6dc1-492e-af03-e480627b450d,true,768,true,"all","all","'","'"
5459,PASS,329,329,true,ef01583f-9e92-4d50-ad07-380e6c75d1ee,true,768,true,"'","'",".","."
5460,PASS,476,476,true,53c57a3f-f6a8-4cc7-9263-ed1446e7dba9,true,768,true,"i","i",".","."
5461,PASS,483,483,true,33ea95c2-6827-475e-9190-97cb140e056c,true,768,true,"through","through",".","."
5462,PASS,450,450,true,afc704da-1f69-433d-b213-efe4d3818f20,true,768,true,"only","only","'","'"
5463,PASS,314,314,true,58937f12-45f8-4c7a-bd61-b898171adfd5,true,768,true,"b","b",",",","
5464,PASS,481,481,true,141091e5-e337-4844-9fb7-e5041307b8c9,true,768,true,"however","however","pure","pure"
5465,PASS,457,457,true,3893c8a5-aa04-41b1-b3ab-fdb6024ab4ca,true,768,true,"intelligence","intelligence","of","of"
5466,PASS,482,482,true,ebc035ea-2ca5-4316-9cc0-573fddb03afc,true,768,true,"pure","pure",".","."
5467,PASS,496,496,true,9805ecd7-0e68-485f-a4ef-a535043abce7,true,768,true,"seeing","seeing","into","into"
5468,PASS,31,31,true,104d22d7-3a28-46fb-887d-a7ec4e9aad5b,true,768,true,"that","that","'","'"
5469,PASS,361,361,true,209c855c-ece8-4eb3-bc8e-bb541a4d5f5d,true,768,true,""",""","regarded","regarded"
5470,PASS,470,470,true,a0464963-87da-44ef-96c7-1eb9a29e6cbc,true,768,true,"not","not",".","."
5471,PASS,156,156,true,a635c2cb-5cb6-4840-a5dc-9be8a89b2535,true,768,true,"he","he",""","""
5472,PASS,319,319,true,f4260a0e-ff6b-4ea4-a2c1-8c7516387a7c,true,768,true,"y","y","the","the"
5473,PASS,497,497,true,c55301e2-c605-4440-9027-13905284b131,true,768,true,"manifest","manifest","flowing","flowing"
5474,PASS,71,71,true,98a7ae6b-9191-4120-82b2-2e05e8ed928d,true,768,true,"downwards","downwards","'","'"
5475,PASS,305,305,true,4a4b5b62-c8ce-4b3c-b408-0026bb715497,true,768,true,"'","'",".","."
5476,PASS,344,344,true,291f2923-e36c-407a-a18c-188aa279b97e,true,768,true,"the","the","'","'"
5477,PASS,318,318,true,7bc57568-7609-4bcd-886a-bbd18f9bd212,true,768,true,"'","'",".","."
5478,PASS,238,238,true,64c19e3f-36fe-4942-a85c-fa3a80dcd652,true,768,true,"then","then","'","'"
5479,PASS,328,328,true,222109c1-8ae9-4540-a30c-423b8ea4d08f,true,768,true,"'","'","the","the"
5480,PASS,446,446,true,5ab10068-72a0-43b6-b709-ba4eb11873e8,true,768,true,"paramatman","paramatman","of","of"
5481,PASS,26,26,true,04283e93-c76b-4d5a-90b7-648ea6efd903,true,768,true,"purer","purer","'","'"
5482,PASS,325,325,true,012ac26a-c533-4259-8c9a-82bfc390d8c3,true,768,true,"'","'",",",","
5483,PASS,335,335,true,1d3444ea-fb94-4092-858b-c4d3e41674c0,true,768,true,"men","men","'","'"
5484,PASS,332,332,true,1eb396c8-87bc-4812-8df0-ce598abe6a38,true,768,true,"'","'",".","."
5485,PASS,483,483,true,0913e206-3a24-49d7-8171-7c63fd4a16f4,true,768,true,"for","for","are","are"
5486,PASS,24,24,true,3297aa5d-3000-4285-8b9f-782110bb7f79,true,768,true,"conversant","conversant","'","'"
5487,PASS,301,301,true,77485ae1-63ab-4350-b154-3f3ec792d47e,true,768,true,"'","'",".","."
5488,PASS,495,495,true,feed9710-d049-459e-8af8-4b9c2680d90f,true,768,true,"it","it","in","in"
5489,PASS,250,250,true,6996ddbb-2744-4b7e-8bca-7aa32cc55f6a,true,768,true,"samadhi","samadhi","'","'"
5490,PASS,368,368,true,267d7196-c960-4d54-bb4c-1a1a14ecee12,true,768,true,"'","'",",",","
5491,PASS,432,432,true,e9cdd0bf-ac07-4491-80f8-dcc39f5966f0,true,768,true,"or","or","'","'"
5492,PASS,325,325,true,8fc87b60-2a65-458d-bd2f-24009b3523f0,true,768,true,"'","'",".","."
5493,PASS,480,480,true,4c319f49-cbdd-4288-82a2-5c762ecaf29c,true,768,true,"seeing","seeing",".","."
5494,PASS,508,508,true,f75303f3-575a-4bf5-bd0b-142fed92ca71,true,768,true,"having","having",".","."
5495,PASS,488,488,true,e79c9cb0-589a-4ffd-b778-858751394227,true,768,true,"that","that","seek","seek"
5496,PASS,475,475,true,f7b2b9e9-e528-425e-8bec-828d197fc77b,true,768,true,"to","to","say","say"
5497,PASS,491,491,true,cf65d796-7105-4648-93be-48d3f31ba92a,true,768,true,"that","that",".","."
5498,PASS,471,471,true,1d81c519-508d-4975-9db4-99008bd67350,true,768,true,"for","for","that","that"
5499,PASS,495,495,true,21b0421c-1b5b-407f-ab24-458c39905380,true,768,true,"is","is",".","."
5500,PASS,483,483,true,cad6cc39-702c-489c-94ff-9101bcf81447,true,768,true,"therefore","therefore","'","'"
5501,PASS,314,314,true,f17b1f76-771d-444b-828f-b66d0343749e,true,768,true,""",""",",",","
5502,PASS,205,205,true,e4a3c7b4-f697-4d37-84e6-0210368a54a0,true,768,true,"men","men",""","""
5503,PASS,345,345,true,f1e09207-a7cf-4499-8845-ea112865f93e,true,768,true,""",""",".","."
5504,PASS,503,503,true,92c46f94-365f-4b2b-8877-74ff82806018,true,768,true,"seeing","seeing","four","four"
5505,PASS,501,501,true,0bfdf7a6-f6c4-44bc-b568-1137a1fb6b6b,true,768,true,"months","months","opinion","opinion"
5506,PASS,479,479,true,474fdb1d-6b3b-4291-86b9-aaf586a28242,true,768,true,"about","about","in","in"
5507,PASS,508,508,true,eedc1422-05a2-48f8-9d77-d805613d6728,true,768,true,"the","the","has","has"
5508,PASS,461,461,true,8a6324d2-2870-4c20-a5f7-bc3293a5041f,true,768,true,"become","become","'","'"
5509,PASS,418,418,true,4e07bce8-9ec7-4c60-a26c-c8292cb4d561,true,768,true,"bhishma","bhishma","and","and"
5510,PASS,521,521,true,1cdb805f-a911-422b-9503-2161d42aaf8e,true,768,true,"meaning","meaning","dust","dust"
5511,PASS,498,498,true,66f8329a-3fd2-47f9-9d87-127d4c1f9bef,true,768,true,"and","and","be","be"
5512,PASS,500,500,true,382546ce-7e7a-4ff8-b57b-474907d0dce3,true,768,true,"regarded","regarded","?","?"
5513,PASS,529,529,true,3043bf77-70b3-4c26-a98e-0b712fcf3c7b,true,768,true,"if","if","s","s"
5514,PASS,502,502,true,4a53d1c5-5478-467b-b6d6-2d29de06eba6,true,768,true,"inclinations","inclinations",".","."
5515,PASS,490,490,true,41f3ea97-5014-482c-b659-0cbf58c688f5,true,768,true,"sovereignty","sovereignty","?","?"
5516,PASS,495,495,true,2a89553f-76d6-4555-a5d3-fac700c379ef,true,768,true,"if","if","and","and"
5517,PASS,544,544,true,d3f84a40-d60f-401c-8ecf-5f218b05f0b5,true,768,true,"who","who",".","."
5518,PASS,119,119,true,f8aea2cf-ac83-4ab9-ac36-85f48ae43c87,true,768,true,"as","as","'","'"
5519,PASS,348,348,true,fc3bc9da-0446-4235-acfa-afbd0976065e,true,768,true,""",""","?","?"
5520,PASS,481,481,true,1342d800-1057-40d8-a43f-2e4f53a105cf,true,768,true,"as","as","snatches","snatches"
5521,PASS,470,470,true,7d56ff97-4eb1-4e81-8af0-868a797f221c,true,768,true,"away","away",",",","
5522,PASS,499,499,true,a6ddd1da-8747-4e41-a165-f31b29011f64,true,768,true,"violates","violates",".","."
5523,PASS,472,472,true,f30fcd41-0630-4f52-8702-f518432816e9,true,768,true,"very","very",".","."
5524,PASS,487,487,true,51f61bed-7ca3-4986-9077-e0d3c48bf1a9,true,768,true,"therefore","therefore","such","such"
5525,PASS,492,492,true,57c2f593-534e-4030-8d10-4c6f5ecc3d1d,true,768,true,"deeds","deeds",".","."
5526,PASS,491,491,true,a44d4514-48a7-4bdd-8222-219443e55a92,true,768,true,"the","the","'","'"
5527,PASS,39,39,true,456eff9a-145d-43ec-93d4-10fba1e98564,true,768,true,"bhishma","bhishma",""","""
5528,PASS,347,347,true,d7e4d7a5-511c-4d18-96c9-f432bf7442ac,true,768,true,""",""","whatever","whatever"
5529,PASS,390,390,true,6eaa85c1-272a-4e51-bd04-4e8a5d09251b,true,768,true,"means","means",""","""
5530,PASS,363,363,true,25e99bcf-3599-47b6-aeb1-5c7546ebbb18,true,768,true,""",""","of","of"
5531,PASS,490,490,true,33d0cbaf-fc4b-43ba-8f60-b914f20359cb,true,768,true,"the","the",""","""
5532,PASS,336,336,true,ee2a77e4-bd3c-4a4c-a8fa-34450ea13869,true,768,true,""",""",".","."
5533,PASS,443,443,true,25bf8d91-c827-42b7-a4ff-ab9490ff1560,true,768,true,"son","son",""","""
5534,PASS,329,329,true,02353680-78ab-429d-9c1b-6976fa9eec71,true,768,true,""",""",".","."
5535,PASS,464,464,true,ff54afec-c000-4c5d-bcd4-e14da9207f81,true,768,true,"the","the","he","he"
5536,PASS,462,462,true,3cffb24f-3b15-45bc-8281-d30a2618a883,true,768,true,"had","had",".","."
5537,PASS,138,138,true,ae59b856-06a5-4d32-9b8f-7b899cd95f26,true,768,true,"washing","washing",""","""
5538,PASS,332,332,true,9fd89c93-8806-40d8-9313-b1cfe0296966,true,768,true,""",""","if","if"
5539,PASS,487,487,true,bfb21c8b-bb0a-4132-b628-7b8c5b3ceac8,true,768,true,"i","i","purified","purified"
5540,PASS,480,480,true,668c9b8b-f9d4-47c0-810c-2c04dd5a4117,true,768,true,"understanding","understanding",".","."
5541,PASS,495,495,true,b0266a7f-f957-407a-b9a0-2f90f275e9c6,true,768,true,"when","when","which","which"
5542,PASS,32,32,true,5e5b3542-a76d-4e45-94c4-b1d7f9067f21,true,768,true,"allows","allows",""","""
5543,PASS,331,331,true,5c4d3069-7350-4fd4-a411-abcd7e5ac1ff,true,768,true,""",""","saw","saw"
5544,PASS,491,491,true,3653e065-54a6-484b-ba0e-5a1e7858a389,true,768,true,"that","that","he","he"
5545,PASS,499,499,true,18e40cbc-face-4cc7-9800-680750e696ad,true,768,true,"narrated","narrated",".","."
5546,PASS,224,224,true,2fca4f0e-4987-4463-ba76-bc836fbd15f4,true,768,true,"you","you",""","""
5547,PASS,318,318,true,d4ce600d-d0f5-42eb-808a-25f1e9c409f6,true,768,true,""",""",".","."
5548,PASS,500,500,true,63078867-93e2-4211-b410-bde50a0f366a,true,768,true,"narada","narada",".","."
5549,PASS,498,498,true,1073ccc5-2de4-4d31-9a0f-788fce55b439,true,768,true,""",""",".","."
5550,PASS,447,447,true,7cac597b-13ae-4580-a356-f74c217e866a,true,768,true,"the","the",""","""
5551,PASS,312,312,true,2f3b6567-c698-4d45-a53c-af037e5fceb0,true,768,true,""",""",".","."
5552,PASS,476,476,true,9aedb394-18bc-4ea9-b5dd-301bbbed22ac,true,768,true,"one","one","by","by"
5553,PASS,462,462,true,62413c8b-aa95-4291-b232-e599a07c23bd,true,768,true,"many","many","follow","follow"
5554,PASS,488,488,true,ac9fa28c-2744-4028-b9fe-208cd097e125,true,768,true,"you","you",".","."
5555,PASS,519,519,true,b727e5be-2b6d-4513-8af1-d93c02e0510a,true,768,true,"these","these",",",","
5556,PASS,26,26,true,31ff3fe0-2dce-4089-952b-8f6ed7797ebf,true,768,true,"through","through",""","""
5557,PASS,326,326,true,25d15b0c-635b-4f9b-b463-87ebb7583a6b,true,768,true,""",""","they","they"
5558,PASS,492,492,true,908c4a5f-cb82-4320-9124-53ce6d651dba,true,768,true,"never","never",".","."
5559,PASS,286,286,true,8902c174-edb7-4290-bf57-aa4c04c70722,true,768,true,"like","like","'","'"
5560,PASS,297,297,true,f8ce6ada-0930-48c7-b166-ac3fbd3d2270,true,768,true,""",""",".","."
5561,PASS,510,510,true,9ee6807a-f1f7-48d7-b3e2-0584490e01b1,true,768,true,"others","others","food","food"
5562,PASS,487,487,true,33cb40f8-617b-493f-8a04-629cfe3af654,true,768,true,"eaten","eaten",".","."
5563,PASS,470,470,true,6469121a-0253-49e4-a499-8841bdc8c6b2,true,768,true,"there","there",".","."
5564,PASS,462,462,true,89716a41-43dc-476a-aa40-def39b14cebd,true,768,true,"it","it",""","""
5565,PASS,335,335,true,aee31c94-a8e6-43c5-84cc-c87d9e3baa01,true,768,true,""",""","skies","skies"
5566,PASS,468,468,true,3a307a1c-f559-4707-bec5-b9ca29097472,true,768,true,"shining","shining","paid","paid"
5567,PASS,145,145,true,4d93f168-1a7c-488c-934a-8705d044ffc5,true,768,true,"reverence","reverence","'","'"
5568,PASS,310,310,true,79d57676-0c3d-417b-af95-83a666635850,true,768,true,""",""",".","."
5569,PASS,431,431,true,0fbace1d-296d-4454-a6e6-d25392d4fd33,true,768,true,"suka","suka",".","."
5570,PASS,414,414,true,7382333f-8065-4626-9d1f-376047304dc2,true,768,true,"seeing","seeing",""","""
5571,PASS,337,337,true,847b19de-7561-44f8-94b4-9843e91f2f02,true,768,true,""",""","their","their"
5572,PASS,457,457,true,5788a023-29d9-4047-88ca-7249b2560fc5,true,768,true,"golden","golden","the","the"
5573,PASS,460,460,true,6df546aa-9baa-4376-964e-4badd51cfa55,true,768,true,"creator","creator",".","."
5574,PASS,275,275,true,01641971-8ddb-46fa-a8a2-fff2633bc09e,true,768,true,"the","the","'","'"
5575,PASS,321,321,true,7889729c-4b60-47e5-b0fe-a8c28d07357a,true,768,true,""",""","sweta","sweta"
5576,PASS,462,462,true,17f7ac61-f517-4741-b2be-8b2ed7aff337,true,768,true,"dwipa","dwipa",".","."
5577,PASS,448,448,true,7138add7-4dfa-4e2c-a405-a51b2c04da53,true,768,true,"following","following","and","and"
5578,PASS,483,483,true,71d79668-2df4-4f68-89a5-4dc886f68f3e,true,768,true,"duty","duty",".","."
5579,PASS,234,234,true,623976d6-5f01-434b-bc84-0e99e3d5ad20,true,768,true,"that","that",""","""
5580,PASS,338,338,true,6368b25e-94c4-4760-a56f-6b062861a495,true,768,true,""",""",".","."
5581,PASS,476,476,true,4bcaa148-f416-4156-901e-f9e27e6b98b0,true,768,true,"unseen","unseen",".","."
5582,PASS,454,454,true,9d60f07f-db22-452e-bb99-2cb36add85fc,true,768,true,"worshippers","worshippers",".","."
5583,PASS,480,480,true,79465d98-d70f-49c8-8c7f-3ec70bb24190,true,768,true,"we","we",".","."
5584,PASS,282,282,true,06a4e579-04e8-43af-919d-ece10369940a,true,768,true,"when","when",""","""
5585,PASS,323,323,true,40bb049c-8fbd-4cf0-9bdb-561541e4cf1b,true,768,true,""",""",""","""
5586,PASS,499,499,true,6f17dc3c-bc85-43be-9f04-3f82b18b515b,true,768,true,"thus","thus","energy","energy"
5587,PASS,474,474,true,dfeb2a55-c952-4829-be3e-6606f472f8c4,true,768,true,"will","will","undivided","undivided"
5588,PASS,23,23,true,bb6367d1-2963-4c20-9803-1cd124f8331f,true,768,true,"attention","attention",""","""
5589,PASS,387,387,true,cc72335e-25eb-4ff2-a3f6-f3031ce3c6bf,true,768,true,""",""","lord","lord"
5590,PASS,518,518,true,24d7c69d-fbd9-4123-a38e-42d059959836,true,768,true,"of","of",".","."
5591,PASS,522,522,true,6c54b710-7cf7-41c0-80f4-304cb246d462,true,768,true,"you","you",".","."
5592,PASS,305,305,true,0da185b6-611e-4eef-b122-a4f37984957e,true,768,true,"you","you",".","."
5593,PASS,328,328,true,d062012a-3b8e-424d-a3f2-da7d6537f3d7,true,768,true,""",""","of","of"
5594,PASS,487,487,true,1e4a4d8b-c6d8-4943-900c-ecad6302d96b,true,768,true,"sandals","sandals","things","things"
5595,PASS,492,492,true,37919c34-47f5-4064-bdf0-190d6b8113b5,true,768,true,"and","and","in","in"
5596,PASS,503,503,true,12e96811-ac78-4513-8725-3767e94ba57d,true,768,true,"whom","whom",",",","
5597,PASS,486,486,true,52ff46ec-1196-458d-9713-33767c505ad0,true,768,true,"are","are","the","the"
5598,PASS,488,488,true,f4a9f879-52e1-4859-a9d4-493d5e7e5245,true,768,true,"samkhya","samkhya","i","i"
5599,PASS,490,490,true,7c50416d-b922-46f4-be17-becd11b824b9,true,768,true,"shall","shall",".","."
5600,PASS,479,479,true,7a1fc91b-353a-44d2-93fa-3267d9cadc40,true,768,true,"in","in",".","."
5601,PASS,501,501,true,e2c21730-6401-4f0b-bd5d-bd904c98f340,true,768,true,"in","in","illustrious","illustrious"
5602,PASS,365,365,true,e7979d9b-35af-49f2-b334-f0c3490d6cbb,true,768,true,"and","and","'","'"
5603,PASS,313,313,true,0006d557-b725-4ec9-8f7a-1f55aa9f2ebb,true,768,true,"s","s",".","."
5604,PASS,489,489,true,4a7f4b1b-bb3d-4b19-808e-c83c3b0c2dd2,true,768,true,"brahma","brahma",".","."
5605,PASS,464,464,true,190cb75d-7683-4287-b961-cb822c46a1c8,true,768,true,"on","on","'","'"
5606,PASS,463,463,true,b210bb00-ee7e-485f-81c3-e11677094ec5,true,768,true,"thus","thus","unto","unto"
5607,PASS,487,487,true,0a2250ba-46dc-462b-a05f-4ea07ed8a06b,true,768,true,"him","him",".","."
5608,PASS,491,491,true,a7fd0500-b1d9-4a5f-8dfe-5ba520e6b9f8,true,768,true,"i","i",".","."
5609,PASS,515,515,true,36a6197e-5392-40b7-af32-7f9bec21f6ba,true,768,true,"at","at","he","he"
5610,PASS,504,504,true,3d5d76c3-d15e-4a9f-88ae-7ae688ccf3a2,true,768,true,"is","is",".","."
5611,PASS,231,231,true,f810099b-8b7f-45da-a49d-18c59f431a36,true,768,true,"he","he",""","""
5612,PASS,336,336,true,e81e7a9a-8da7-4086-8d55-60f8beac15f3,true,768,true,"j","j",".","."
5613,PASS,491,491,true,f6e1b7ae-48e9-4d61-9f03-3d26cefa002b,true,768,true,"it","it",".","."
5614,PASS,490,490,true,f11502f5-c94b-4040-9e26-1ef10d440e3a,true,768,true,"son","son",".","."
5615,PASS,523,523,true,81776b34-f30a-4ed8-9a72-f510ed53cce1,true,768,true,"those","those","from","from"
5616,PASS,227,227,true,4beb506c-16ca-405e-8c09-37233edaa846,true,768,true,"desire","desire",""","""
5617,PASS,296,296,true,678a6839-7d2d-4428-997e-f4a5d348bf1b,true,768,true,""",""",".","."
5618,PASS,482,482,true,42124e04-55d9-4552-95d4-a84fab9de4c4,true,768,true,"there","there","yagnas","yagnas"
5619,PASS,466,466,true,6205b23c-e40f-4ebd-91ef-0b917eefcd89,true,768,true,"performed","performed",".","."
5620,PASS,495,495,true,49f4a118-0488-4ec7-a078-599b703852a4,true,768,true,"at","at",""","""
5621,PASS,497,497,true,2a67d243-1f75-4c99-b9bd-c083b3a1d629,true,768,true,"thus","thus","him","him"
5622,PASS,496,496,true,6041d0f5-58c4-4c05-b4c0-9ff16cc169ae,true,768,true,"for","for",".","."
5623,PASS,504,504,true,ae1b9b6e-6559-436b-ba3a-6297bff1d7bb,true,768,true,"nahusha","nahusha",""","""
5624,PASS,511,511,true,3635ec5f-2aec-4316-b39f-18a66f9699ad,true,768,true,"indra","indra","into","into"
5625,PASS,510,510,true,ced7e86c-6fec-44a1-b311-b62df0431ae4,true,768,true,"four","four","that","that"
5626,PASS,493,493,true,83b58f8f-d038-4b92-9419-5c0e565387c9,true,768,true,"disease","disease",".","."
5627,PASS,484,484,true,49c73ef5-0a60-4b15-9b6c-2e01c35df802,true,768,true,"uma","uma",".","."
5628,PASS,495,495,true,6ff346d0-a764-4979-9cb2-1880e0580a7e,true,768,true,"i","i",".","."
5629,PASS,471,471,true,0f4744ac-8636-4e4b-be36-607e4488fcc5,true,768,true,"dharma","dharma","of","of"
5630,PASS,478,478,true,bd2c0dae-ff16-456a-a908-1200db61e1d8,true,768,true,"creation","creation",".","."
5631,PASS,493,493,true,6ce0f4ac-2ac2-4ac8-a640-474fdd9351a0,true,768,true,"nara","nara",".","."
5632,PASS,322,322,true,4d76e3c7-cc33-49c4-9abd-fd2b3962685e,true,768,true,"the","the",""","""
5633,PASS,339,339,true,a5f2cc6f-265d-45ae-bbe2-8eb8b7b11404,true,768,true,"s","s","?","?"
5634,PASS,502,502,true,c4c5f61d-2a0c-4bff-839c-237fecb15703,true,768,true,"this","this",""","""
5635,PASS,472,472,true,e24ec777-1729-4876-95f0-a30a30d29107,true,768,true,"vaisampayana","vaisampayana",".","."
5636,PASS,485,485,true,0444062d-a8ab-43b1-adfc-1a4cea2a2a64,true,768,true,"when","when","the","the"
5637,PASS,488,488,true,2fc950a4-bb28-4ff7-96cb-c8165fd81bb2,true,768,true,"moon","moon",".","."
5638,PASS,459,459,true,c58e3f3d-0de7-46a2-9fed-5a46499c64de,true,768,true,"it","it",".","."
5639,PASS,149,149,true,f6125277-17ed-4220-bec7-4ed582017b3f,true,768,true,"having","having",""","""
5640,PASS,332,332,true,27ad0ce5-ac71-4497-8f68-5e3e2a8239e2,true,768,true,"v","v",".","."
5641,PASS,521,521,true,bedebce7-9827-479d-a68e-7ee625542c4d,true,768,true,"on","on","i","i"
5642,PASS,211,211,true,743b609a-9b45-464c-8c1f-9121cf1a7bcb,true,768,true,"worship","worship",""","""
5643,PASS,323,323,true,52354168-b6d0-47b8-a460-b94f54734193,true,768,true,"'","'",".","."
5644,PASS,472,472,true,61329e1c-fb10-4130-a707-9680d0b69750,true,768,true,"know","know",".","."
5645,PASS,64,64,true,a098e2c8-b082-411c-bf27-40f90855fd03,true,768,true,"he","he","'","'"
5646,PASS,330,330,true,7c0d001f-3f35-4a86-9e2f-d09d5cfb41af,true,768,true,"s","s","this","this"
5647,PASS,472,472,true,0cd11dc1-8408-4c57-b2d0-0a1415a76687,true,768,true,"mighty","mighty",".","."
5648,PASS,490,490,true,d0eb33f0-b302-4e6e-91e7-5715881c2b98,true,768,true,"seated","seated",".","."
5649,PASS,511,511,true,20d2af95-b022-4f02-b455-c397a7fa9f4a,true,768,true,"you","you","s","s"
5650,PASS,506,506,true,180e4267-1c13-477e-aff1-74289e8f6a16,true,768,true,"head","head","and","and"
5651,PASS,482,482,true,b4574a2a-32b2-4d11-989f-0adf81777bce,true,768,true,"tamas","tamas","of","of"
5652,PASS,338,338,true,8e930dc2-50b7-4202-b27e-2a5d49d96775,true,768,true,"wealth","wealth","'","'"
5653,PASS,310,310,true,c61c24be-14a3-4a18-987e-71105fe1f797,true,768,true,"j","j","the","the"
5654,PASS,435,435,true,3dfad209-c468-4dd0-aa8d-e71781706eb7,true,768,true,"end","end",".","."
5655,PASS,498,498,true,de7ed9fc-4d4e-4cd4-b18f-730189f8967d,true,768,true,"listen","listen","ascetic","ascetic"
5656,PASS,483,483,true,bcda6a99-15f0-4e21-9800-e55dde455aac,true,768,true,"raivya","raivya",".","."
5657,PASS,428,428,true,b2dcbd81-1caf-46b3-a0f3-6042195e9519,true,768,true,"hari","hari",".","."
5658,PASS,485,485,true,5d38c550-c144-4aa4-b47d-9892236b87d2,true,768,true,"those","those","robed","robed"
5659,PASS,82,82,true,d44dcf3f-2fbb-4d26-b8e4-e127035f7613,true,768,true,"yatis","yatis",""","""
5660,PASS,346,346,true,28fd0c62-85ab-4500-8ccf-29070929d360,true,768,true,"j","j","the","the"
5661,PASS,487,487,true,10082661-ad15-44da-b42a-ec34669a62fa,true,768,true,"himavat","himavat",".","."
5662,PASS,479,479,true,6e9a99a9-7903-41cc-b5d9-d5372b3242aa,true,768,true,"the","the",".","."
5663,PASS,488,488,true,f5c46e16-f850-4882-b547-23762aa4e482,true,768,true,"narayana","narayana",".","."
5664,PASS,474,474,true,9ac3e0b6-5aef-4612-92cc-bac44d4c7992,true,768,true,"you","you","of","of"
5665,PASS,179,179,true,592ae0b5-ab02-4dd6-a38b-84c19d11af77,true,768,true,"reverent","reverent",""","""
5666,PASS,328,328,true,507f1019-cd13-4ee2-9e0a-1729336fafb9,true,768,true,"j","j","wanderings","wanderings"
5667,PASS,508,508,true,c72ed5f5-42c5-42d5-8242-dee54d77dbb1,true,768,true,"through","through",""","""
5668,PASS,327,327,true,46d0bf02-30dd-46e4-a86f-63611efc82f1,true,768,true,""",""",".","."
5669,PASS,506,506,true,6e0aba3f-87e2-44bd-b6c9-b8275b03c39f,true,768,true,"the","the","conceiver","conceiver"
5670,PASS,252,252,true,ed85c9ed-aca2-4b58-b53b-d201eacfa2b9,true,768,true,"and","and",""","""
5671,PASS,319,319,true,83d585fb-f199-4eea-9156-92e8746dfbc3,true,768,true,"s","s","to","to"
5672,PASS,77,77,true,58218128-e828-4c1b-9dbb-bb5e7d2eb47b,true,768,true,"you","you","'","'"
5673,PASS,324,324,true,d23aa28e-543a-4c95-afac-2e936a8a57ed,true,768,true,""",""","?","?"
5674,PASS,495,495,true,44b98bd8-3131-4dd8-b614-552209a2ab0a,true,768,true,"thoughts","thoughts","swarga","swarga"
5675,PASS,131,131,true,af65ed5f-b27d-4d28-bb52-ea2bddb639e5,true,768,true,"by","by",""","""
5676,PASS,336,336,true,d4c7bc11-5e08-4b3f-9365-8be98d2dd9b9,true,768,true,""",""",".","."
5677,PASS,84,84,true,f3adb314-d990-46fb-980f-41a47683f758,true,768,true,"he","he",""","""
5678,PASS,320,320,true,c64bea86-2015-4073-8f5c-afb9de31ae84,true,768,true,""",""",".","."
5679,PASS,77,77,true,c17b9256-2290-46fe-8185-8bed2943ecda,true,768,true,"when","when",""","""
5680,PASS,342,342,true,ff0f72fa-6c1a-48c2-b36c-05d2c70a20e2,true,768,true,""",""",".","."
5681,PASS,64,64,true,63bebe57-a2d1-4c01-ba1e-627a14161aa9,true,768,true,"you","you",""","""
5682,PASS,350,350,true,967804d8-0319-44d6-b0c3-91f841c0fbaa,true,768,true,""",""","come","come"
5683,PASS,95,95,true,195a815c-b2ee-4bef-80fc-b2f85f9b231e,true,768,true,"back","back",""","""
5684,PASS,354,354,true,c5db6430-16a6-44b2-b5bd-b63d46978ae4,true,768,true,""",""","be","be"
5685,PASS,233,233,true,25b6fc61-77b7-4c21-92e2-5b7b5c6b5f31,true,768,true,"directed","directed",""","""
5686,PASS,315,315,true,d8886dc6-492c-4236-8f32-2420375b4ae1,true,768,true,""",""",".","."
5687,PASS,372,372,true,48e218f8-1127-4c73-a7cd-cee65fd2346c,true,768,true,"by","by",""","""
5688,PASS,353,353,true,254ea7d5-495f-4375-befc-f790689d4ace,true,768,true,""",""","your","your"
5689,PASS,140,140,true,a8008e41-af90-40f0-9b5d-c64bfb4fa362,true,768,true,"service","service",""","""
5690,PASS,316,316,true,b49a133b-67a0-416b-b13a-87b85dbcb370,true,768,true,""",""","and","and"
5691,PASS,316,316,true,4b1d45a1-5c60-48d0-97ea-d84b23b4a14b,true,768,true,"without","without",""","""
5692,PASS,230,230,true,786e9552-6494-4194-8ea2-25bfa92cc812,true,768,true,""",""",""","""
5693,PASS,358,358,true,dcc94ad7-fa7b-4f0c-957d-0e09ca69fa7b,true,768,true,""",""","'","'"
5694,PASS,270,270,true,8db3c244-a192-47d6-93ba-fcd4e9b57d88,true,768,true,""",""",""","""
5695,PASS,4,4,true,d6d261bc-da19-407d-962d-a17248759554,true,768,true,"part","part","parva","parva"
5696,PASS,354,354,true,da79cadc-d65c-4611-85de-b37c148a23e9,true,768,true,"a","a","this","this"
5697,PASS,525,525,true,c2bff3e4-a115-40f0-b52e-88ffd127bcec,true,768,true,"i","i","not","not"
5698,PASS,497,497,true,1b0585b6-ffe4-4601-9c9e-0c11b90c3230,true,768,true,"harbour","harbour","you","you"
5699,PASS,549,549,true,77156be6-265a-4c7f-a049-aa0410669263,true,768,true,"should","should","do","do"
5700,PASS,532,532,true,9d117d29-1a7c-4a8e-a7da-f586f847cbff,true,768,true,"you","you","and","and"
5701,PASS,299,299,true,635e99e3-19b1-491a-815a-68c78011723f,true,768,true,"karma","karma",""","""
5702,PASS,326,326,true,35ce9737-2c56-4f98-8bac-4df56df35d9b,true,768,true,""",""",".","."
5703,PASS,486,486,true,af8c25be-0d5d-428f-8b2a-981570303695,true,768,true,"his","his","libations","libations"
5704,PASS,464,464,true,bb7dd789-4cab-49a0-915f-0c06167ab495,true,768,true,"of","of",""","""
5705,PASS,494,494,true,fac8afb2-d5ee-4f20-a29c-5984651160f6,true,768,true,"though","though",".","."
5706,PASS,527,527,true,f50255ea-6512-4569-935d-ca024310815e,true,768,true,"i","i",".","."
5707,PASS,72,72,true,e4fc4542-3919-4afc-a69f-9b88b38cee07,true,768,true,"i","i",""","""
5708,PASS,301,301,true,d0139ec3-574b-440a-b968-5e6b26352fba,true,768,true,""",""","up","up"
5709,PASS,173,173,true,bade69f7-f5c1-4806-abd2-b633b99907b2,true,768,true,"released","released",""","""
5710,PASS,351,351,true,32e78474-d888-4920-b5d4-0bd2a19e74e9,true,768,true,""",""","the","the"
5711,PASS,512,512,true,84f4bfbd-9847-4644-938f-44c67de5d0c3,true,768,true,"waters","waters",".","."
5712,PASS,498,498,true,90f1ee59-99b6-4da6-b8fe-c5de7055ed3b,true,768,true,"everyone","everyone",".","."
5713,PASS,207,207,true,8a06e27e-36bd-4d9f-96b8-290c55a36330,true,768,true,"so","so",""","""
5714,PASS,328,328,true,fc929feb-52a1-45f3-a940-aa949b829130,true,768,true,""",""",""","""
5715,PASS,506,506,true,1e16f50f-0f9d-4a92-bb18-a9c2e9b5d9d3,true,768,true,"thus","thus",""","""
5716,PASS,350,350,true,aa5701a2-1023-4191-ab9a-b090c6e2b1f2,true,768,true,""",""","attain","attain"
5717,PASS,504,504,true,de8ad217-dc7f-4b41-9347-094f1eb0cb73,true,768,true,"heaven","heaven","the","the"
5718,PASS,440,440,true,f68248d5-a5e2-497f-863b-81be9a5f1f14,true,768,true,"refuge","refuge",".","."
5719,PASS,252,252,true,218b3147-2d2d-41b6-9f7f-3a3ce0b52fd9,true,768,true,"as","as",""","""
5720,PASS,320,320,true,a46c526d-f1aa-4658-b1ac-3edbe1422542,true,768,true,""",""",".","."
5721,PASS,483,483,true,678ed9db-ee28-49b0-ae19-af33ea5dc08a,true,768,true,"the","the","visible","visible"
5722,PASS,247,247,true,577c4654-563e-48ed-bbde-2dcd992dd4e8,true,768,true,"influences","influences",""","""
5723,PASS,315,315,true,b4682fd2-a8c0-4e6b-8162-38c4eadfd69a,true,768,true,"v","v","in","in"
5724,PASS,518,518,true,778ac57d-e78d-47ec-aaa0-a8aa2fb8c567,true,768,true,"battle","battle",".","."
5725,PASS,197,197,true,6b0d5d47-a0ec-4c38-954a-3425f17c7442,true,768,true,"yudhishtira","yudhishtira",""","""
5726,PASS,329,329,true,626ef21a-60c2-46e6-b79e-354b3aa61f3e,true,768,true,""",""",""","""
5727,PASS,507,507,true,e5e48c1e-ea54-44cd-9265-6052e0763332,true,768,true,"the","the","one","one"
5728,PASS,44,44,true,f973246d-1476-48d7-8a66-8abbcf1207ae,true,768,true,"who","who",""","""
5729,PASS,298,298,true,02539520-8db9-4068-be3d-e7ea0eda3fca,true,768,true,""",""","vedas","vedas"
5730,PASS,524,524,true,ba756b1e-9372-4280-a767-8c0fbc692bca,true,768,true,"and","and",""","""
5731,PASS,464,464,true,29dcfd09-791b-492d-acd2-1507e074c575,true,768,true,""",""","enthroned","enthroned"
5732,PASS,522,522,true,cd1cc4c9-c8af-4859-92cc-56274512406b,true,768,true,"him","him",".","."
5733,PASS,485,485,true,2172dc06-0b1e-497d-9895-fc52d92596e4,true,768,true,"in","in","giving","giving"
5734,PASS,253,253,true,df2d3b3a-9107-4dd8-9bd3-b8326b7b6136,true,768,true,"instruction","instruction","'","'"
5735,PASS,317,317,true,d525471c-5301-43ef-8837-3307d9cb8c7b,true,768,true,""",""",".","."
5736,PASS,477,477,true,a2bea4cf-82ea-4723-924f-6e5927cc3813,true,768,true,"i","i","sacrificial","sacrificial"
5737,PASS,166,166,true,7c254339-2fd4-4226-8301-25b22218435b,true,768,true,"fire","fire",""","""
5738,PASS,326,326,true,749c066b-9db7-406c-8b6f-fbbde23c6647,true,768,true,""",""","his","his"
5739,PASS,533,533,true,f83946b3-0d46-4dd2-8b2c-eb2b902f1f26,true,768,true,"mount","mount","as","as"
5740,PASS,524,524,true,032630e6-6b76-497d-931d-9ae35f7319c8,true,768,true,"brothers","brothers",""","""
5741,PASS,492,492,true,abcf9fe7-ffce-44f0-8f31-e6b0bee00da0,true,768,true,"beholding","beholding",""","""
5742,PASS,214,214,true,4fe55936-a478-4001-bbba-eeae8c868cd5,true,768,true,""",""",""","""
5743,PASS,327,327,true,94949809-eb6d-40ca-b54b-cf0d71add927,true,768,true,""",""","in","in"
5744,PASS,477,477,true,4dbc0599-dc62-4534-8812-f54cb444228f,true,768,true,"attributes","attributes","end","end"
5745,PASS,512,512,true,01e523c5-de36-4e08-9c38-0c030fc9ddbb,true,768,true,"that","that","in","in"
5746,PASS,487,487,true,272d3a4f-461d-46f2-9030-3fd30381b642,true,768,true,"happiness","happiness",".","."
5747,PASS,507,507,true,cc45afba-ad9d-4e9e-9624-675db56b6ed3,true,768,true,"many","many","spiritual","spiritual"
5748,PASS,477,477,true,ac844abd-9058-4cde-a76a-f2755a843c84,true,768,true,"advancement","advancement","of","of"
5749,PASS,451,451,true,f8c2ce00-c90a-46f3-8d82-4cbdaf0b3e56,true,768,true,"all","all",".","."
5750,PASS,556,556,true,dcc5e03a-87a1-4473-81b4-7e1005b3d820,true,768,true,"sakalya","sakalya",".","."
5751,PASS,519,519,true,df525aaa-c6d8-46a3-8e06-03db3ed314f0,true,768,true,"again","again","he","he"
5752,PASS,503,503,true,bba7e4f9-aa1e-4c9c-bcf2-10f2cfe5d9d8,true,768,true,"has","has","adored","adored"
5753,PASS,518,518,true,7175d86d-a59c-4b2a-b53c-818204bbb03e,true,768,true,"with","with",".","."
5754,PASS,519,519,true,ade75ed6-8d07-4843-88b7-0632e305ebaf,true,768,true,"who","who","'","'"
5755,PASS,551,551,true,0710c88b-45e0-43fc-a107-b2fd96aa1b3b,true,768,true,"these","these","reborn","reborn"
5756,PASS,489,489,true,3ab93230-7925-46da-bd44-09d020f4c9b7,true,768,true,"because","because",",",","
5757,PASS,460,460,true,320c5224-dee6-4a72-afd7-b761df5766d1,true,768,true,"vishnu","vishnu","?","?"
5758,PASS,498,498,true,fc52d762-f49f-441a-96a4-dd2c1e079457,true,768,true,"who","who","and","and"
5759,PASS,512,512,true,0166e112-e362-400f-8bbf-6c6f1e615af9,true,768,true,"destruction","destruction","be","be"
5760,PASS,506,506,true,e8abcef3-f126-4651-955a-36ffe2b2d4fa,true,768,true,"known","known",".","."
5761,PASS,499,499,true,ad2fe99b-affa-4ae0-b420-740cf5112ef5,true,768,true,"clad","clad",".","."
5762,PASS,474,474,true,f433ae57-ece6-4afe-bd9a-bdbc47ee5f75,true,768,true,"in","in",".","."
5763,PASS,511,511,true,ad5e500f-061d-4914-8421-74e6fe476f3f,true,768,true,"brahma","brahma","each","each"
5764,PASS,522,522,true,301dc829-da60-4362-b602-0a654790f7f4,true,768,true,"like","like",".","."
5765,PASS,545,545,true,0f468a1d-e210-4cd7-87b0-c8b5104563fc,true,768,true,"salutations","salutations","among","among"
5766,PASS,458,458,true,6f075a09-0493-4ce8-93be-d837bd433e4c,true,768,true,"the","the",",",","
5767,PASS,525,525,true,1b48b942-c86e-4477-868a-651f13cb8f9e,true,768,true,"master","master","this","this"
5768,PASS,494,494,true,4e3af44e-5212-4936-96cf-fba2c9fee3b4,true,768,true,"be","be","other","other"
5769,PASS,491,491,true,5d09c9e4-00d6-4a11-beb3-b840940a6677,true,768,true,"than","than",".","."
5770,PASS,492,492,true,f7774527-4c14-4757-a36c-d75b2780f7df,true,768,true,"son","son","the","the"
5771,PASS,572,572,true,ad88cb75-aab0-4d90-b047-0cd71f2da7df,true,768,true,"vidyadharas","vidyadharas","recurring","recurring"
5772,PASS,498,498,true,6b848f0d-3b9c-40ba-813d-45c8569ec856,true,768,true,"in","in",""","""
5773,PASS,9,9,true,fc13573d-58c4-4ca0-88bf-4e3fccedd640,true,768,true,"2","2",".","."
5774,PASS,343,343,true,ebcef1c9-ee25-4be0-8612-c49ed1deeb5e,true,768,true,""",""","is","is"
5775,PASS,10,10,true,5ed39888-2405-4beb-bede-f838d4df75e0,true,768,true,"none","none",""","""
5776,PASS,360,360,true,e0694933-7a1b-40d4-9878-147903825aa7,true,768,true,""",""","the","the"
5777,PASS,529,529,true,41691099-0d05-43be-81e9-0441b6f0b228,true,768,true,"mind","mind","you","you"
5778,PASS,515,515,true,a040091a-f2c0-4dd3-8085-5b8b7b122e2a,true,768,true,"are","are",".","."
5779,PASS,490,490,true,66c1e0b7-c93a-4697-a365-0cfb6e432562,true,768,true,"you","you","of","of"
5780,PASS,511,511,true,cc139e21-e27d-4a6c-b416-85ee6cd5da42,true,768,true,"all","all","you","you"
5781,PASS,505,505,true,d2e5a097-0aa5-49c1-a379-1287b97f6a3e,true,768,true,"are","are","not","not"
5782,PASS,37,37,true,183b2f35-4f2d-4b2c-bbd4-3dc4a100f7cf,true,768,true,"known","known",""","""
5783,PASS,336,336,true,761e5e5e-1b6c-4bd6-8ccf-fe54e7f69b27,true,768,true,""",""","glory","glory"
5784,PASS,503,503,true,90a4abab-6f81-4b84-8c2b-d4e7bc4649e6,true,768,true,"and","and",".","."
5785,PASS,541,541,true,938cb870-1a1a-4000-8796-0c034437bcb0,true,768,true,"this","this",".","."
5786,PASS,505,505,true,5345dce4-4078-48ee-9e1c-e45a85cca538,true,768,true,"you","you","minded","minded"
5787,PASS,506,506,true,19625b1b-f135-4290-934d-a14467b687ec,true,768,true,"and","and",".","."
5788,PASS,510,510,true,2092bceb-a5fe-4f92-9557-cb9b28f8cd4f,true,768,true,"you","you","you","you"
5789,PASS,530,530,true,eaaca9ec-3c02-474d-90b1-277180e2b7d7,true,768,true,"are","are","to","to"
5790,PASS,508,508,true,6213b3d5-8582-4160-a5f5-8210a920ed20,true,768,true,"his","his",".","."
5791,PASS,503,503,true,45a7bf96-eca0-41fd-98d1-a72b247b12f8,true,768,true,"you","you",".","."
5792,PASS,518,518,true,20910943-08e8-44ac-90f3-6786cf2b0d92,true,768,true,"you","you",".","."
5793,PASS,495,495,true,42e53ee8-dcbd-4be2-988f-97ccb61f0bcf,true,768,true,"you","you","-","-"
5794,PASS,475,475,true,f5109496-0f1f-4ac3-895e-9fbcec9103d7,true,768,true,"four","four","in","in"
5795,PASS,553,553,true,34389515-a905-408d-8b0d-5fcd216be4ec,true,768,true,"language","language","have","have"
5796,PASS,508,508,true,88b671c4-cc31-4727-9011-0bba9be1725f,true,768,true,"matted","matted",".","."
5797,PASS,503,503,true,23941336-c5f6-46a6-9d00-b67778bec1f7,true,768,true,"you","you","bamboo","bamboo"
5798,PASS,514,514,true,51765364-13a7-4dcb-9c45-11d4070eaf03,true,768,true,"flute","flute",".","."
5799,PASS,494,494,true,c39a8dbf-931e-4a96-a754-311be7dbfd7a,true,768,true,"you","you",".","."
5800,PASS,505,505,true,4fa3889a-95cb-42ea-8c48-0cfeef514bce,true,768,true,"you","you","bears","bears"
5801,PASS,520,520,true,4c1528b6-728e-4f7d-a86f-aa6cfbc5b2ae,true,768,true,"the","the","every","every"
5802,PASS,506,506,true,b252afc3-5335-4326-ab97-1f90920b2cf3,true,768,true,"creature","creature","by","by"
5803,PASS,542,542,true,a2cca473-b2cb-443e-a8cb-6679d0982193,true,768,true,"the","the","the","the"
5804,PASS,552,552,true,a8e7ab2e-22fa-4f89-9d1d-4069d37b6829,true,768,true,"form","form","whose","whose"
5805,PASS,566,566,true,666a148b-4244-46c5-8956-180a673e7f15,true,768,true,"faces","faces","all","all"
5806,PASS,566,566,true,be88b161-4d64-4abf-b24b-2b5658ff08ad,true,768,true,"the","the",".","."
5807,PASS,498,498,true,79ab797c-d695-4324-adb4-24b6897b47cc,true,768,true,"you","you",".","."
5808,PASS,471,471,true,66b3005c-74f5-4b65-9dc6-f6f9f3b759f7,true,768,true,"such","such","'","'"
5809,PASS,73,73,true,b0839087-4b67-4a7a-bef2-dd9259eca733,true,768,true,"krishna","krishna",".","."
5810,PASS,356,356,true,857a6ac9-c693-46ba-b3d4-35ca0062a98e,true,768,true,"v","v","'","'"
5811,PASS,526,526,true,b3818752-b18e-45cc-8e4b-700185911a82,true,768,true,"jamadagni","jamadagni","will","will"
5812,PASS,532,532,true,c8866b5b-7e43-44ef-aa3b-b6350fdabe2e,true,768,true,"never","never","the","the"
5813,PASS,523,523,true,08d471dd-8d54-4735-9ab2-82eb294bc8a8,true,768,true,"author","author",""","""
5814,PASS,486,486,true,1f9c9a5e-1054-4498-9d60-a8ee9b9a4f5e,true,768,true,"vaisampayana","vaisampayana",".","."
5815,PASS,472,472,true,a351ee01-2c91-4c37-8765-914a6f5adb3f,true,768,true,"the","the",""","""
5816,PASS,346,346,true,aba4636b-364f-415a-a97e-8fe185c551aa,true,768,true,""",""",".","."
5817,PASS,478,478,true,2d400bcc-2e60-4911-a282-fb49e047e4ea,true,768,true,"i","i",".","."
5818,PASS,498,498,true,c74cb082-7dc6-4091-b18f-4067fff81df0,true,768,true,"venerable","venerable","the","the"
5819,PASS,462,462,true,28a25bca-7173-482e-9f96-1f4a41426a68,true,768,true,"customary","customary",".","."
5820,PASS,436,436,true,e76480a5-ef2c-4560-91ba-c9f17d1e8d84,true,768,true,"he","he",".","."
5821,PASS,555,555,true,c9f25ea2-0719-4527-a571-e603d511ab99,true,768,true,"the","the",""","""
5822,PASS,398,398,true,538c6adb-88ec-4cd4-b602-ed76b614650d,true,768,true,"the","the",""","""
5823,PASS,364,364,true,f9226fe6-eb84-4a9e-aa0d-a4861f21dc8d,true,768,true,""",""","your","your"
5824,PASS,510,510,true,447d340c-3659-4089-8ae7-6bd72030b61a,true,768,true,"own","own",".","."
5825,PASS,48,48,true,61687d15-126c-4621-af68-87df6ac88e8c,true,768,true,"i","i",""","""
5826,PASS,345,345,true,deb64be5-5a05-49b3-b4e3-7e01e59846c1,true,768,true,""",""",""","""
5827,PASS,223,223,true,9a15a777-b8d8-48d0-8be1-b6e8a257ccd1,true,768,true,"after","after",""","""
5828,PASS,299,299,true,68df7ad6-77b7-4eb1-8aac-297effa3e13c,true,768,true,""",""","'","'"
5829,PASS,466,466,true,b607ba4b-1056-430f-a737-838f5a494eb6,true,768,true,"yudhishtira","yudhishtira","'","'"
5830,PASS,514,514,true,83459a66-2f42-4cd4-9341-2ef2dff443cd,true,768,true,"yudhishtira","yudhishtira","acquire","acquire"
5831,PASS,394,394,true,3a82d9ac-1225-418f-afc4-191f2089c8fc,true,768,true,"great","great",""","""
5832,PASS,353,353,true,23797502-6e06-4e52-a0bb-aeb19a6e62f9,true,768,true,""",""","fered","fered"
5833,PASS,480,480,true,5f429e25-5049-4510-9f74-9d788c63bcf7,true,768,true,"in","in","or","or"
5834,PASS,489,489,true,9f9c6ad8-b45e-47fa-99df-5d5e985e7253,true,768,true,"are","are","drink","drink"
5835,PASS,498,498,true,dc92ed31-065f-4e91-8a13-cff06864529f,true,768,true,"soma","soma","inferior","inferior"
5836,PASS,473,473,true,e12d25eb-d0fe-4bda-b04c-839df6dd38f1,true,768,true,"and","and",".","."
5837,PASS,498,498,true,6c99bb02-e02e-44ec-adc7-c73d9e879b91,true,768,true,"one","one",".","."
5838,PASS,499,499,true,a9fff166-b32a-4259-bb75-a393d180cb28,true,768,true,"they","they",".","."
5839,PASS,476,476,true,7267d08a-45bf-49cb-b03b-0fa689726a48,true,768,true,"all","all",".","."
5840,PASS,183,183,true,15005c84-b52b-49a1-b7da-2d5876dc20f1,true,768,true,"men","men",""","""
5841,PASS,306,306,true,9ab82b1d-91cb-4224-afef-196d04f0b75d,true,768,true,""",""",".","."
5842,PASS,75,75,true,e5bd3de9-ecc5-4811-8391-8106cb6e3a46,true,768,true,"you","you",""","""
5843,PASS,336,336,true,c6ff9f30-706c-4c94-b03e-357d5d390e39,true,768,true,""",""","sacred","sacred"
5844,PASS,493,493,true,c9c6822b-ccb0-4a1a-8122-841696f719e5,true,768,true,"stream","stream","with","with"
5845,PASS,499,499,true,36d81ee7-932e-4ccd-b368-a85c4814c962,true,768,true,"a","a","the","the"
5846,PASS,503,503,true,837dcc3e-d35a-4535-9267-2c2f23d33337,true,768,true,"name","name",".","."
5847,PASS,491,491,true,04a08559-fa0f-4b77-a634-07aff4357f31,true,768,true,"by","by",".","."
5848,PASS,206,206,true,6255ea1b-a6ba-4bd8-a689-ec5ef9c98dcf,true,768,true,"tirtha","tirtha",""","""
5849,PASS,333,333,true,a1cf3c4d-56ec-4036-9e8c-e49bccf756a8,true,768,true,"v","v","and","and"
5850,PASS,482,482,true,e29d3a11-a3dc-4e6d-9c81-03436e42e70e,true,768,true,"that","that","who","who"
5851,PASS,516,516,true,5fc1b47f-bfe3-4011-8a21-4908d3e9f58f,true,768,true,"have","have",".","."
5852,PASS,521,521,true,c7a9e090-c794-43fd-9e49-7068f8331665,true,768,true,"brahmana","brahmana","should","should"
5853,PASS,528,528,true,c414cac3-ea15-4825-8c53-4edbee64bb82,true,768,true,"repair","repair",".","."
5854,PASS,512,512,true,c29a64ed-5c2c-4a70-b156-d6b760b61bfa,true,768,true,"men","men","six","six"
5855,PASS,522,522,true,e7421a42-02c7-4abf-993b-6608e740cf81,true,768,true,"renowned","renowned","enough","enough"
5856,PASS,303,303,true,f4449f03-bf2e-4012-9cb6-46c3d203019b,true,768,true,"to","to",""","""
5857,PASS,314,314,true,ae4c1d51-d87a-46a6-b41f-32c7bdb84fa6,true,768,true,""",""",".","."
5858,PASS,506,506,true,ee9772ff-f5b3-45da-ab9f-d0246e1123e5,true,768,true,"matanga","matanga","of","of"
5859,PASS,207,207,true,6ac2d6e5-0789-4fca-8208-8ae4a44d11df,true,768,true,"human","human",""","""
5860,PASS,349,349,true,83968ab6-e346-4ae6-87d9-f7f16f9413c4,true,768,true,""",""","great","great"
5861,PASS,197,197,true,2f1a6e47-81cc-4cea-9151-3518f7bc34ba,true,768,true,"deal","deal",""","""
5862,PASS,348,348,true,91027c57-03ef-4049-ac2d-b0c66402e240,true,768,true,""",""","be","be"
5863,PASS,503,503,true,59f49073-936a-494b-8074-6959c8fa9121,true,768,true,"foremost","foremost","i","i"
5864,PASS,138,138,true,ed08a7aa-699a-489a-8870-0945c9aff4f4,true,768,true,"may","may","'","'"
5865,PASS,339,339,true,fc52a004-27ac-4eee-8e9c-2225c8dbab09,true,768,true,""",""",".","."
5866,PASS,466,466,true,4c902baf-6aee-49f0-b762-15898214cd3d,true,768,true,"having","having","yagna","yagna"
5867,PASS,446,446,true,db3584eb-d9a0-45d7-9a85-2aa5ae4ff62a,true,768,true,"which","which",".","."
5868,PASS,484,484,true,48bbf3aa-3dae-4473-ab7c-720aabbf3625,true,768,true,"reaching","reaching",".","."
5869,PASS,147,147,true,99abe7ba-da7d-4969-8b49-8750a6130702,true,768,true,"sravas","sravas",""","""
5870,PASS,349,349,true,c7a3b211-c370-4b79-9e90-00886d338e7f,true,768,true,""",""","down","down"
5871,PASS,507,507,true,e0849f9b-6d92-4a33-9bc6-ffcfe1776639,true,768,true,"in","in",".","."
5872,PASS,487,487,true,72c4e82b-e96d-47bf-aeb6-a78ed35e18cc,true,768,true,"krishna","krishna",""","""
5873,PASS,360,360,true,b3631c1b-be56-4cb8-95fd-0c7b944b92aa,true,768,true,""",""","any","any"
5874,PASS,514,514,true,26264308-093d-4fa8-a3f5-2785a8f0b2f8,true,768,true,"longer","longer",".","."
5875,PASS,403,403,true,8ed2f58f-910a-435d-8d1b-86ae24da328d,true,768,true,"usinara","usinara",""","""
5876,PASS,340,340,true,33d99149-2351-4916-862f-715607c9ef07,true,768,true,""",""","a","a"
5877,PASS,479,479,true,cee98c1c-24f0-42ed-abc9-3292fa90ff92,true,768,true,"forest","forest","the","the"
5878,PASS,188,188,true,f5537b0b-a705-4e68-88c5-40081946b7de,true,768,true,"kolisarpas","kolisarpas",""","""
5879,PASS,332,332,true,06aeb6ab-7514-4526-9c65-eec2da309cdb,true,768,true,""",""",".","."
5880,PASS,462,462,true,f7c0a6e2-5668-4eb4-a6cc-3b2df609f7fb,true,768,true,"they","they","and","and"
5881,PASS,231,231,true,15b8843a-03b0-43f4-863d-b72fe4ee0025,true,768,true,"conversant","conversant",""","""
5882,PASS,351,351,true,71aafc59-d3a2-4d6e-b6ce-d71c21cf3739,true,768,true,""",""","the","the"
5883,PASS,402,402,true,84a1bbc0-8c8b-484f-95bf-412d5bbf3237,true,768,true,"realm","realm",""","""
5884,PASS,70,70,true,d30b6d71-6384-458b-a85e-bb320afe0351,true,768,true,"acknowledgements","acknowledgements",".","."
5885,EMPTY_PAGE,0,0,true,,false,,false,"","","",""
5886,PASS,5,5,true,76414a85-1b9e-4dc0-b342-7e5532c49a41,true,768,true,"the","the","parva","parva"
5887,PASS,15,15,true,45fb7682-279e-4de3-8716-5e21ea5dbd56,true,768,true,"the","the","menon","menon"
5888,PASS,164,164,true,38059fae-b730-4281-bc69-6cf9ba79983c,true,768,true,"published","published",".","."
5889,PASS,56,56,true,4bbfbf45-391c-494d-a147-92d33b80f48f,true,768,true,"to","to",".","."
5890,PASS,67,67,true,45c30ce0-631b-4eab-bcef-63abdbed7b19,true,768,true,"contents","contents","57","57"
5891,PASS,87,87,true,b74514de-8ac6-4b09-bb1d-1498de344dbe,true,768,true,"cant","cant","86","86"
5892,PASS,87,87,true,51285903-0978-46c6-8412-deccb2da28d4,true,768,true,"cant","cant","115","115"
5893,PASS,87,87,true,20de942b-fff6-4b07-b413-86cc51956856,true,768,true,"cant","cant","144","144"
5894,PASS,72,72,true,933d5497-b4c9-4583-9e84-35eed24949f2,true,768,true,"cant","cant","168","168"
5895,PASS,4,4,true,103adf2f-6a1a-4956-809b-b63c0e41b83a,true,768,true,"part","part","parva","parva"
5896,PASS,318,318,true,400b5517-2fb6-4b78-96f5-46fd23c1b3db,true,768,true,"v","v","i","i"
5897,PASS,403,403,true,c21ab77e-0452-4ee7-949a-734bf2ac797c,true,768,true,"think","think",""","""
5898,PASS,352,352,true,05cdc058-4c3b-40a2-9f39-656fe5547b18,true,768,true,""",""",",",","
5899,PASS,357,357,true,59ed60b3-3b28-473a-afcc-83b41684b590,true,768,true,"modesty","modesty",""","""
5900,PASS,322,322,true,2f383592-181c-4e91-add1-20af5df524c9,true,768,true,"y","y","!","!"
5901,PASS,516,516,true,f180df69-fc58-4b2f-8794-fc2139ccea13,true,768,true,"panchachuda","panchachuda",",",","
5902,PASS,192,192,true,f99977e9-1ea8-4da9-89ce-d640fd7cb4cd,true,768,true,"is","is",""","""
5903,PASS,336,336,true,3972480b-6576-4bfe-8dfe-274b9f5e283a,true,768,true,"y","y","?","?"
5904,PASS,171,171,true,af7c56fd-4c1e-4cfb-8ed2-2b1a707829ca,true,768,true,"it","it","'","'"
5905,PASS,358,358,true,68002964-6ad4-4129-9213-adb7c83ecc3e,true,768,true,"b","b","is","is"
5906,PASS,502,502,true,8dd7b91f-016a-4ae9-a92a-ad9d2754029f,true,768,true,"the","the",""","""
5907,PASS,502,502,true,05a0057d-3e38-437f-9ddf-af0e88012ba3,true,768,true,"the","the",".","."
5908,PASS,506,506,true,cc83a8e2-595b-439a-806a-b5768aa3c750,true,768,true,"assuming","assuming","'","'"
5909,PASS,329,329,true,d61dbabe-6d07-421c-b2c8-50640a414f45,true,768,true,"b","b",""","""
5910,PASS,498,498,true,75416ddb-29cd-4064-95ac-f258e23eabed,true,768,true,"she","she","what","what"
5911,PASS,85,85,true,60dad1d3-5385-440e-bdbe-fd584110c201,true,768,true,"his","his","'","'"
5912,PASS,316,316,true,c57303bd-ae71-474d-ba43-9bbb207dee55,true,768,true,"b","b",""","""
5913,PASS,515,515,true,4a179b31-7c9e-43b4-8516-77b5a6d50542,true,768,true,"without","without",""","""
5914,PASS,38,38,true,1bf5aaee-7738-456e-ad7a-9b2a529a5681,true,768,true,"indeed","indeed","'","'"
5915,PASS,337,337,true,d0ecca0e-f51f-4a65-b72f-cdbc35f7f035,true,768,true,"b","b","was","was"
5916,PASS,436,436,true,98dba2c6-b3d7-417c-9e89-ab7cbeb7a227,true,768,true,"committed","committed",""","""
5917,PASS,294,294,true,90985db0-5e8d-49dc-960a-95f5a5db92bb,true,768,true,"y","y",".","."
5918,PASS,522,522,true,be5b11f4-edc6-45f6-bbee-225e72d0a6a6,true,768,true,"the","the","to","to"
5919,PASS,537,537,true,549ab8e6-3446-4757-8f75-798e1a51d183,true,768,true,"sin","sin","groom","groom"
5920,PASS,533,533,true,b8dd1a89-aab1-4081-9862-8587a94a4351,true,768,true,"possesses","possesses",""","""
5921,PASS,498,498,true,2f2dae50-4bd5-4c3d-a12a-9c78aa7c5a17,true,768,true,"i","i","such","such"
5922,PASS,253,253,true,0fa34faf-a17f-4abb-b2b3-979a710fec8e,true,768,true,"practice","practice","'","'"
5923,PASS,351,351,true,aefabad1-9751-438f-8848-c2e38768303f,true,768,true,"y","y","man","man"
5924,PASS,566,566,true,7b260131-58ca-4df4-a42c-ebc6924497e0,true,768,true,"and","and",".","."
5925,PASS,164,164,true,3c867446-b5e3-447f-ae46-8394ae2c8f80,true,768,true,"some","some","'","'"
5926,PASS,343,343,true,49c6589a-4fbc-416b-9c2f-9b791ce8fb5a,true,768,true,"b","b","men","men"
5927,PASS,237,237,true,39f614d0-ad5a-45e1-8e3c-a3db4fae8abf,true,768,true,"depend","depend",""","""
5928,PASS,359,359,true,fe057225-57c6-4292-8b7d-f9cb6b87a5bc,true,768,true,"y","y","son","son"
5929,PASS,520,520,true,69dd6009-8bc4-4dcb-ac05-067f08398e2d,true,768,true,"by","by",".","."
5930,PASS,530,530,true,8e3cb050-6919-4091-9204-835c6126efe4,true,768,true,"whatever","whatever",".","."
5931,PASS,535,535,true,1106c786-9b6e-4a8e-82ae-2882e204164e,true,768,true,"sons","sons","the","the"
5932,PASS,284,284,true,ff26ef18-89d8-4d60-8cf0-1233eb415630,true,768,true,"fifth","fifth","'","'"
5933,PASS,350,350,true,d8e1506d-2c2c-49da-a6b7-c47438b66c2d,true,768,true,"y","y",".","."
5934,PASS,501,501,true,6b2c0fe6-c34d-4e27-b4db-0692fead49d1,true,768,true,"the","the","immediately","immediately"
5935,PASS,457,457,true,3295704a-c836-4a12-96a6-e641826a9ddd,true,768,true,"below","below",",",","
5936,PASS,462,462,true,f929e4e9-1cf2-48a5-a455-64efcdd2a39f,true,768,true,"horses","horses","preserving","preserving"
5937,PASS,254,254,true,ba48313d-31c8-471c-810e-b858d8b0d0af,true,768,true,"others","others","'","'"
5938,PASS,316,316,true,3a4794f5-c71e-4d8c-b1e9-d6815875ea40,true,768,true,"b","b",",",","
5939,PASS,524,524,true,14fd7cfa-a901-45f4-a405-6a44071f0788,true,768,true,"without","without","vaisya","vaisya"
5940,PASS,547,547,true,2094c58d-c7e3-427a-bd59-c1abf865f07e,true,768,true,"woman","woman",".","."
5941,PASS,455,455,true,b0490603-2dc4-45c5-9a0a-b85cd7e5c946,true,768,true,"the","the",""","""
5942,PASS,353,353,true,c935acd3-254c-4ae6-aa73-81b31f673d7c,true,768,true,""",""",".","."
5943,PASS,388,388,true,dc1ff140-1564-466b-a476-489c1e96d100,true,768,true,"in","in",""","""
5944,PASS,302,302,true,58bbb5f0-ad64-4161-96f7-9bf1cf2b9cb7,true,768,true,""",""",""","""
5945,PASS,550,550,true,68af41a6-90ec-409c-8687-a8ed5bc0530a,true,768,true,"nahusha","nahusha","i","i"
5946,PASS,524,524,true,8a97a779-c84b-4966-bcb5-159b0f54c2d5,true,768,true,"think","think",""","""
5947,PASS,267,267,true,f0bcec0d-60c7-4d51-9521-1f6b84a779e6,true,768,true,"after","after","'","'"
5948,PASS,348,348,true,5cad3544-562f-45c3-944d-ae7367433157,true,768,true,"y","y",".","."
5949,PASS,518,518,true,35d0b950-3e48-4941-ba72-ac2ed7b549b9,true,768,true,"chyavana","chyavana",""","""
5950,PASS,420,420,true,c7a1044e-0e7f-4009-aff4-aba56d629893,true,768,true,"while","while",""","""
5951,PASS,326,326,true,0d1b1bfc-209c-4a30-9988-895ae5ba50d6,true,768,true,""",""","of","of"
5952,PASS,541,541,true,bb03b6d2-8c18-44c3-9f13-eb4fa709fd50,true,768,true,"those","those",",",","
5953,PASS,521,521,true,7e4ac5cc-4c71-446c-af0d-1ff694b6142d,true,768,true,"ready","ready","were","were"
5954,PASS,507,507,true,8cb9ca39-a817-4d80-a37e-4fcd60663ddf,true,768,true,"reduced","reduced","and","and"
5955,PASS,326,326,true,299d9aa7-fc69-43ce-8194-22be838b2cc4,true,768,true,"strong","strong",""","""
5956,PASS,326,326,true,977b841e-4603-4166-9e19-909612bad1a5,true,768,true,""",""","and","and"
5957,PASS,502,502,true,7cc1cd9f-3a9d-4393-9ee7-a5c84cca4ded,true,768,true,"katapatras","katapatras","the","the"
5958,PASS,378,378,true,fc9d415a-f224-4d20-9e87-fc6f00a3498b,true,768,true,"status","status",""","""
5959,PASS,349,349,true,18633c3a-2c02-469b-b8b0-75de4dba8110,true,768,true,"c","c","and","and"
5960,PASS,591,591,true,009e9dc1-f39f-415a-b2de-888af73a5e23,true,768,true,"kshatriya","kshatriya","who","who"
5961,PASS,207,207,true,2f450999-da23-4aef-9859-69b8c98ad2f2,true,768,true,"shall","shall",""","""
5962,PASS,357,357,true,de240ba2-fef8-4b7f-99e5-1c06ba39f5be,true,768,true,"c","c","will","will"
5963,PASS,304,304,true,4dc8c665-7b72-46a5-9111-f49decf2b979,true,768,true,"be","be",""","""
5964,PASS,337,337,true,f009f1a0-5184-49fe-8280-22535d5be0e2,true,768,true,""",""",".","."
5965,PASS,476,476,true,26bdcba8-d58f-41fc-bb3c-97e69e0ada9a,true,768,true,"by","by","and","and"
5966,PASS,497,497,true,955b5952-f917-42b0-be90-d71cd6b4bce7,true,768,true,"other","other","the","the"
5967,PASS,488,488,true,d5b7c671-e6c6-4177-b364-254d9027502e,true,768,true,"kingdom","kingdom","'","'"
5968,PASS,32,32,true,ab50e6f0-9553-493f-9944-6aa3859ab3fc,true,768,true,"at","at",""","""
5969,PASS,362,362,true,36970bab-c521-417c-8d44-5d99a449632a,true,768,true,""",""","that","that"
5970,PASS,537,537,true,7ba539d0-d5ea-40fa-af0e-7f6970f287e1,true,768,true,"are","are",".","."
5971,PASS,236,236,true,0bc2a98a-c284-4c02-866e-c7e4728d0d43,true,768,true,"the","the",""","""
5972,PASS,349,349,true,6be5915d-8aa3-42f4-ae3e-bea3628dee07,true,768,true,""",""","enemy","enemy"
5973,PASS,515,515,true,464090c9-b790-4c06-901e-bd57bddb48e8,true,768,true,"presents","presents","the","the"
5974,PASS,508,508,true,e8b9a0bb-ea41-401c-b1a0-cbc12a87c10b,true,768,true,"devotion","devotion",".","."
5975,PASS,358,358,true,33af65f2-f0fb-4400-92bd-9ee7c2bfb07e,true,768,true,"the","the",""","""
5976,PASS,352,352,true,d025faa0-5d34-4fde-8017-6423215692bf,true,768,true,""",""","of","of"
5977,PASS,497,497,true,6ba5d52a-749b-42f1-9b59-d25d26cda7a2,true,768,true,"consuming","consuming",",",","
5978,PASS,78,78,true,7cbd4c21-e2b0-4d19-b833-7744b715c0f9,true,768,true,"constitute","constitute",""","""
5979,PASS,329,329,true,efadec63-10fe-4c00-900a-b142fc2405bc,true,768,true,""",""","should","should"
5980,PASS,478,478,true,a1c7ad99-b4b6-4f9c-b3db-6d5a8ecb90fb,true,768,true,"regard","regard","be","be"
5981,PASS,490,490,true,246f6db9-81fd-48fb-9904-3cd4dcadb9f8,true,768,true,"destroyed","destroyed","all","all"
5982,PASS,271,271,true,8510c599-f7b3-4230-9c82-001d125de1d7,true,768,true,"discrimination","discrimination",""","""
5983,PASS,353,353,true,ed405f99-ec3a-4fdc-a225-46a5df3f9f15,true,768,true,""",""",".","."
5984,PASS,532,532,true,e00310ba-8ba0-4403-9616-50cc310df715,true,768,true,"a","a",",",","
5985,PASS,545,545,true,dbf32b46-804b-4c44-b467-a175f09ed299,true,768,true,"sacrifice","sacrifice","is","is"
5986,PASS,525,525,true,94baa27a-65c7-47da-9c04-3dea91412bc2,true,768,true,"even","even","by","by"
5987,PASS,519,519,true,5bf2feac-1477-411a-b23c-e4e784806b14,true,768,true,"plentiful","plentiful","he","he"
5988,PASS,505,505,true,87c13db1-6646-41e8-8f2b-e0d9bd374a32,true,768,true,"owes","owes","of","of"
5989,PASS,251,251,true,01ca0e55-0ce7-4742-8171-c761331e72b9,true,768,true,"great","great",""","""
5990,PASS,334,334,true,9b71d5e8-f09f-4232-9ddb-77fb1b9ece1d,true,768,true,""",""","the","the"
5991,PASS,545,545,true,c5decf12-0c5c-4a3b-9366-d37173eab119,true,768,true,"grihasta","grihasta","by","by"
5992,PASS,549,549,true,0c0e760e-a521-4e91-9f56-f07a17386567,true,768,true,"all","all","bones","bones"
5993,PASS,523,523,true,a8b08f4e-552d-4b70-a99c-e20b33385521,true,768,true,"and","and",".","."
5994,PASS,23,23,true,6a40bdbd-54de-493c-929e-65a1f3f67cfe,true,768,true,"and","and",""","""
5995,PASS,326,326,true,05a89837-098b-4310-9627-d435d962a5c7,true,768,true,""",""","in","in"
5996,PASS,507,507,true,43e543a5-5075-484f-b362-51f89c55e3f1,true,768,true,"effulgence","effulgence","good","good"
5997,PASS,434,434,true,d8a4ad4b-d303-4ff2-ab13-e669a13a12b4,true,768,true,"family","family",""","""
5998,PASS,347,347,true,0162c351-bcf2-4d3a-aa3c-70f2eef4e6e4,true,768,true,""",""","obtains","obtains"
5999,PASS,250,250,true,36fc1c26-c588-4500-9b91-67c87fc45dda,true,768,true,"every","every",""","""
6000,PASS,354,354,true,66e1dd91-d221-4483-babe-9897b18c8bc4,true,768,true,""",""","great","great"
6001,PASS,526,526,true,d28c7300-9349-4536-a67c-8ae7f65f3ae9,true,768,true,"virtue","virtue","the","the"
6002,PASS,539,539,true,ee00a18e-32ce-449b-8efd-ff27ad5a7853,true,768,true,"devas","devas","monsoons","monsoons"
6003,PASS,552,552,true,7fbec1c4-3f45-47ae-b0c1-3e9fedf41607,true,768,true,"do","do",".","."
6004,PASS,380,380,true,d4b6fdaf-60f7-4197-b650-08e7e7240d3f,true,768,true,"thus","thus",""","""
6005,PASS,360,360,true,042a74ed-d40a-428e-bbf5-aa48c3cc50a8,true,768,true,""",""","who","who"
6006,PASS,343,343,true,e13c383e-6128-4f11-9064-152ae5646c96,true,768,true,"makes","makes",""","""
6007,PASS,352,352,true,16de6447-ec8c-4765-a5c6-62b64db381b0,true,768,true,""",""",",",","
6008,PASS,551,551,true,48ca02c2-f70a-42e6-8b66-9b845f5fb6c2,true,768,true,"yama","yama","his","his"
6009,PASS,426,426,true,2f52bfc9-ad31-4fc4-bbb9-57ffd7ce70f3,true,768,true,"return","return",""","""
6010,PASS,353,353,true,5dbb3c80-6c01-495c-afaf-f7f34183620a,true,768,true,""",""","bullocks","bullocks"
6011,PASS,525,525,true,dee11445-a40b-4f42-8133-586665fab9b9,true,768,true,"should","should","peaceful","peaceful"
6012,PASS,99,99,true,4fe5de8e-c42a-469a-a375-00478ba6ba46,true,768,true,"disposition","disposition",""","""
6013,PASS,338,338,true,e179d8a2-d310-4bff-8e81-f4e80832ac14,true,768,true,"b","b",""","""
6014,PASS,523,523,true,6d2c9e8f-333f-490d-9ca1-c761b87a512a,true,768,true,"nriga","nriga","ascended","ascended"
6015,PASS,421,421,true,b2fe1352-7e92-4c25-863b-a6e241771557,true,768,true,"your","your",""","""
6016,PASS,355,355,true,8bc691d3-746b-4409-9503-4f0c4fd4abc1,true,768,true,""",""","his","his"
6017,PASS,531,531,true,a91e83e5-3298-436d-ae51-42eaf146abba,true,768,true,"father","father","with","with"
6018,PASS,509,509,true,c1145eb0-3438-4b65-a3cc-675be6c09f6a,true,768,true,"rows","rows","brahmanas","brahmanas"
6019,PASS,551,551,true,c74a5f15-8a53-495e-8134-f6e67fd310d1,true,768,true,"after","after","of","of"
6020,PASS,533,533,true,ae6d55fa-258f-4529-bcd7-512d393fcbcd,true,768,true,"kine","kine","of","of"
6021,PASS,527,527,true,bac4bf36-004c-4c4f-ba67-a49ef68f5f55,true,768,true,"those","those",".","."
6022,PASS,117,117,true,5f93bd54-787c-4a73-8737-839453435352,true,768,true,"choosing","choosing","'","'"
6023,PASS,349,349,true,72b064c2-c154-453b-b5e4-5f6eca5ac251,true,768,true,"y","y","and","and"
6024,PASS,151,151,true,8423424b-9dd1-4e4e-84b8-8ac94230777a,true,768,true,"how","how",""","""
6025,PASS,354,354,true,fe922ca9-5b92-4a79-a4ed-e4c6449776da,true,768,true,"t","t","all","all"
6026,PASS,501,501,true,441985ef-804b-4d08-96fe-1e1f044e8bb4,true,768,true,"creatures","creatures",".","."
6027,PASS,559,559,true,539f399e-0849-4166-ba5b-e61cdba5d57f,true,768,true,"that","that",",",","
6028,PASS,548,548,true,605408fd-8c93-40b6-abf2-5c692bfd23e9,true,768,true,"possessed","possessed","to","to"
6029,PASS,540,540,true,1e5cb580-882d-48f9-9c0b-7d24d975e8e1,true,768,true,"the","the","eternal","eternal"
6030,PASS,162,162,true,292ca904-345c-4ad3-acc5-07eb6e1c4319,true,768,true,"punya","punya","'","'"
6031,PASS,384,384,true,8e9ba370-731d-400d-94dd-d6c3c8a6a65b,true,768,true,"'","'","the","the"
6032,PASS,205,205,true,3e15bf1d-174d-43db-85ed-59bfd4a9b5b0,true,768,true,"entire","entire",""","""
6033,PASS,372,372,true,bf0271f2-6e30-48dc-a97c-39ae271ad3d1,true,768,true,""",""","both","both"
6034,PASS,533,533,true,85f89ca9-49e0-4c63-a38c-95120f96fa62,true,768,true,"here","here","of","of"
6035,PASS,514,514,true,5c900fce-3750-447c-a4f9-b07c12dd3eec,true,768,true,"service","service",".","."
6036,PASS,318,318,true,1c2578b6-33f4-49f1-bb01-0fd235c002b9,true,768,true,"niyati","niyati",""","""
6037,PASS,347,347,true,7144b9aa-8f1a-499d-81ff-a302eecd5d30,true,768,true,""",""","giving","giving"
6038,PASS,526,526,true,4fedda6e-d30c-44a6-9eee-cc3696e8b067,true,768,true,"away","away",".","."
6039,PASS,536,536,true,f2f9a1d7-7b85-44e0-97e8-1e31ea01b348,true,768,true,"the","the","that","that"
6040,PASS,443,443,true,9cfb9b84-6a07-4804-babc-f9ff66fe25c1,true,768,true,"knows","knows",""","""
6041,PASS,356,356,true,48336684-0d55-48bf-8f12-daab61cfa5dd,true,768,true,"v","v",",",","
6042,PASS,496,496,true,f94dd9b9-0cd7-48fa-a148-e08ab0694a2e,true,768,true,"young","young","spread","spread"
6043,PASS,509,509,true,92ead67a-19bf-4f9b-9dad-68e10e122f5a,true,768,true,"on","on","great","great"
6044,PASS,295,295,true,4bdf36f5-4f18-4846-8138-bda4cf9dbd2e,true,768,true,"tejas","tejas","'","'"
6045,PASS,336,336,true,c546331a-d3b1-4994-a8f6-ebecddd2f55f,true,768,true,"b","b","who","who"
6046,PASS,543,543,true,3c6def0f-3463-4fb8-b9d4-8cc92f38d821,true,768,true,"owns","owns",".","."
6047,PASS,168,168,true,c3cc92ca-437b-40eb-a3c9-599a1b2d1de9,true,768,true,"that","that","'","'"
6048,PASS,339,339,true,982b0aa1-d55f-47a6-bbff-7baeb20cba50,true,768,true,"'","'",",",","
6049,PASS,536,536,true,539a2eb9-1d4e-4ec0-a6ed-57eb016201c6,true,768,true,"and","and","the","the"
6050,PASS,230,230,true,67f4217c-b7a0-496d-9898-809cbbcd2f61,true,768,true,"apsaras","apsaras","'","'"
6051,PASS,336,336,true,7437a3cf-8e3d-4d9a-af5a-878015700b74,true,768,true,"'","'",".","."
6052,PASS,387,387,true,80f40c54-9eb2-4728-8fb0-a18751b45a9b,true,768,true,"they","they",""","""
6053,PASS,357,357,true,023bd313-8bc9-4284-9f22-c05fa0da9185,true,768,true,""",""","what","what"
6054,PASS,512,512,true,2933a815-ffaf-4a7e-a206-0e0b029a9ecb,true,768,true,"is","is","lambent","lambent"
6055,PASS,508,508,true,2f98f46e-632a-41ba-ba4a-8a9447ce51f1,true,768,true,"pearls","pearls",".","."
6056,PASS,466,466,true,6a344901-0a82-400e-a0e4-568b3ba726b5,true,768,true,"with","with",""","""
6057,PASS,391,391,true,1fe424af-b00b-48dc-8000-f1bf47999dea,true,768,true,""",""","wherever","wherever"
6058,PASS,548,548,true,02f8f739-c357-495c-bb89-24b96003a588,true,768,true,"you","you",""","""
6059,PASS,66,66,true,1cedf087-4bd7-45de-9f9f-c77a1af93ee3,true,768,true,"having","having",""","""
6060,PASS,350,350,true,5a5b2881-3c78-4b2e-811f-5e0ef0ce94d7,true,768,true,""",""","the","the"
6061,PASS,529,529,true,43735af3-f4fc-4e9b-82a6-848b0270de31,true,768,true,"perfumes","perfumes","and","and"
6062,PASS,545,545,true,f34c9c7e-e4f4-413a-a4ee-20f7ddd61e7c,true,768,true,"enchanting","enchanting","you","you"
6063,PASS,193,193,true,49b5d786-b5f4-442f-a031-6cb7821d6f37,true,768,true,"everything","everything",""","""
6064,PASS,357,357,true,0e172e83-98c7-49a4-b15c-21fd636f14d5,true,768,true,""",""",".","."
6065,PASS,509,509,true,d97d068d-2da2-4bcd-aaa6-0234b33afc72,true,768,true,"when","when","most","most"
6066,PASS,504,504,true,c0c11274-68a1-428d-89ff-b3efc67190c3,true,768,true,"purifying","purifying","favour","favour"
6067,PASS,544,544,true,d50bfb7d-fda2-40ce-89ff-509726c8b292,true,768,true,"me","me",".","."
6068,PASS,575,575,true,43c81fd4-fbf4-4e4a-9ef2-4812133b1dee,true,768,true,"suvarnadana","suvarnadana","entire","entire"
6069,PASS,427,427,true,44ae46b9-fe29-499b-a56f-9cb2879d4446,true,768,true,"universe","universe",""","""
6070,PASS,368,368,true,e5d7d6b3-3af5-4b31-8b1f-fb140993b61f,true,768,true,""",""",".","."
6071,PASS,552,552,true,87c26d72-2779-4f03-b5ee-31a54aaf82f6,true,768,true,"that","that","that","that"
6072,PASS,538,538,true,14d00ee1-a4ba-4940-ac9f-b0cf6ed0339e,true,768,true,"creature","creature","yet","yet"
6073,PASS,535,535,true,f8449dbf-20e9-4a78-8b69-3b98235a8738,true,768,true,"speech","speech","terrific","terrific"
6074,PASS,541,541,true,0e132e58-a38c-4f73-bbcf-0698b06aead6,true,768,true,"seed","seed","up","up"
6075,PASS,552,552,true,a38bc9c3-f2d5-490c-ab12-3c615faea777,true,768,true,"by","by","syllable","syllable"
6076,PASS,539,539,true,2c443f09-1e8f-4df7-a6a3-a26a814192c1,true,768,true,"aum","aum","all","all"
6077,PASS,530,530,true,873a6320-3032-4c1d-92b6-54e7dcfdea31,true,768,true,"creatures","creatures","excellent","excellent"
6078,PASS,535,535,true,2d79ee62-d422-4ed1-be7a-5ca69163934f,true,768,true,"sacrifice","sacrifice","by","by"
6079,PASS,517,517,true,36d0cc25-2c45-4ef1-a422-02cb3211bb7d,true,768,true,"mahadeva","mahadeva","your","your"
6080,PASS,541,541,true,5ab0d697-7a76-4a04-8217-126f34ac7ed9,true,768,true,"progeny","progeny",",",","
6081,PASS,372,372,true,7f40ca63-c6b9-4bf0-bea0-7393118af982,true,768,true,"and","and",""","""
6082,PASS,357,357,true,fa516943-419e-4477-8b46-459b83d39ab6,true,768,true,""",""",".","."
6083,PASS,512,512,true,37e909fd-5e11-4ca7-bb15-619383339d7a,true,768,true,"incomparably","incomparably","tigers","tigers"
6084,PASS,348,348,true,0a1f0972-ff2e-438c-ad32-65f01a279da3,true,768,true,"and","and",""","""
6085,PASS,330,330,true,a75bc0cf-783e-48f4-b23d-ea29a166ecc2,true,768,true,"v","v",".","."
6086,PASS,405,405,true,977c281c-dee3-4472-995e-428bdcca6b18,true,768,true,"by","by",""","""
6087,PASS,350,350,true,917429ab-9bbc-40cc-93f3-fead98b2caa9,true,768,true,""",""","anniversaries","anniversaries"
6088,PASS,257,257,true,5c081b1e-f9d5-44c5-b436-e6902c16cb66,true,768,true,"of","of",""","""
6089,PASS,304,304,true,b1047777-8682-47d0-8199-64e20d4accdf,true,768,true,""",""","under","under"
6090,PASS,238,238,true,32caf082-d8fc-4ce7-b356-b6f795c9068a,true,768,true,"the","the",""","""
6091,PASS,356,356,true,9f5f78e6-af7d-48f0-b554-2fd04c4cd9b3,true,768,true,""",""","employ","employ"
6092,PASS,571,571,true,cf7a10da-874b-4e1a-bfa9-1e57740d8239,true,768,true,"of","of","with","with"
6093,PASS,512,512,true,35cabd8c-21f4-4e26-ac03-974060ddf5fa,true,768,true,"white","white","after","after"
6094,PASS,510,510,true,632f6eec-6486-467d-8768-0b4a047b16ea,true,768,true,"performing","performing","world","world"
6095,PASS,500,500,true,9b9a2978-e4c3-4ca4-9513-a9842898e460,true,768,true,"by","by","to","to"
6096,PASS,135,135,true,49ae3570-5b3c-4884-9314-94dc1975e766,true,768,true,"knowledge","knowledge",""","""
6097,PASS,333,333,true,f59c6749-1877-4e83-b705-b68f462acba6,true,768,true,""",""",".","."
6098,PASS,526,526,true,537b7a72-8918-4786-9548-f73f8841459b,true,768,true,"with","with","be","be"
6099,PASS,494,494,true,cef2edc5-ba0d-4006-b629-65bd569c6a92,true,768,true,"praised","praised","or","or"
6100,PASS,156,156,true,c6d911d5-5da8-4b55-a110-17bb50fd0836,true,768,true,"with","with",""","""
6101,PASS,330,330,true,5e6c5709-4a5d-4b08-94ed-8c4b95079046,true,768,true,""",""",""","""
6102,PASS,520,520,true,08e9fffe-22ce-40a2-9347-10679e2fec07,true,768,true,"hearing","hearing",""","""
6103,PASS,357,357,true,b3691048-10cb-417d-9c1b-b81b2f864ffe,true,768,true,""",""","he","he"
6104,PASS,500,500,true,8576a16d-aaff-415a-8b50-59744122f94e,true,768,true,"should","should","all","all"
6105,PASS,503,503,true,ddd50116-ef64-4b09-b5c0-13317493cb94,true,768,true,"had","had",""","""
6106,PASS,523,523,true,03096fb4-ea29-4573-8f6e-b177c3241098,true,768,true,"the","the",""","""
6107,PASS,477,477,true,06372524-a374-4122-8d1f-1c6708fa9a72,true,768,true,"viswamitra","viswamitra",""","""
6108,PASS,547,547,true,28f7c375-4795-4e92-b9db-ec38b7a5b63d,true,768,true,"saying","saying","pangs","pangs"
6109,PASS,512,512,true,03641d35-5118-4ede-b34d-98d9396915c9,true,768,true,"of","of",""","""
6110,PASS,485,485,true,df1a47a6-d901-4041-bcbf-ba0bb5b673f0,true,768,true,"vasishta","vasishta",""","""
6111,PASS,478,478,true,9b834375-933a-464f-8503-b7a7e2506d16,true,768,true,"yatudhani","yatudhani",",",","
6112,PASS,496,496,true,d4864cce-df51-4c62-af9e-59b9bf983215,true,768,true,"brimming","brimming",""","""
6113,PASS,506,506,true,7a3bc1ee-cebf-43b3-87df-07503a04b04a,true,768,true,"gotama","gotama",""","""
6114,PASS,465,465,true,fe71e3d0-4977-4a63-9ca3-94b8d9c6410d,true,768,true,"all","all","'","'"
6115,PASS,318,318,true,078bb772-586f-480b-a1e7-997d848430c1,true,768,true,"b","b","on","on"
6116,PASS,502,502,true,1f6410ff-b26a-4420-856b-9ffbba5dcdc2,true,768,true,"the","the",""","""
6117,PASS,473,473,true,c24b1153-1359-44b2-88bd-5ae442925fea,true,768,true,"angiras","angiras",""","""
6118,PASS,522,522,true,e23103d6-da7d-40b3-9353-633cad8d9ad6,true,768,true,"narada","narada",""","""
6119,PASS,507,507,true,8e2ce9e9-dfa6-4bfd-b892-41bfaab32710,true,768,true,"after","after","by","by"
6120,PASS,24,24,true,130f0f2b-ef6e-4370-80c6-ca7bd40edc9a,true,768,true,"the","the",""","""
6121,PASS,354,354,true,4986fcf5-3bf0-4935-8b99-d92a083714af,true,768,true,""",""","rested","rested"
6122,PASS,497,497,true,9832e178-e9d9-448e-951b-1d58e27e8470,true,768,true,"for","for",""","""
6123,PASS,329,329,true,5bed9500-3503-483e-a5ee-f45feb2c3a3a,true,768,true,""",""","wild","wild"
6124,PASS,304,304,true,62c640f3-5b67-4326-95ae-61885f6219ea,true,768,true,"spirits","spirits","'","'"
6125,PASS,334,334,true,2f33bee0-3f57-47ff-b2df-aa0e33750e8a,true,768,true,"y","y",".","."
6126,PASS,434,434,true,dca93dbd-3a17-4118-ada9-e8fad46ec3ff,true,768,true,"these","these","'","'"
6127,PASS,301,301,true,03153e09-9beb-46c5-9c02-e45032636b58,true,768,true,"y","y",""","""
6128,PASS,519,519,true,1ca2c951-243f-49af-8835-1316bb6e19d1,true,768,true,"manu","manu",".","."
6129,PASS,483,483,true,21cf49d9-ef2f-4a9d-ada3-9137acc9cc15,true,768,true,"flowers","flowers",".","."
6130,PASS,539,539,true,4db1766a-3f70-457a-83d4-213e998d8609,true,768,true,"i","i","steals","steals"
6131,PASS,495,495,true,5be43985-db21-4d35-84da-8debf73fbf23,true,768,true,"a","a",".","."
6132,PASS,179,179,true,7166c08b-71b9-40f9-991f-c26092254f1e,true,768,true,"such","such",""","""
6133,PASS,352,352,true,65d61c70-4e63-4ae5-b101-f7310f5779e3,true,768,true,""",""","he","he"
6134,PASS,523,523,true,11bf0ba1-e1af-4fea-96b2-33a8fb224809,true,768,true,"ceased","ceased",".","."
6135,PASS,171,171,true,33d4f1b6-176f-4085-b2af-a42c39a21131,true,768,true,"today","today",""","""
6136,PASS,329,329,true,9de89dd5-cdc6-4480-ac41-61a262554525,true,768,true,""",""","to","to"
6137,PASS,508,508,true,6afbe624-7483-4af8-818c-390feb7176a4,true,768,true,"those","those","down","down"
6138,PASS,502,502,true,50f23b09-1f7a-43b0-ae44-f6390dead561,true,768,true,"into","into",".","."
6139,PASS,32,32,true,1f23fff1-0a83-4d2d-8fe5-c0487a3b9cfc,true,768,true,"the","the",""","""
6140,PASS,343,343,true,1e4d054d-5fbb-4d7a-8ce7-672c97590197,true,768,true,""",""","as","as"
6141,PASS,577,577,true,271bd862-d817-4aab-903e-c287f353b499,true,768,true,"regards","regards",",",","
6142,PASS,203,203,true,8a5d49cb-25ba-456e-ac24-342d845389fe,true,768,true,"resolve","resolve","'","'"
6143,PASS,367,367,true,9aeb7551-8115-452e-b469-71e0d9fc74a5,true,768,true,""",""","to","to"
6144,PASS,469,469,true,39af540f-8aab-4efc-8a01-0c5070efbcd7,true,768,true,"me","me","who","who"
6145,PASS,525,525,true,219556e9-d2ff-4223-96d8-81a5ff0eb9d0,true,768,true,"eat","eat","that","that"
6146,PASS,511,511,true,fc9986d2-dcd3-4e64-acdb-8207a9c0b05b,true,768,true,"regard","regard","three","three"
6147,PASS,501,501,true,5cd3eb2d-00ad-4df0-8a6f-d73a2f2544d2,true,768,true,"years","years","forests","forests"
6148,PASS,543,543,true,09be19f3-ab41-4425-8673-8d83d455ff78,true,768,true,"of","of","of","of"
6149,PASS,289,289,true,2677e185-309e-4150-a8f3-6193d95f53f4,true,768,true,"my","my",""","""
6150,PASS,339,339,true,43c4c4d8-2a9b-4231-b17c-d4c875dccf27,true,768,true,""",""",".","."
6151,PASS,502,502,true,a05f8e24-a2af-4d76-af87-0f946efad311,true,768,true,"for","for",".","."
6152,PASS,506,506,true,1e68c83d-4249-4296-83c1-3475841b5500,true,768,true,"at","at","i","i"
6153,PASS,544,544,true,626c3685-a6b4-49a5-8261-4bde2af8648d,true,768,true,"performed","performed",",",","
6154,PASS,53,53,true,a22cb2e0-d03a-4720-b354-c9783baf9bd4,true,768,true,"the","the",""","""
6155,PASS,360,360,true,29e8f8b9-50a5-4c9c-b740-f2a5c65b2acc,true,768,true,""",""","conduct","conduct"
6156,PASS,510,510,true,14298211-cc5c-4049-83d0-96ae0aaee353,true,768,true,"succeeds","succeeds","the","the"
6157,PASS,549,549,true,d2c7a772-23fe-40f4-9b23-12ce5ff9dffc,true,768,true,"wives","wives",".","."
6158,PASS,584,584,true,bad6dea2-1b25-4783-aabe-a3ad1a5651f6,true,768,true,"one","one",".","."
6159,PASS,519,519,true,d48fbb1c-4fa4-46b5-8c5b-b77996538aa1,true,768,true,"one","one",".","."
6160,PASS,542,542,true,edafbdcc-195c-4071-9db2-ce3087cccedd,true,768,true,"one","one","that","that"
6161,PASS,549,549,true,5de04970-b0cc-4de0-8572-94d68ef39df6,true,768,true,"wishes","wishes","ever","ever"
6162,PASS,542,542,true,f61f1efc-4899-4f68-8f36-421618e4bc22,true,768,true,"eat","eat",".","."
6163,PASS,537,537,true,e9cba954-88d1-4433-bacc-3610ac6f3da0,true,768,true,"after","after","or","or"
6164,PASS,512,512,true,6f180f8c-0d41-433c-a7f7-aa844c68c4ff,true,768,true,"seek","seek","sraddha","sraddha"
6165,PASS,529,529,true,fa64ca33-b6c2-471c-9834-e19d3c2c472e,true,768,true,"should","should",".","."
6166,PASS,500,500,true,1852d361-f1ad-48e0-899c-6bbcc8e71451,true,768,true,"one","one",".","."
6167,PASS,238,238,true,47904869-417c-48c1-aacf-32e100f762fc,true,768,true,"kinsmen","kinsmen",""","""
6168,PASS,321,321,true,6beaae01-be6e-48b8-88ec-ca8e6c4efa83,true,768,true,""",""","the","the"
6169,PASS,491,491,true,445fe841-e291-4c30-8029-b8a94ebfcf6a,true,768,true,"eldest","eldest",""","""
6170,PASS,320,320,true,dbf67fa7-e3b5-4f98-b439-c679765ae0af,true,768,true,""",""","'","'"
6171,PASS,535,535,true,3602dd9d-898b-459d-9f3b-2a5841284321,true,768,true,"angiras","angiras","or","or"
6172,PASS,508,508,true,208e89db-3645-4b1c-8a17-44f0ec40e438,true,768,true,"woman","woman","the","the"
6173,PASS,517,517,true,75d632dd-e627-437a-8b6d-0646e53f8261,true,768,true,"exhaustion","exhaustion","rides","rides"
6174,PASS,509,509,true,0d8df6d6-d2c8-483f-b589-56519779d6a7,true,768,true,"in","in","one","one"
6175,PASS,50,50,true,51d5d202-2d91-4a95-9912-5c940a3d5eca,true,768,true,"freed","freed",""","""
6176,PASS,345,345,true,e363b8c5-bbd7-440a-bf9e-6945ad024c9e,true,768,true,""",""","is","is"
6177,PASS,503,503,true,bd7b1128-1536-4c6e-93d8-5add168f2755,true,768,true,"regarded","regarded","his","his"
6178,PASS,521,521,true,0aa7555f-9df8-4a76-9efb-dbcf2193bc45,true,768,true,"prayers","prayers","of","of"
6179,PASS,514,514,true,33fa275c-eeff-49e1-8f1d-b9286f926ead,true,768,true,"all","all","in","in"
6180,PASS,518,518,true,30fe5b27-2e4a-4764-8d9a-5e3a2bddcc88,true,768,true,"attaining","attaining","as","as"
6181,PASS,513,513,true,9d7ac5c0-9f34-4556-96fc-d87edc39c535,true,768,true,"those","those",",",","
6182,PASS,521,521,true,51621f04-89b6-41b3-bc6a-d1a8a2676700,true,768,true,"and","and","of","of"
6183,PASS,492,492,true,c4b1df23-dbd1-4771-a71d-fc8d55c7dff3,true,768,true,"the","the",".","."
6184,PASS,518,518,true,ff998ca3-2a3e-4ff6-9f85-2e46410f7a16,true,768,true,"the","the",".","."
6185,PASS,368,368,true,47d66bdb-2995-4edb-b445-9d4a7af8e78d,true,768,true,"the","the",""","""
6186,PASS,352,352,true,bb41163b-7051-480d-a3d6-95f5fa4c7eba,true,768,true,""",""","of","of"
6187,PASS,523,523,true,d9001f20-ab6d-42cf-9e3e-3b1db80036b7,true,768,true,"outward","outward","as","as"
6188,PASS,37,37,true,b28beebe-b922-4b4b-a8cf-572003bc6985,true,768,true,"also","also",""","""
6189,PASS,344,344,true,381478ed-13a2-47fe-ae03-50c3e22a2358,true,768,true,""",""","of","of"
6190,PASS,355,355,true,34342c85-19f5-4db9-a872-8aed9553eaea,true,768,true,"jyeshta","jyeshta",""","""
6191,PASS,334,334,true,458a4b8c-4814-48c3-902c-6c22b890d97b,true,768,true,"v","v",""","""
6192,PASS,335,335,true,80c24eef-25c2-4b69-9672-65c5b7cc1bc5,true,768,true,""",""","the","the"
6193,PASS,557,557,true,d81e868e-96bf-463c-9705-ce7e07ec4798,true,768,true,"friend","friend","'","'"
6194,PASS,536,536,true,1d59eda6-109a-4596-a35f-75aaca7c7d84,true,768,true,"yudhishtira","yudhishtira","to","to"
6195,PASS,560,560,true,e230e854-923b-4090-83e2-578705279fdf,true,768,true,"go","go",".","."
6196,PASS,571,571,true,1c958dbe-17a3-4f2e-bba6-af9733de43ba,true,768,true,"if","if",".","."
6197,PASS,574,574,true,60ad504e-4fe7-4bdd-bb1f-70e885c79e31,true,768,true,"having","having",".","."
6198,PASS,568,568,true,127ab983-4942-4ced-a8ae-572933cbf296,true,768,true,"the","the","one","one"
6199,PASS,569,569,true,0eee946e-1e9a-4504-8d0a-bcd1515314b1,true,768,true,"becomes","becomes","expiate","expiate"
6200,PASS,249,249,true,72a1fe2e-984f-48db-962a-009790c01334,true,768,true,"them","them",""","""
6201,PASS,356,356,true,9588c650-c95f-4fa0-adad-5bd6ae9c4dae,true,768,true,""",""","of","of"
6202,PASS,494,494,true,5b0670e3-b5f2-4166-9421-fe6806f7f79c,true,768,true,"living","living","should","should"
6203,PASS,156,156,true,7cbded00-bdb6-4539-9f17-5ab6f4d7b4b3,true,768,true,"always","always",""","""
6204,PASS,340,340,true,5025479c-e143-49f4-b50c-41c5b5eb4847,true,768,true,""",""","the","the"
6205,PASS,71,71,true,75eea50e-a6ba-4df0-84ce-d7b29ee0d4ff,true,768,true,"injurer","injurer",""","""
6206,PASS,383,383,true,3f91eb77-3509-4e29-b593-9f487e4ccefa,true,768,true,"v","v","of","of"
6207,PASS,236,236,true,89481216-c0d5-4d58-982c-7eecc4e26556,true,768,true,"human","human",""","""
6208,PASS,336,336,true,a2b8a6b6-45cf-4cdd-8b24-1eaa6b60ae41,true,768,true,""",""",",",","
6209,PASS,510,510,true,c26185de-1d4b-436a-8936-bebcc8b80af3,true,768,true,"innumerable","innumerable","healthy","healthy"
6210,PASS,517,517,true,5e701273-fb77-41a0-a7a7-b426ab671ce0,true,768,true,"creatures","creatures","a","a"
6211,PASS,515,515,true,f57ad121-4aaf-4bdb-ae4d-816517cf5b0e,true,768,true,"great","great","honour","honour"
6212,PASS,511,511,true,1484c113-3607-4517-addc-022d046a99b2,true,768,true,"of","of","lighted","lighted"
6213,PASS,487,487,true,4d06f8b1-acbb-48da-b0d3-83b831b0bcbf,true,768,true,"fortnight","fortnight",""","""
6214,PASS,363,363,true,f79e7126-32e5-4b5f-9619-21bdf63bb96d,true,768,true,""",""","show","show"
6215,PASS,544,544,true,583a630a-585a-48b3-a1e6-ac9add8329fb,true,768,true,"mercy","mercy","the","the"
6216,PASS,493,493,true,e5f41efc-b03e-4be9-8cf8-3f64e0f56ac6,true,768,true,"time","time","the","the"
6217,PASS,101,101,true,84098985-3c87-484b-9ecb-e9016447f1b6,true,768,true,"merit","merit",""","""
6218,PASS,372,372,true,bfa2f2cd-f0e3-47a0-afed-be1203f2259d,true,768,true,""",""","it","it"
6219,PASS,562,562,true,d655300f-b039-4e94-a7d1-6b27805c929a,true,768,true,"draws","draws","with","with"
6220,PASS,168,168,true,52816053-a3d3-4daa-9b40-cd61a68948b4,true,768,true,"cruelty","cruelty","'","'"
6221,PASS,340,340,true,b8c2aa4a-e15f-46e7-9d37-4372eb614bdb,true,768,true,"'","'",""","""
6222,PASS,558,558,true,e30a2612-b159-4a16-ad30-018ee0306739,true,768,true,"the","the","will","will"
6223,PASS,95,95,true,08296cf5-e35a-4a38-bf2d-f715b049ab20,true,768,true,"then","then","'","'"
6224,PASS,334,334,true,ac56e36e-838c-40ab-8903-451fbedc88ec,true,768,true,"b","b","an","an"
6225,PASS,271,271,true,9ef72662-5e58-45e4-87a3-1fe37c014a4b,true,768,true,"honourable","honourable","'","'"
6226,PASS,359,359,true,fe85ea72-2464-4d5c-a137-ea3ec0de17ba,true,768,true,"y","y","three","three"
6227,PASS,510,510,true,65b4ed5a-f53a-47e6-a8d4-28b15e6d4047,true,768,true,"paths","paths","the","the"
6228,PASS,126,126,true,1b0c2b06-eded-4061-9b5a-14c078f66835,true,768,true,"duties","duties","'","'"
6229,PASS,322,322,true,a866f140-a5f3-4dbb-aabc-ca3be04b6833,true,768,true,"b","b",".","."
6230,PASS,413,413,true,73904a4b-8a9a-459a-b665-243a7a8f1c95,true,768,true,"from","from","'","'"
6231,PASS,345,345,true,0f86eca3-0ec3-416f-adc2-d1b071b18ce7,true,768,true,""",""","one","one"
6232,PASS,367,367,true,810749a1-bdaf-44dd-a6cb-5d8670b537b4,true,768,true,"should","should","'","'"
6233,PASS,330,330,true,b03be349-fe1a-4c71-a231-96dc4610da4a,true,768,true,"y","y","pitris","pitris"
6234,PASS,408,408,true,d18bdd77-651c-46d1-abba-86c949e0d76a,true,768,true,"and","and","'","'"
6235,PASS,321,321,true,329e96ec-74aa-4479-a117-c8c53604da24,true,768,true,""",""",",",","
6236,PASS,541,541,true,fb024c96-d9a7-424f-9aa2-80183c7d6064,true,768,true,"your","your","of","of"
6237,PASS,519,519,true,dd714a25-fd14-46d0-b205-db8017d13ffa,true,768,true,"wealthy","wealthy",".","."
6238,PASS,79,79,true,8777afa9-4038-4c49-9b1f-66699925706a,true,768,true,"beholding","beholding","'","'"
6239,PASS,324,324,true,f1f37218-91d7-4c8f-bd86-d18127c163d3,true,768,true,"y","y",".","."
6240,PASS,535,535,true,ecfed0ef-9014-4322-b68e-d2e6ee1925d3,true,768,true,"equal","equal","to","to"
6241,PASS,557,557,true,73a1a887-2be5-45a0-b3e3-eaf4073500a3,true,768,true,"whom","whom","ever","ever"
6242,PASS,506,506,true,3693d243-026b-49b9-945e-26f30af1383e,true,768,true,"devoted","devoted",".","."
6243,PASS,535,535,true,79a82566-225f-4a6c-aa8b-7d23ccc7ff9d,true,768,true,"sakra","sakra",".","."
6244,PASS,533,533,true,2392b1b8-1b90-4adc-a975-09dda0f2c88b,true,768,true,"those","those","freed","freed"
6245,PASS,248,248,true,a002bd8c-d0f0-4a20-a68b-2c887d3d989e,true,768,true,"that","that","'","'"
6246,PASS,327,327,true,bddbd380-c642-47a3-9e94-959cc1158ad7,true,768,true,"b","b","from","from"
6247,PASS,537,537,true,4b6f8d3f-e50c-4dbb-af97-2a317e0412de,true,768,true,"the","the","to","to"
6248,PASS,547,547,true,ec9c34c0-997b-4a03-94e5-320732f9e741,true,768,true,"subsidiary","subsidiary",".","."
6249,PASS,373,373,true,a141e6b4-18ed-4f4d-b791-a5d7e26d3c03,true,768,true,"such","such",""","""
6250,PASS,351,351,true,9f27fd4a-f289-4359-9982-48ec46373448,true,768,true,"v","v","are","are"
6251,PASS,501,501,true,2b4af404-0447-4924-a009-f90a606a364f,true,768,true,"performed","performed","'","'"
6252,PASS,343,343,true,df95f77c-9c29-4784-ab9f-b51c37ec24f7,true,768,true,"'","'",".","."
6253,PASS,84,84,true,bf589102-50fb-4e7e-8aa2-18d284b3495b,true,768,true,"his","his",""","""
6254,PASS,341,341,true,27c64b3c-ea5c-4172-a587-517d776f89b2,true,768,true,"l","l","great","great"
6255,PASS,209,209,true,0a541428-5fc0-4855-8dbe-9d94838d0d7f,true,768,true,"happiness","happiness","'","'"
6256,PASS,341,341,true,73556849-e8c0-49d2-a1a5-be07f3b13d66,true,768,true,"b","b","owns","owns"
6257,PASS,522,522,true,c4260b00-26c6-44a4-85cf-1a895e52704a,true,768,true,"bhakti","bhakti",".","."
6258,PASS,538,538,true,1ee19235-c475-4cd8-b100-d618ab0cde08,true,768,true,"i","i","the","the"
6259,PASS,172,172,true,7da74a2f-d22e-406a-af13-8184fc84ced0,true,768,true,"mahatman","mahatman","'","'"
6260,PASS,329,329,true,58154dfc-d950-4da8-9569-f003cb401965,true,768,true,"b","b","ghee","ghee"
6261,PASS,191,191,true,4e0aae5a-f991-4f9a-a408-97a4a34fe57b,true,768,true,"and","and","'","'"
6262,PASS,341,341,true,24c2a6b6-c268-4f54-b9f8-c5c57e21b534,true,768,true,"b","b","bali","bali"
6263,PASS,291,291,true,23c1ea58-4b59-4785-8f74-9af6b76582ef,true,768,true,"offerings","offerings","'","'"
6264,PASS,319,319,true,912b995e-eff3-4206-b111-decf75f49f09,true,768,true,"b","b","'","'"
6265,PASS,351,351,true,a4f342dc-fe12-4d92-b394-4cfe0c9dc369,true,768,true,"'","'","actual","actual"
6266,PASS,364,364,true,8d52e8c4-90dd-4938-83f1-12303da24777,true,768,true,"performance","performance",""","""
6267,PASS,350,350,true,bd0886f4-0d12-4096-8c08-06a1b195a6f2,true,768,true,""",""","be","be"
6268,PASS,416,416,true,8d4b7304-befb-46ce-926e-8e2f2a18b674,true,768,true,"considered","considered",""","""
6269,PASS,342,342,true,e440fef8-ae24-4d05-9281-9d4f8030a4fb,true,768,true,""",""","a","a"
6270,PASS,475,475,true,38a4f551-eb80-43f3-8f3f-95c231b9c78b,true,768,true,"hundred","hundred",""","""
6271,PASS,308,308,true,4a6f32b9-b513-49df-81bc-0036fc63aafb,true,768,true,"y","y",",",","
6272,PASS,454,454,true,df3a2262-f25a-4fd4-8105-58204540f016,true,768,true,"friends","friends",".","."
6273,PASS,92,92,true,8d15e172-7cfc-42b4-a495-862c283e1e85,true,768,true,"i","i",""","""
6274,PASS,371,371,true,b6283598-6fa0-4f63-9b7a-515fd147dd14,true,768,true,""",""",",",","
6275,PASS,137,137,true,faf8be60-99a9-4aab-8008-bfd9c0870fb7,true,768,true,"and","and",""","""
6276,PASS,339,339,true,ee191774-0da5-406b-86dd-be90940b7f74,true,768,true,""",""","who","who"
6277,PASS,499,499,true,5a00f3d0-9a62-494b-94a6-584c90df7f32,true,768,true,"is","is","wonder","wonder"
6278,PASS,526,526,true,6d201885-014d-4fb7-a117-1faa087076ed,true,768,true,"filled","filled",".","."
6279,PASS,481,481,true,e97072ee-f0dd-40a6-a653-6c0a50941354,true,768,true,"rishis","rishis",""","""
6280,PASS,349,349,true,022d35a9-1876-40db-99e7-68673739a526,true,768,true,""",""","it","it"
6281,PASS,521,521,true,9dfaaf00-0863-4d13-a74f-aec3f0c419f9,true,768,true,"teemed","teemed",".","."
6282,PASS,504,504,true,944ac3a5-bcae-4d01-b3de-27cf4a3b08d6,true,768,true,"then","then","himavat","himavat"
6283,PASS,529,529,true,81f3fbc9-0353-4a43-ab1a-c07802db7377,true,768,true,"consumed","consumed",""","""
6284,PASS,374,374,true,32442fcd-d430-4d55-bc3f-bc2a03840689,true,768,true,""",""","her","her"
6285,PASS,548,548,true,11c51444-1d69-45bb-8158-18ae1d8e7088,true,768,true,"there","there",".","."
6286,PASS,546,546,true,cfe88fac-8738-4f36-b8c1-d76710d3a74e,true,768,true,"maheswara","maheswara","another","another"
6287,PASS,500,500,true,356df958-5135-4aa4-a3f1-354c365e35f9,true,768,true,"dharma","dharma","with","with"
6288,PASS,477,477,true,6c9ae645-6695-402a-a77f-cdf399bbf26b,true,768,true,"dharma","dharma","'","'"
6289,PASS,517,517,true,a2c28ff6-2542-4f68-a863-a92ddefdfd04,true,768,true,"uma","uma","remains","remains"
6290,PASS,504,504,true,e2ff0f69-c796-4e65-9bfc-ed84047b5bdd,true,768,true,"after","after","samkhya","samkhya"
6291,PASS,538,538,true,c6fdfdd4-78a4-45b0-b59a-dfc3e718f57c,true,768,true,"philosophy","philosophy","of","of"
6292,PASS,500,500,true,8a76fcf1-7f86-4aef-a928-14b25d5d0637,true,768,true,"those","those","do","do"
6293,PASS,358,358,true,01da8e9d-10ac-4d22-b178-0f84d2d20625,true,768,true,"you","you",""","""
6294,PASS,334,334,true,878840f2-dcec-4853-bcd1-6a88a46f18aa,true,768,true,""",""","with","with"
6295,PASS,518,518,true,df96006d-ace5-419f-bb47-3f90c2382c69,true,768,true,"hearts","hearts","the","the"
6296,PASS,461,461,true,88da344e-c146-41c0-99cf-479df75d7598,true,768,true,"wilderness","wilderness","the","the"
6297,PASS,527,527,true,f30658c7-ec30-447c-89a2-68e2d8816ae7,true,768,true,"best","best","great","great"
6298,PASS,522,522,true,80dc2fec-ba20-46b5-ae5d-60a39b3e5225,true,768,true,"felicity","felicity","having","having"
6299,PASS,92,92,true,72c7a80a-2c04-43f8-9f23-adba2d23c41d,true,768,true,"renounced","renounced","'","'"
6300,PASS,341,341,true,5a461221-d3b9-4b9e-ab20-614c07cea935,true,768,true,"u","u","little","little"
6301,PASS,542,542,true,dac2ced8-6546-4f16-9853-3291fe66c514,true,768,true,"understanding","understanding","who","who"
6302,PASS,510,510,true,1bd52c0e-499a-4ada-8a31-57e358aea3ef,true,768,true,"becomes","becomes",".","."
6303,PASS,512,512,true,dcb0d5cf-3705-4eac-ac0f-54f6155209fa,true,768,true,"he","he",".","."
6304,PASS,533,533,true,a4e6d705-8e64-4756-800c-c44f94f3eefe,true,768,true,"by","by",".","."
6305,PASS,83,83,true,7c5d2553-5976-4357-ba2b-b783e02362dc,true,768,true,"once","once",""","""
6306,PASS,350,350,true,de49f2ad-bcb9-4d8d-b444-bafbc063f2f9,true,768,true,""",""",".","."
6307,PASS,507,507,true,92f0240f-eacd-4a78-8dcc-72083e828dc2,true,768,true,"men","men","their","their"
6308,PASS,506,506,true,a28538c3-5a7b-4533-875f-0f419c9a2464,true,768,true,"souls","souls","devas","devas"
6309,PASS,509,509,true,a0825568-db6f-4f9c-bb8d-f4c5e8480b25,true,768,true,"and","and","o","o"
6310,PASS,233,233,true,04468b81-4438-4029-b64b-dacc023d7fda,true,768,true,"devi","devi",""","""
6311,PASS,336,336,true,f15b5810-d9b4-4745-a64c-6ae65b0ca07a,true,768,true,""",""",".","."
6312,PASS,521,521,true,049c72b0-270b-490d-9df9-fa8dff898c38,true,768,true,"there","there",".","."
6313,PASS,520,520,true,9fbc18a1-a70b-4565-b214-2a31396f0c45,true,768,true,"he","he","never","never"
6314,PASS,527,527,true,a77b4a03-25a2-4635-a1f8-91eeaa164483,true,768,true,"inspires","inspires","in","in"
6315,PASS,475,475,true,c2195f87-d8c9-41ba-a3c3-231642a25aa7,true,768,true,"sexual","sexual",""","""
6316,PASS,356,356,true,7661ae61-c7d7-461c-a150-fd84a8ff04df,true,768,true,""",""",".","."
6317,PASS,534,534,true,03bb52bd-1b6f-4528-b0f3-4b603e6ca6f9,true,768,true,"the","the","who","who"
6318,PASS,501,501,true,66ffb0f0-edb9-42fa-963d-3b5fca1a406b,true,768,true,"worshipped","worshipped",".","."
6319,PASS,524,524,true,ff9b8c3b-375f-4e19-8b2a-b1bb03d3029f,true,768,true,"listening","listening","after","after"
6320,PASS,500,500,true,26e9fce4-2302-4748-b7e5-5f775c56f865,true,768,true,"the","the",""","""
6321,PASS,373,373,true,3cdcb5ff-80b7-4d32-af27-b239e43dc523,true,768,true,""",""","the","the"
6322,PASS,518,518,true,814c7a4e-0349-4434-be2f-ddbad492d54a,true,768,true,"purposes","purposes","the","the"
6323,PASS,510,510,true,1d83eee7-ae22-457d-9671-b27ec3dac112,true,768,true,"auspicious","auspicious",".","."
6324,PASS,497,497,true,10bc971b-6760-4a54-b1b7-2345c5f8e144,true,768,true,"he","he","that","that"
6325,PASS,394,394,true,96b3c2ef-d204-4318-8c8e-1cfaf4a32b06,true,768,true,"mighty","mighty",""","""
6326,PASS,324,324,true,729e0ada-4405-439b-a733-e3f99739e2b0,true,768,true,"n","n","!","!"
6327,PASS,552,552,true,e1b44bcb-2573-49ea-93c6-41bade1b1956,true,768,true,"o","o",".","."
6328,PASS,528,528,true,57ccc36e-d6fb-4ae5-8a06-4ba370e4be36,true,768,true,"he","he","your","your"
6329,PASS,516,516,true,fead3af7-6126-413b-9cc6-1192056ea9c9,true,768,true,"kinsmen","kinsmen","who","who"
6330,PASS,484,484,true,0ae1aace-fcf8-41db-bdfd-2cda5fb6be36,true,768,true,"wishes","wishes",""","""
6331,PASS,332,332,true,e1186c4a-3bf9-4df9-914a-0a1e4a3afd35,true,768,true,"v","v","the","the"
6332,PASS,334,334,true,d41c2327-49b7-4f00-b97c-f50c2f31d535,true,768,true,"origin","origin","madhusudana","madhusudana"
6333,PASS,195,195,true,1833f84b-8e9a-45be-aa20-5f26fc2317f2,true,768,true,"iswara","iswara","nara","nara"
6334,PASS,181,181,true,8db4b513-ccf5-4905-9382-f9896a1379c4,true,768,true,"asankhyeya","asankhyeya","adokshaja","adokshaja"
6335,PASS,180,180,true,141ec0cf-c992-4472-8e54-247b03c7a256,true,768,true,"ritu","ritu","paarayanam","paarayanam"
6336,PASS,174,174,true,156cf5b9-092f-4b9e-824e-018022b085df,true,768,true,"subhanga","subhanga","dharaadhara","dharaadhara"
6337,PASS,179,179,true,0c55ec2a-2aa2-4ad7-842c-b6813dd1ef71,true,768,true,"tejovrisha","tejovrisha","punyasravanakirtana","punyasravanakirtana"
6338,PASS,353,353,true,deafdcd7-01cf-4c05-bf8f-431d3fda668c,true,768,true,"uttaarana","uttaarana","and","and"
6339,PASS,498,498,true,32e1b004-958c-45aa-b563-ebec699691d0,true,768,true,"accomplishments","accomplishments","the","the"
6340,PASS,34,34,true,4598184a-cf26-4efc-9a98-5c1940506b6b,true,768,true,"universe","universe",""","""
6341,PASS,362,362,true,5e7ccd90-6c43-47d8-8002-2bcf17b4295a,true,768,true,""",""",".","."
6342,PASS,517,517,true,ad8bfc9a-ed3b-4db0-bd17-488189e32193,true,768,true,"salutations","salutations",",",","
6343,PASS,530,530,true,c7dfd5ef-8cf4-4c48-a6e6-61bea7e94575,true,768,true,"the","the","these","these"
6344,PASS,511,511,true,bdda0130-9a0c-48b6-9974-720f2440a8e4,true,768,true,"seven","seven",".","."
6345,PASS,563,563,true,469a38d8-e7f3-4dae-b8c2-70c223bd1c40,true,768,true,"some","some","the","the"
6346,PASS,537,537,true,1230ae18-af78-4475-b33b-115dbb01ee61,true,768,true,"sacrificial","sacrificial","-","-"
6347,PASS,126,126,true,3c3fc144-8a39-41b3-878c-e4109cfd5285,true,768,true,"conversant","conversant",""","""
6348,PASS,327,327,true,c58d9a2e-4ad5-4706-82be-2f458647e0c3,true,768,true,""",""","under","under"
6349,PASS,501,501,true,89c7a83a-924a-4be7-bb29-66d11c438a0e,true,768,true,"heavy","heavy","of","of"
6350,PASS,120,120,true,a5bed825-ef67-4f41-b7d7-0ae67f779d5b,true,768,true,"knowledge","knowledge",""","""
6351,PASS,341,341,true,6590cf87-87d0-4a93-ae91-611943a937b2,true,768,true,""",""","may","may"
6352,PASS,499,499,true,e023ea20-f2d7-4f16-aafb-48c29766a76c,true,768,true,"happen","happen","king","king"
6353,PASS,185,185,true,a228d7a7-400e-4390-b81e-1b68910c85be,true,768,true,"from","from",""","""
6354,PASS,339,339,true,17be2962-6b58-445a-bee2-da51a78ccd48,true,768,true,""",""","here","here"
6355,PASS,436,436,true,305f8ffd-c840-4ab8-8e6b-1c8b1c180367,true,768,true,"to","to","'","'"
6356,PASS,358,358,true,941266a3-ac86-496b-92f6-540c18af64ac,true,768,true,"v","v","was","was"
6357,PASS,516,516,true,97393fb4-344f-4738-961f-82bcc3bdfcc9,true,768,true,"regarded","regarded",".","."
6358,PASS,290,290,true,63356a1f-ab24-406f-a0ae-9a0af9ccd5f0,true,768,true,"then","then","'","'"
6359,PASS,323,323,true,89ebc52a-f18c-4394-b221-4b989c133a89,true,768,true,"b","b","in","in"
6360,PASS,493,493,true,eabbe170-b1e8-4005-bcaa-6db5a08252aa,true,768,true,"those","those",".","."
6361,PASS,163,163,true,5b7f1671-dee3-45b9-9d45-0dc0ed41c324,true,768,true,"possessed","possessed","'","'"
6362,PASS,342,342,true,f7b17ed3-41fb-48bd-87d3-b4997f36a993,true,768,true,""",""","universe","universe"
6363,PASS,536,536,true,89a654ff-2375-4563-b1a9-7458e4478b54,true,768,true,"blaze","blaze","angry","angry"
6364,PASS,350,350,true,df9e4429-82e3-489c-858c-809e62b6efbe,true,768,true,"glance","glance","'","'"
6365,PASS,338,338,true,86df08ad-8a8b-42cc-8025-502a4cfd42dc,true,768,true,"b","b","are","are"
6366,PASS,487,487,true,2a033620-28e8-46cd-97ad-425d77d88a88,true,768,true,"knowers","knowers","the","the"
6367,PASS,239,239,true,2f00ecae-752b-4f41-91c7-dedf05a5b8ce,true,768,true,"swargavasis","swargavasis","'","'"
6368,PASS,334,334,true,cf42c362-8be0-456f-8fb9-cfcb03d5eb88,true,768,true,""",""",",",","
6369,PASS,559,559,true,4599e49a-f73e-48b9-b778-ecb4a4a8ca18,true,768,true,"the","the","dedicate","dedicate"
6370,PASS,557,557,true,4b75b19a-31cc-4c6d-b3ee-eccd450c6a50,true,768,true,"diverse","diverse",".","."
6371,PASS,536,536,true,41fb3343-94ee-4349-8216-b16c3cf98266,true,768,true,"it","it","dharma","dharma"
6372,PASS,530,530,true,7908177b-11fd-4ed3-859d-0601a3fd3056,true,768,true,"and","and",".","."
6373,PASS,72,72,true,672f6d96-1454-4201-945f-4cf63ef31f6b,true,768,true,"hence","hence",""","""
6374,PASS,351,351,true,eb715fff-9dc5-458c-935a-f2c87545c696,true,768,true,""",""",",",","
6375,PASS,532,532,true,fd4203a0-1bf5-4158-bc19-2afc11bac566,true,768,true,"are","are","'","'"
6376,PASS,567,567,true,9db710ea-d271-49c6-9e3b-4e310aa1d571,true,768,true,"without","without","today","today"
6377,PASS,478,478,true,6e939cf9-0ac7-4a65-b8f4-07cba426d696,true,768,true,"with","with",""","""
6378,PASS,349,349,true,7e5fee27-f47e-400c-bf11-6905c4280090,true,768,true,""",""",".","."
6379,PASS,513,513,true,a7652c11-125f-46b3-8b1a-5ab98b2d71bf,true,768,true,"when","when",".","."
6380,PASS,554,554,true,c927838c-724b-4d82-9e21-2968dc18888b,true,768,true,"assembled","assembled",".","."
6381,PASS,79,79,true,f252f5e8-6cf5-429d-8d79-2b86e9be62b9,true,768,true,"the","the",""","""
6382,PASS,343,343,true,71b45c8c-9681-450f-b39c-7e219762903c,true,768,true,""",""","in","in"
6383,PASS,538,538,true,661e6877-3d1e-4cfc-b62b-83e13b045576,true,768,true,"the","the","and","and"
6384,PASS,145,145,true,39c8529f-d004-4a0c-ac97-37d9998eeeed,true,768,true,"freedom","freedom",""","""
6385,PASS,343,343,true,ab74b20d-1460-4d19-847d-2a064fc9ae4d,true,768,true,"v","v","comprehensive","comprehensive"
6386,PASS,515,515,true,49933387-48d8-423b-ad40-52b145fdd00e,true,768,true,"knowledge","knowledge","as","as"
6387,PASS,522,522,true,ede14aec-93ba-4270-a03d-668ce058abb6,true,768,true,"authority","authority","bodies","bodies"
6388,PASS,525,525,true,3224f72b-e9d8-4799-a00d-b1cd887c13ce,true,768,true,"by","by","these","these"
6389,PASS,546,546,true,66a3fe73-f66f-4601-bc20-824370a22099,true,768,true,"three","three","by","by"
6390,PASS,344,344,true,da35782b-109a-42da-a3e9-7e3c2f2036ee,true,768,true,"seeking","seeking",""","""
6391,PASS,355,355,true,3bc81147-5a84-4f0d-adbf-67bbdacc1de8,true,768,true,""",""","a","a"
6392,PASS,418,418,true,e25ec431-53c2-4184-b0d7-ce03c659d6f0,true,768,true,"king","king","'","'"
6393,PASS,350,350,true,4cf9d977-95e4-4514-9d65-f98e7e900b80,true,768,true,""",""","results","results"
6394,PASS,486,486,true,645504f9-5a5a-4bd8-a77e-8a12e7818d5b,true,768,true,"achieved","achieved",""","""
6395,PASS,348,348,true,44b707cb-688f-4375-91eb-588ca55b1888,true,768,true,"v","v","the","the"
6396,PASS,546,546,true,4255ccb2-18de-427a-9da1-86cc22aa7a8e,true,768,true,"three","three",",",","
6397,PASS,530,530,true,2eb40fa2-5236-4092-a284-fff1fbbd163c,true,768,true,"anjanabha","anjanabha","kings","kings"
6398,PASS,209,209,true,0ecd7b4f-dc49-44ac-a78c-547dfb227564,true,768,true,"prithu","prithu",""","""
6399,PASS,354,354,true,18ad4ae0-db21-4e7d-b188-e8553de94434,true,768,true,"j","j",".","."
6400,PASS,235,235,true,5b78dbd8-cbe7-437b-862c-8f42b65ea2b1,true,768,true,"indeed","indeed",""","""
6401,PASS,313,313,true,7b0061d6-5bc7-44db-8dc3-4385cfef00ed,true,768,true,"v","v",".","."
6402,PASS,534,534,true,ea783fc1-d967-4022-a727-78151858ba04,true,768,true,"the","the",".","."
6403,PASS,558,558,true,2f271cdf-5a8c-48eb-a892-bc37b044ebcf,true,768,true,"this","this","do","do"
6404,PASS,373,373,true,8ff7b909-e793-467c-9362-b74964a4fb35,true,768,true,"my","my",""","""
6405,PASS,326,326,true,dbe899b8-97b1-4e18-9df0-2327392330e8,true,768,true,"v","v",".","."
6406,PASS,518,518,true,d9792677-8ab2-4cbd-a609-cfadf809121d,true,768,true,"then","then","his","his"
6407,PASS,334,334,true,4150b6d3-9d6d-4855-9947-c9796c5499b7,true,768,true,"step","step",""","""
6408,EMPTY_PAGE,0,0,true,,false,,false,"","","",""
6409,PASS,13,13,true,8f99a87f-a92b-436d-ba06-2416cf25154d,true,768,true,"the","the","parva","parva"
6410,EMPTY_PAGE,0,0,true,,false,,false,"","","",""
6411,EMPTY_PAGE,0,0,true,,false,,false,"","","",""
6412,PASS,120,120,true,9f4905af-87b7-43f6-b532-72163b0f9387,true,768,true,"published","published",".","."
6413,PASS,32,32,true,5d84ba2b-adb7-4000-9d29-a35e3e4a26c3,true,768,true,"series","series","menon","menon"
6414,PASS,26,26,true,8915a80a-3691-40b3-b4f4-6187fe11a1bb,true,768,true,"to","to","dubey","dubey"
6415,PASS,27,27,true,a005b8e0-90c1-42b6-a2a5-fe6e20e41e13,true,768,true,"contents","contents","parva","parva"
6416,PASS,4,4,true,1f438dd1-fc07-4046-b6b9-49e2afd3c11f,true,768,true,"book","book","parva","parva"
6417,PASS,246,246,true,fcd7de59-6c5c-4bd7-ab07-5064d1be9386,true,768,true,"a","a",".","."
6418,PASS,272,272,true,c1f57a52-252d-4bc0-8092-8befac94fcb7,true,768,true,"through","through",""","""
6419,PASS,335,335,true,9dd8a131-24a7-477a-b8d7-ef9c40c74ab5,true,768,true,"v","v","you","you"
6420,PASS,287,287,true,8eedf8c8-827c-43a3-aec8-92c97293ca3d,true,768,true,"would","would",""","""
6421,PASS,324,324,true,749cf4f3-e6c5-49b8-bd2e-f7b019762226,true,768,true,""",""",",",","
6422,PASS,274,274,true,a1aeac13-3bd9-4f17-937a-fb10db6c9e91,true,768,true,"stricken","stricken",""","""
6423,PASS,330,330,true,64e7a015-8ad6-4e8e-be72-5fc204ce90d8,true,768,true,""",""","had","had"
6424,PASS,377,377,true,44a85d0b-f058-41f5-8578-7c45df93dcfb,true,768,true,"dwindled","dwindled",""","""
6425,PASS,322,322,true,0db8345e-5f4f-4ac4-b048-205490826971,true,768,true,""",""",".","."
6426,PASS,364,364,true,abf5c711-1f43-486a-a019-5407879bcd9b,true,768,true,"avikshita","avikshita",""","""
6427,PASS,345,345,true,71c936c3-4190-4e73-83b7-bebf4ea1b784,true,768,true,""",""","sinless","sinless"
6428,PASS,546,546,true,4e617d42-3c04-437b-9ee3-ba3fac0b1151,true,768,true,"one","one","'","'"
6429,PASS,380,380,true,ef3b06ce-4a05-4b5d-a64c-940731f91343,true,768,true,"'","'",",",","
6430,PASS,414,414,true,4c1cdb8d-f418-46d6-b310-cf3530d6547f,true,768,true,"'","'","'","'"
6431,PASS,349,349,true,20f52515-fc1e-48fe-8952-ff202775905e,true,768,true,"'","'",",",","
6432,PASS,450,450,true,866e9532-1ef2-49ff-aed9-255ce4d9e28f,true,768,true,"yamya","yamya","'","'"
6433,PASS,366,366,true,939c28d3-52dd-49d0-94d5-b738666b7f92,true,768,true,"'","'","his","his"
6434,PASS,560,560,true,3849f329-d87f-4c6a-a6ec-b0b3cdb86b02,true,768,true,"errand","errand","the","the"
6435,PASS,508,508,true,571de850-145c-4960-aed3-9377fdad5dd7,true,768,true,"king","king","'","'"
6436,PASS,368,368,true,9225978e-f0f0-4d9a-a866-9b940a61bf0f,true,768,true,"'","'","prince","prince"
6437,PASS,522,522,true,e1f19b06-41ac-4e23-aed5-209698fbb6f1,true,768,true,"among","among",""","""
6438,PASS,512,512,true,0332f914-a458-47d5-95a9-2fcb77018cdc,true,768,true,"indra","indra","vast","vast"
6439,PASS,59,59,true,8f312f19-70e2-4f8f-8e3e-3a1ad1b3045e,true,768,true,"store","store",""","""
6440,PASS,321,321,true,733c100f-86ca-4258-8326-280927c16b91,true,768,true,"v","v","and","and"
6441,PASS,159,159,true,e52dc566-4021-4f6e-8933-ed17f921676a,true,768,true,"the","the",""","""
6442,PASS,334,334,true,8b631fe0-6eba-4deb-beac-8c8121df3ca2,true,768,true,""",""",".","."
6443,PASS,195,195,true,d8a0c9ae-bf29-4925-bb89-d5b5128391a3,true,768,true,"nor","nor",""","""
6444,PASS,359,359,true,92b685cf-c002-4913-9be3-daf0f23ba663,true,768,true,""",""",".","."
6445,PASS,479,479,true,716f8138-b5a0-4034-96fb-8e4d7111ab20,true,768,true,"the","the",""","""
6446,PASS,305,305,true,412b5188-34c7-4d46-b397-2c5a7cdfcce2,true,768,true,"v","v","'","'"
6447,PASS,153,153,true,2b4c0a1b-32eb-4df6-91b5-cf40d0049bec,true,768,true,"thus","thus",""","""
6448,PASS,320,320,true,1f618159-c6df-45a9-94d9-558bf01990f2,true,768,true,"j","j","the","the"
6449,PASS,537,537,true,7b290179-cfd6-4e00-884a-5ea42965b4f4,true,768,true,"might","might","has","has"
6450,PASS,67,67,true,edebc0cd-98c8-45b5-9e25-cc2e54f6206e,true,768,true,"come","come",""","""
6451,PASS,285,285,true,be5373e7-3c94-43d0-98f1-5c60aacdc6b1,true,768,true,"j","j","about","about"
6452,PASS,496,496,true,1fb360ed-b937-429f-be4b-abb42f3eacef,true,768,true,"the","the",".","."
6453,PASS,517,517,true,14456f0c-d19e-4a6d-8878-f22b7da1e964,true,768,true,"kashyapa","kashyapa","be","be"
6454,PASS,230,230,true,cd8c4664-9ec2-4205-802d-dc5be118bac6,true,768,true,"reborn","reborn",""","""
6455,PASS,319,319,true,79bfc941-97b6-4be6-a150-17f23687ff22,true,768,true,""",""","containing","containing"
6456,PASS,489,489,true,2502126f-84d8-40d8-b2ea-3bf0b019ec06,true,768,true,"ingredients","ingredients",",",","
6457,PASS,400,400,true,c2fca9f2-e864-4e4c-84f5-95a414cbb912,true,768,true,"even","even","'","'"
6458,PASS,353,353,true,19a95e28-fe6c-405b-9739-c36865359f5b,true,768,true,"'","'","also","also"
6459,PASS,482,482,true,b6036c1f-14e0-48d2-9ca7-1569f57a6b99,true,768,true,"inevitably","inevitably",".","."
6460,PASS,165,165,true,c34ed6c0-3f7d-4a25-af36-d59ed1aebc6f,true,768,true,"what","what","'","'"
6461,PASS,339,339,true,86253398-788e-45a4-ba5a-9b4fda8b4b28,true,768,true,"'","'",".","."
6462,PASS,505,505,true,cebeb847-3ca4-46ca-a47e-59e1630b85ad,true,768,true,"he","he","himself","himself"
6463,PASS,538,538,true,8fe42c38-ea5b-45c3-bab9-583402750499,true,768,true,"godship","godship","of","of"
6464,PASS,539,539,true,c068554d-1637-4d88-84cc-22760a35db9b,true,768,true,"what","what",".","."
6465,PASS,243,243,true,6e87bf8e-4506-4b70-ab5b-c648a8dd04bd,true,768,true,"that","that",""","""
6466,PASS,371,371,true,b2f6d314-ed41-43d2-a83f-8cb56b14d7c5,true,768,true,""",""","it","it"
6467,PASS,515,515,true,12c2c1f9-90bf-4aa2-84e8-30339da8c393,true,768,true,"transcends","transcends","'","'"
6468,PASS,365,365,true,53177577-8ac8-42f7-b24c-e93cecc6bf94,true,768,true,"'","'","or","or"
6469,PASS,537,537,true,beef242d-c882-4ea9-9046-63735d20ab31,true,768,true,"prana","prana","she","she"
6470,PASS,37,37,true,1a3504de-9be1-4db1-83e4-50380aaf0a2e,true,768,true,"dwells","dwells","'","'"
6471,PASS,371,371,true,a4da2caf-65f2-4ad3-9713-003fd9273973,true,768,true,"'","'","does","does"
6472,PASS,464,464,true,30a9be87-984b-4d67-b7c5-7477cdd8a109,true,768,true,"not","not","'","'"
6473,PASS,345,345,true,eab02e74-39b9-4300-9384-002cb1a03e74,true,768,true,"'","'","i","i"
6474,PASS,435,435,true,a6004901-ad17-4c36-816b-35692b75abb5,true,768,true,"move","move","'","'"
6475,PASS,322,322,true,679575e2-5b13-40cf-8f35-631701e3827a,true,768,true,"'","'","the","the"
6476,PASS,191,191,true,17232a50-d425-464f-a118-2e6f2d61e77e,true,768,true,"quality","quality","'","'"
6477,PASS,317,317,true,0f7d1e87-f571-4418-b9e3-a7dd84f2a70e,true,768,true,"'","'",".","."
6478,PASS,288,288,true,d95cd072-7731-4f75-9e4b-f4a2bb1fa0c2,true,768,true,"the","the","'","'"
6479,PASS,368,368,true,3d8896cf-77d1-4f8c-93d4-701d894e69ed,true,768,true,"'","'",".","."
6480,PASS,276,276,true,090ee9ab-b40b-44af-87d2-d60b4078e266,true,768,true,"though","though","'","'"
6481,PASS,355,355,true,f4e791d3-47d1-4590-9a81-1265d721b6eb,true,768,true,"'","'","the","the"
6482,PASS,342,342,true,beecdf3b-18da-4d5e-b6a2-f561c522e541,true,768,true,"gunas","gunas","'","'"
6483,PASS,362,362,true,fe5b10c1-03f4-4784-b2f0-53f247c28949,true,768,true,"'","'",".","."
6484,PASS,537,537,true,f3d10830-5127-4a6b-ad10-121fe09bf8f3,true,768,true,"his","his","is","is"
6485,PASS,98,98,true,ef5d527f-89f6-4872-9205-746dc38dd8f3,true,768,true,"illuminated","illuminated","'","'"
6486,PASS,351,351,true,7f73d040-97db-4f2d-adb8-bb14ca479ee7,true,768,true,"'","'",",",","
6487,PASS,271,271,true,d1dc3104-0109-475b-9405-ab8d8fcecb94,true,768,true,"some","some","'","'"
6488,PASS,351,351,true,0f88802c-4cd5-4b0e-935c-6a68b5930daa,true,768,true,"t","t","will","will"
6489,PASS,540,540,true,bececc26-1c33-4ebc-8b24-b87079adb0c1,true,768,true,"only","only","thus","thus"
6490,PASS,34,34,true,2ade3c06-e403-486d-8f86-85a2c5db0bee,true,768,true,"addressed","addressed","'","'"
6491,PASS,332,332,true,25d66a7e-db81-4a74-8dad-1a6dabceb24c,true,768,true,"'","'",".","."
6492,PASS,92,92,true,dfc66e5e-972c-4a83-b6f2-4c17bf1e635e,true,768,true,"upon","upon","'","'"
6493,PASS,325,325,true,d1c27f1e-13cf-416d-a10d-75ac11b98af1,true,768,true,"'","'",".","."
6494,PASS,426,426,true,4fe22fd3-4a36-4a45-bbd4-d3098322563c,true,768,true,"do","do","'","'"
6495,PASS,303,303,true,f1e54fde-b0fb-493a-90ad-4f27a4561887,true,768,true,"'","'","'","'"
6496,PASS,340,340,true,be69c35d-9cb1-48e0-bc3b-e326c2414118,true,768,true,"'","'",""","""
6497,PASS,128,128,true,dd636b2c-72e8-49f3-85c5-d9630ecddbd7,true,768,true,"then","then",""","""
6498,PASS,361,361,true,23e54f43-9671-475a-bda6-27d1cf31ff08,true,768,true,""",""","remove","remove"
6499,PASS,479,479,true,3fc5ae72-4e22-4f2d-b4e6-41987f2e8aa8,true,768,true,"every","every","the","the"
6500,PASS,466,466,true,3cc2e08f-1259-40db-bdf4-470520c21e19,true,768,true,"highest","highest",".","."
6501,PASS,315,315,true,45edafc0-6c38-4c83-a05a-31bf7c409b61,true,768,true,"the","the",""","""
6502,PASS,329,329,true,493e8933-9468-4d9d-b715-ca5082f42e19,true,768,true,""",""",".","."
6503,PASS,486,486,true,b077cd58-c1e4-4b41-b714-2bdf16648165,true,768,true,"complete","complete","wish","wish"
6504,PASS,318,318,true,805e75bf-00de-46ca-a679-5f5d20ba91d0,true,768,true,"for","for",""","""
6505,PASS,340,340,true,9187728d-cabd-4a87-891e-a6e37adf185b,true,768,true,""",""",",",","
6506,PASS,198,198,true,a215afec-3d2e-480c-b1d5-6b1d781ac3ac,true,768,true,"ostentation","ostentation",""","""
6507,PASS,327,327,true,d54086d4-fee6-4411-8bf4-985a0c35e9ad,true,768,true,""",""","to","to"
6508,PASS,208,208,true,36b7bb75-5810-41ca-bf23-fa13b379e0b9,true,768,true,"dharma","dharma",""","""
6509,PASS,353,353,true,8f35e75e-0a58-4169-a8e6-d2e041c37bce,true,768,true,""",""","the","the"
6510,PASS,354,354,true,be23f3ac-aece-48d0-83e1-9face6c07a97,true,768,true,"highest","highest",""","""
6511,PASS,344,344,true,51eb3e4a-df9d-4f91-99ea-04e9b1de00b9,true,768,true,""",""",""","""
6512,PASS,186,186,true,472e43f1-56e9-4a10-b23c-9e0d1d9da03d,true,768,true,""",""",""","""
6513,PASS,325,325,true,5ebc9f7e-40e2-4316-ae75-ce6d5efd7218,true,768,true,""",""","the","the"
6514,PASS,461,461,true,ad0866f2-4956-4db1-a2a8-4b1907370ff7,true,768,true,"two","two",".","."
6515,PASS,522,522,true,c789a680-b397-4feb-a333-60ff03b4317d,true,768,true,"the","the","and","and"
6516,PASS,547,547,true,533b6d99-7630-48b3-92a5-8cb8d5d99fa4,true,768,true,"being","being",",",","
6517,PASS,53,53,true,1b4e027f-907a-4ae6-b2bf-9ef6cbb0a2df,true,768,true,"the","the",""","""
6518,PASS,353,353,true,169ebff0-94d3-4e2c-b3e9-13521ce9d9f5,true,768,true,""",""",".","."
6519,PASS,504,504,true,63145652-ccff-4e17-8d01-72e3d6eb79bf,true,768,true,"the","the","which","which"
6520,PASS,381,381,true,105d23ef-f098-4f0e-b299-a58de295643a,true,768,true,"soma","soma",""","""
6521,PASS,376,376,true,df58f625-d4be-43cf-b324-80b28609c7c0,true,768,true,""",""","-","-"
6522,PASS,268,268,true,ad391c9b-f31c-42d5-b349-b6a1f3b5e848,true,768,true,"born","born",""","""
6523,PASS,352,352,true,4cf2d083-51c7-4f57-8f9e-8b7cb6400655,true,768,true,""",""",".","."
6524,PASS,507,507,true,f449f30b-b3cf-44f3-8d5b-463c73547e13,true,768,true,"this","this",""","""
6525,PASS,329,329,true,c3859765-a524-436b-b9ba-a56ef0b44d7b,true,768,true,""",""","his","his"
6526,PASS,516,516,true,91ffb5e7-3d69-456a-b357-5343be59fee8,true,768,true,"ablutions","ablutions","his","his"
6527,PASS,500,500,true,bfef2b89-3e79-46db-9bc9-72c60fedbe2a,true,768,true,"piety","piety",".","."
6528,PASS,521,521,true,0bd9e213-7417-454f-8c59-d06c68881b63,true,768,true,"he","he","these","these"
6529,PASS,81,81,true,57db4c03-fbd8-48ed-8a41-5f494b7dff38,true,768,true,"rightly","rightly",""","""
6530,PASS,329,329,true,ab664bd8-fb3f-45fb-8f23-875482abab07,true,768,true,""",""","who","who"
6531,PASS,263,263,true,7af9e13f-af30-46b3-b3cb-415029144e59,true,768,true,"has","has",""","""
6532,PASS,331,331,true,3eef680b-f3a1-48e9-8f13-a567d6fccbae,true,768,true,""",""","we","we"
6533,PASS,63,63,true,26558d01-68e5-4b04-b419-a1235054f3c1,true,768,true,"find","find",""","""
6534,PASS,345,345,true,faaf091e-798f-488b-88a9-509da9f1ce67,true,768,true,""",""","to","to"
6535,PASS,167,167,true,9143842f-04d5-4762-bf1a-c4247ceea672,true,768,true,"tapasya","tapasya",""","""
6536,PASS,328,328,true,2959d9a3-e337-43fa-b4e5-b58f5a05d167,true,768,true,""",""","and","and"
6537,PASS,490,490,true,7fb00db9-1dfd-429a-b6b3-2e78dd16b228,true,768,true,"walks","walks","discrimination","discrimination"
6538,PASS,509,509,true,df3e7d16-3d5f-456b-b420-786b74727521,true,768,true,"enters","enters",".","."
6539,PASS,319,319,true,12aac37b-7633-4754-8a4a-7a25e488390a,true,768,true,"sound","sound",""","""
6540,PASS,322,322,true,207ba250-857e-4bd0-b055-d82a4fe6f0c9,true,768,true,""",""",".","."
6541,PASS,487,487,true,36055ece-26c0-4b0c-95e1-4cb2ddb596da,true,768,true,"devas","devas","in","in"
6542,PASS,464,464,true,06422eb9-0981-4787-ac4b-8810bb6d7831,true,768,true,"dhyana","dhyana",""","""
6543,PASS,345,345,true,d4113ff5-7ae0-4695-98c4-7acdec5681c9,true,768,true,"spoken","spoken",""","""
6544,PASS,367,367,true,0d22f062-9f2b-4e49-b331-df7f39a58043,true,768,true,"v","v","and","and"
6545,PASS,489,489,true,e03c89dc-6bb9-4f6a-86f5-1410ce188ff6,true,768,true,"contentment","contentment","provided","provided"
6546,PASS,539,539,true,91886ead-05af-4afd-bed2-2ef3b5ebe1ef,true,768,true,"with","with",".","."
6547,PASS,154,154,true,e3d05e59-d814-475f-829e-24dc95e83e26,true,768,true,"then","then",""","""
6548,PASS,314,314,true,9185ad0c-d7a3-4557-bd79-cc3c358fc596,true,768,true,"v","v","'","'"
6549,PASS,387,387,true,94ce6645-03ea-48f2-b286-f700c1bf8ba8,true,768,true,"the","the",""","""
6550,PASS,371,371,true,2e62300b-6ed5-4e7f-a253-6a06ab0f1b49,true,768,true,""",""","all","all"
6551,PASS,404,404,true,c9ee2555-16b4-4e11-a403-22478bb3329f,true,768,true,"rites","rites",""","""
6552,PASS,385,385,true,a4f72334-daf9-4068-9d0c-7ed7cffdc01b,true,768,true,""",""",".","."
6553,PASS,556,556,true,b29e9330-6361-4bd7-83c1-827785b42736,true,768,true,"ask","ask","slake","slake"
6554,PASS,85,85,true,02fde274-ab96-4356-a88c-70a7ca877f2a,true,768,true,"your","your",""","""
6555,PASS,300,300,true,f0319d94-07c2-472a-a5c9-06a840964ca1,true,768,true,"j","j",".","."
6556,PASS,588,588,true,a721cf4a-437b-49ae-980a-e4ea627d7a97,true,768,true,"only","only","heavenly","heavenly"
6557,PASS,203,203,true,278e60b0-9387-4e16-9a24-6c7cc5d0795e,true,768,true,"earrings","earrings",""","""
6558,PASS,396,396,true,386c8067-afdd-4683-a4de-957214a3d2b2,true,768,true,"v","v","be","be"
6559,PASS,526,526,true,d2b2a1b1-72e3-4a27-8c7a-964ac1ef39b1,true,768,true,"accepted","accepted",""","""
6560,PASS,368,368,true,c6fc7f30-8178-421a-b15e-3dbadd9897f4,true,768,true,"v","v","a","a"
6561,PASS,571,571,true,a966c5d9-5c2b-4db9-b771-b716c01aee83,true,768,true,"question","question","of","of"
6562,PASS,536,536,true,18d57220-4e7e-439d-87f9-e13099bc2e1b,true,768,true,"utanka","utanka","the","the"
6563,PASS,199,199,true,41b32c7e-1eca-4b82-845b-02d3b6fb374a,true,768,true,"nagas","nagas",""","""
6564,PASS,325,325,true,23d9b04a-f537-4d66-96d4-47172bc7a6c3,true,768,true,"j","j",",",","
6565,PASS,318,318,true,e35c856c-48db-4ef6-a23a-3f197536152a,true,768,true,"venus","venus",""","""
6566,PASS,347,347,true,b5f713b4-1228-4f87-8383-cfd7703aac6c,true,768,true,""",""","southward","southward"
6567,PASS,481,481,true,1f196649-a925-416f-a342-e433b0076070,true,768,true,"journey","journey",".","."
6568,PASS,358,358,true,866ed932-dae6-46ff-b7fb-69d824529bd6,true,768,true,"when","when",""","""
6569,PASS,341,341,true,3716e657-462c-48ef-b568-973a63874da3,true,768,true,"v","v","'","'"
6570,PASS,540,540,true,418ffc92-2d3f-44cc-bcfc-894efbfc1cdf,true,768,true,"even","even","himself","himself"
6571,PASS,319,319,true,84720f20-7eb8-4f9d-8322-91786b4c8463,true,768,true,"watched","watched",""","""
6572,PASS,348,348,true,3fc9f018-e6c0-43ae-b7bd-515130d3a1d2,true,768,true,"v","v","no","no"
6573,PASS,157,157,true,1fd73698-dea6-4045-8a43-f195310f549f,true,768,true,"doubt","doubt",""","""
6574,PASS,326,326,true,438019f4-3f48-4bc9-a229-3e178a19b4c1,true,768,true,"j","j","surely","surely"
6575,PASS,332,332,true,1f58ebf5-d126-4f71-bd72-6b3d65da2a33,true,768,true,"and","and",""","""
6576,PASS,310,310,true,987ba28c-32b0-46b3-a1eb-60dd97b1f1d9,true,768,true,"v","v",".","."
6577,PASS,214,214,true,d9a495fb-525d-4de3-a832-71cf6c4cad9f,true,768,true,"when","when",""","""
6578,PASS,324,324,true,53c01729-61e5-4779-8e83-ebec78a999fe,true,768,true,""",""","and","and"
6579,PASS,372,372,true,4e39d3fb-6f7c-4d75-a1d2-8935c0b1bb79,true,768,true,"spiritual","spiritual",""","""
6580,PASS,304,304,true,ba3eda9b-bc4b-438a-b1cd-77c20ea0f329,true,768,true,"v","v",".","."
6581,PASS,516,516,true,2cfd85b1-e0eb-4bdf-aa15-e2dea39838f8,true,768,true,"his","his",""","""
6582,PASS,377,377,true,3b8e5129-4e52-4073-ad6b-5e86caea5ddc,true,768,true,"v","v",".","."
6583,PASS,129,129,true,8b717b90-da43-47e9-90f0-c98c75904a32,true,768,true,"krishna","krishna",""","""
6584,PASS,344,344,true,ecbd9143-3c52-4a32-9d1d-0c9993189b92,true,768,true,"v","v","or","or"
6585,PASS,319,319,true,adbf6b76-aee0-447b-9bf3-60a972777d24,true,768,true,"bhimasena","bhimasena",""","""
6586,PASS,348,348,true,09ae28ab-ae4f-45be-978f-97621f9dec23,true,768,true,"v","v",",",","
6587,PASS,268,268,true,b24314b8-8309-45b7-a9b5-76d74b86175b,true,768,true,"lord","lord",""","""
6588,PASS,307,307,true,23632593-721c-4f88-8d94-8a0c1d13a431,true,768,true,"v","v","time","time"
6589,PASS,248,248,true,e84b6b7a-e71a-497c-93c3-8e2741fd7d9b,true,768,true,"when","when",""","""
6590,PASS,320,320,true,d22c2f85-c32e-46cd-a245-9a8169e0785d,true,768,true,"v","v","'","'"
6591,PASS,414,414,true,38b5aaba-b126-4f58-bc4a-de8315072580,true,768,true,"vyasa","vyasa",""","""
6592,PASS,328,328,true,fa48e701-fbc5-4891-98c5-a159c13a6923,true,768,true,"v","v","roam","roam"
6593,PASS,394,394,true,48a17880-a4c8-4ba4-90a4-3ea323594af5,true,768,true,"across","across",""","""
6594,PASS,351,351,true,69b588f8-d3f0-427a-acb6-6952580ffc1b,true,768,true,"v","v",",",","
6595,PASS,380,380,true,ddd9e2ac-c455-4365-9680-8bdf7d1ea0ef,true,768,true,"calling","calling",""","""
6596,PASS,318,318,true,eb4018bb-f12c-4a9c-9291-4c0133318bce,true,768,true,"v","v","pointed","pointed"
6597,PASS,447,447,true,b7ee1c9d-39fe-40e4-a40e-b92f3810f97f,true,768,true,"shafts","shafts",""","""
6598,PASS,310,310,true,a4985c33-c3e3-450f-b0ac-5acc93f38a66,true,768,true,"v","v","energy","energy"
6599,PASS,189,189,true,c32ed27a-076d-4295-a21c-db7622cf9aa5,true,768,true,"of","of",""","""
6600,PASS,335,335,true,c309edda-9150-4bc5-ac7b-62b13cd1fcbb,true,768,true,"v","v","lightning","lightning"
6601,PASS,271,271,true,99925f55-f1ae-476e-a612-0dd135d4cfeb,true,768,true,"volleys","volleys",""","""
6602,PASS,315,315,true,08cec4e1-9246-4710-bfc7-9b72bbd44d41,true,768,true,"v","v",".","."
6603,PASS,379,379,true,c288d290-a7cc-4a5e-8883-6225b62d6115,true,768,true,"meteors","meteors",""","""
6604,PASS,344,344,true,f6cf2c14-b967-4a2c-affa-4d4a508c3e7a,true,768,true,"v","v","'","'"
6605,PASS,533,533,true,fa3d5c17-5b77-4565-aa2c-fd5389aee3ae,true,768,true,"saying","saying","o","o"
6606,PASS,371,371,true,ee6a3cfc-874b-42c7-833f-68afbad8c59e,true,768,true,"kurupravira","kurupravira",""","""
6607,PASS,335,335,true,a74623dc-e5bb-4e67-a0df-62bc5f4e9bbc,true,768,true,"v","v","o","o"
6608,PASS,513,513,true,7965ed69-959e-4510-bbc7-86e859d9788d,true,768,true,"chief","chief","to","to"
6609,PASS,65,65,true,a0cfe94e-7f94-4c2c-8e29-3e3abb1d5246,true,768,true,"the","the","'","'"
6610,PASS,361,361,true,2c5dcb1a-99a7-4e75-8eb0-5f79d174f790,true,768,true,"v","v","the","the"
6611,PASS,556,556,true,ea0634b9-df12-49ac-b473-23931a4ef903,true,768,true,"earth","earth","follow","follow"
6612,PASS,559,559,true,95de7ac4-65e4-49ed-876c-0ede619e93f5,true,768,true,"my","my","and","and"
6613,PASS,156,156,true,cb0c549c-d836-4862-b363-2dceb214cb3d,true,768,true,"worships","worships",""","""
6614,PASS,358,358,true,991c1096-cbc5-422e-a5da-eae6260fa6dc,true,768,true,""",""",",",","
6615,PASS,562,562,true,789eda0f-9837-4136-9265-b12729646f84,true,768,true,"said","said",""","""
6616,PASS,363,363,true,b85fc919-a5f1-40a2-87b0-6bf2b1a79cd9,true,768,true,"v","v","the","the"
6617,PASS,484,484,true,23581d7f-b0dd-40de-81a4-ee61bbe44405,true,768,true,"young","young",""","""
6618,PASS,304,304,true,998062ed-79e7-49ae-9f86-e06c593f5585,true,768,true,"v","v",".","."
6619,PASS,194,194,true,ab9bab39-1842-4781-9965-b976f632ca04,true,768,true,"when","when",""","""
6620,PASS,321,321,true,97d55504-122f-4558-b584-ae59b1f61d41,true,768,true,"v","v","warriors","warriors"
6621,PASS,356,356,true,9c6733d9-12fc-4a26-a08e-2ff0cebcafd6,true,768,true,"wonderstruck","wonderstruck",""","""
6622,PASS,306,306,true,0e7d8aa3-7b95-4269-9522-688c93283320,true,768,true,"v","v",".","."
6623,PASS,444,444,true,293a8a52-4548-4dcb-b193-35c82ffecd41,true,768,true,"soon","soon",".","."
6624,PASS,356,356,true,9a0afe42-36eb-411b-a8c7-397e1386d802,true,768,true,"they","they",""","""
6625,PASS,319,319,true,cf497802-60ee-4f38-af89-f85d9894f37e,true,768,true,"v","v",",",","
6626,PASS,156,156,true,2bc364d7-3c85-4b6f-817e-cd7379945b00,true,768,true,"when","when",""","""
6627,PASS,345,345,true,021fe812-d301-4436-ab9a-cbac965d92ce,true,768,true,""",""","at","at"
6628,PASS,472,472,true,5f5679b5-e40a-4f9b-b1d9-9649635bb70f,true,768,true,"hrishikesh","hrishikesh",""","""
6629,PASS,299,299,true,a71dd9cb-67c6-4bb1-bc98-b09e89dc13a3,true,768,true,"v","v","ritvijas","ritvijas"
6630,PASS,505,505,true,543900d8-d9bf-45c4-ab1e-5d3c484381b6,true,768,true,"summon","summon",",",","
6631,PASS,343,343,true,37118ef3-41aa-4482-a1ae-0ad6cd875bfe,true,768,true,"and","and",""","""
6632,PASS,314,314,true,4503375f-e405-4dcb-96c1-336e9eaf5ddb,true,768,true,"v","v","priests","priests"
6633,PASS,515,515,true,c4fa79cd-c1d2-4e20-867b-94a9a0be80f0,true,768,true,"the","the",",",","
6634,PASS,464,464,true,5bdacbfb-082c-46d1-ae41-d34e5d1c3df4,true,768,true,"he","he",""","""
6635,PASS,351,351,true,c0cc86c8-de9f-4981-be6a-c18415583e7f,true,768,true,"j","j","gratified","gratified"
6636,PASS,495,495,true,4be33e41-6320-4de5-82f3-f031ab153f00,true,768,true,"with","with","at","at"
6637,PASS,522,522,true,a0230f54-da50-4a21-9eed-01bcd1720ee0,true,768,true,"the","the","what","what"
6638,PASS,579,579,true,4b2f9780-7124-4bcc-afcf-dee352c58a73,true,768,true,"he","he","barely","barely"
6639,PASS,593,593,true,968e1203-8ccd-4b92-9a02-dd6f8a1e1db1,true,768,true,"enough","enough","to","to"
6640,PASS,589,589,true,ebbcff3e-a0b3-4f34-8ca0-a469ca277bbf,true,768,true,"now","now",".","."
6641,PASS,530,530,true,72afca98-033a-4da1-99ff-bcc44a9bf23d,true,768,true,"hunger","hunger",".","."
6642,PASS,427,427,true,8f2e48b0-51be-4c50-950f-c98d640f6708,true,768,true,"o","o",""","""
6643,PASS,305,305,true,8d99d929-480f-4bac-a25b-ba4faf3bf98d,true,768,true,"j","j","the","the"
6644,PASS,488,488,true,b80c97e6-d632-4959-ae34-2b6ab3631079,true,768,true,"foremost","foremost","from","from"
6645,PASS,337,337,true,d070a75c-68df-449e-9321-60cdca4a0878,true,768,true,"it","it",""","""
6646,PASS,328,328,true,fb503b86-9a12-4d9e-b270-e6b3e2129dc8,true,768,true,"j","j",".","."
6647,PASS,501,501,true,9674c976-0e27-4e09-a90f-6101e2b97392,true,768,true,"those","those","'","'"
6648,PASS,494,494,true,b5f54ddb-07be-4fcb-958c-74d07ec663b4,true,768,true,"no","no",".","."
6649,PASS,393,393,true,be4f2cd7-38b7-47b1-be5b-cca21e221356,true,768,true,"dharma","dharma","parva","parva"
6650,PASS,4,4,true,1a2c09c8-2887-4d7c-9d22-069ab6ec200a,true,768,true,"book","book","parva","parva"
6651,PASS,248,248,true,03292f74-3dca-405c-8f9d-972230bff0ce,true,768,true,"a","a",".","."
6652,PASS,492,492,true,2bd8ff2b-4d3c-4408-a55a-497ca4a6c7f9,true,768,true,"draupadi","draupadi","that","that"
6653,PASS,22,22,true,5a18606f-7b34-4ac7-92c8-494751e1eaa8,true,768,true,"followed","followed",""","""
6654,PASS,331,331,true,49013a82-7aae-4737-a407-c1e6d45f03b5,true,768,true,"v","v","their","their"
6655,PASS,503,503,true,3784e416-0741-4017-899e-b77c9d75d4ba,true,768,true,"guru","guru",",",","
6656,PASS,17,17,true,56bdb139-8f11-40d1-9e79-fdc72e4b7397,true,768,true,"bhima","bhima",""","""
6657,PASS,327,327,true,fcddbd45-3f66-4029-8ace-dea63ca87634,true,768,true,"v","v",",",","
6658,PASS,574,574,true,cf218244-b840-4cb6-bc5d-babfd940d6b6,true,768,true,"knowers","knowers","have","have"
6659,PASS,578,578,true,c06be56b-541b-4148-b514-e7ab43fe388a,true,768,true,"given","given","away","away"
6660,PASS,578,578,true,311b4422-24cc-4001-ac80-1fb426140050,true,768,true,"into","into","my","my"
6661,PASS,526,526,true,8790d83e-6439-4a9d-adc5-9c69da911242,true,768,true,"uncle","uncle",""","""
6662,PASS,377,377,true,023e77db-b7b3-4dc4-90c2-d092c02d8f0c,true,768,true,""",""","dhritarashtra","dhritarashtra"
6663,PASS,285,285,true,27660e8d-d2e1-4e2a-a94f-29616abd9334,true,768,true,"adored","adored",""","""
6664,PASS,323,323,true,6752462d-6ef0-4749-ad60-7ee5811fa1f6,true,768,true,"v","v","them","them"
6665,PASS,501,501,true,022533a4-031f-4ca5-8566-a6b6f078466c,true,768,true,"reverence","reverence","to","to"
6666,PASS,470,470,true,6c9b0f83-28b5-433f-bfee-ca1d0b97b9cd,true,768,true,"the","the",".","."
6667,PASS,99,99,true,07e63373-3c63-4ee9-9125-7e007662d563,true,768,true,"the","the",""","""
6668,PASS,326,326,true,a2a4fb73-83c1-4515-9258-b79c91cfe004,true,768,true,""",""",".","."
6669,PASS,514,514,true,005e5ce2-8fd8-4aa4-8788-b1ed9c38e0cc,true,768,true,"the","the",".","."
6670,PASS,78,78,true,be727e56-80e9-4e80-946e-7615170f0e6e,true,768,true,"the","the",""","""
6671,PASS,337,337,true,a159c413-c98b-47a9-b05d-630fd3f58ee3,true,768,true,""",""",".","."
6672,PASS,511,511,true,bea89e5a-1dc6-4fef-a170-5a7cfc455577,true,768,true,"frequently","frequently",".","."
6673,PASS,76,76,true,9654e75f-26c4-442e-8beb-98bf4065daea,true,768,true,"most","most",""","""
6674,PASS,353,353,true,cd04bb7a-1084-4baf-95f2-abc5b626d1ec,true,768,true,""",""",".","."
6675,PASS,309,309,true,a49b2df5-35b1-4ace-97b9-96b2b17c183e,true,768,true,"emerging","emerging",""","""
6676,PASS,352,352,true,2cef2567-0f06-40f2-993c-24c6fdb948d6,true,768,true,""",""","like","like"
6677,PASS,206,206,true,577ae461-8448-4f80-8146-9e8a25f60b55,true,768,true,"illustrious","illustrious",""","""
6678,PASS,367,367,true,9ab943be-9f86-4514-aa27-24a05eb3582b,true,768,true,"v","v","king","king"
6679,PASS,542,542,true,a207263d-b06e-4862-96fc-a3a5d9eb25dd,true,768,true,"who","who","alone","alone"
6680,PASS,500,500,true,4e71efc7-2d5c-4243-8788-9fb24317b013,true,768,true,"wrought","wrought","'","'"
6681,PASS,105,105,true,8f170466-96a0-48f5-b033-f3c93d2d213c,true,768,true,"hearing","hearing",""","""
6682,PASS,351,351,true,1893953d-8131-48aa-bae0-99890783eef8,true,768,true,"v","v","and","and"
6683,PASS,380,380,true,eddc59f3-f577-4439-84a9-f546027e8648,true,768,true,"protector","protector",""","""
6684,PASS,333,333,true,e38e30f0-8c3c-48eb-9d27-757c9f5b9e33,true,768,true,""",""","o","o"
6685,PASS,33,33,true,a21fdae5-3a5c-4dba-9461-33db63999a33,true,768,true,"vidura","vidura",""","""
6686,PASS,319,319,true,59a6f331-4f67-486c-809d-3f9c7fe9b756,true,768,true,""",""","gifts","gifts"
6687,PASS,130,130,true,854b7409-eeda-468d-91cb-10c0442a9803,true,768,true,"to","to",""","""
6688,PASS,330,330,true,6cc26c27-7d5f-43e4-ad48-197c4f456336,true,768,true,"v","v",".","."
6689,PASS,241,241,true,9c53c052-0505-490d-a01e-a18dc7778863,true,768,true,"when","when",""","""
6690,PASS,344,344,true,45a81dce-8848-433b-9246-2d5e32f7c1cf,true,768,true,"v","v","all","all"
6691,PASS,104,104,true,27ca2543-eabe-40fe-b319-64b2c9166a95,true,768,true,"accompany","accompany",""","""
6692,PASS,345,345,true,4ee65259-74a8-401e-9967-bcdab247b0ae,true,768,true,"v","v","my","my"
6693,PASS,554,554,true,9c17f421-0585-4b42-8d33-34bbf7e6b60e,true,768,true,"folly","folly","most","most"
6694,PASS,118,118,true,5c08cd8f-7f0f-412d-a582-d46dc2cec1d5,true,768,true,"revered","revered",""","""
6695,PASS,366,366,true,2a1fc5e2-42cc-47ee-b140-781b60c55017,true,768,true,""",""",".","."
6696,PASS,349,349,true,cf23f398-05c0-4f5c-99ac-9bde029182ed,true,768,true,"i","i",""","""
6697,PASS,324,324,true,e9ed402e-be1a-430f-90f5-55e4a9255807,true,768,true,"v","v",",",","
6698,PASS,364,364,true,e88664da-86cb-4743-bc00-e5c113aadc8c,true,768,true,"yudhishtira","yudhishtira",""","""
6699,PASS,323,323,true,593623f2-d04c-466c-ac69-61e9766c7156,true,768,true,"v","v",".","."
6700,PASS,202,202,true,7d991abf-ff71-424e-a741-accdce0a7228,true,768,true,"returning","returning",""","""
6701,PASS,315,315,true,74156085-bd0a-4681-b4db-f2a57aad5c33,true,768,true,"v","v","so","so"
6702,PASS,535,535,true,5b008f6a-1715-4b3d-9782-2cf0ef341081,true,768,true,"much","much","that","that"
6703,PASS,210,210,true,9bbd9478-1bf3-4e7b-a09f-1eac38a96033,true,768,true,"he","he",""","""
6704,PASS,336,336,true,251e25a7-84a6-46ba-8eb5-dc3f770726dd,true,768,true,"v","v","from","from"
6705,PASS,99,99,true,1ac19faf-2cbe-44ee-83ad-53eecb2a96f8,true,768,true,"the","the",""","""
6706,PASS,343,343,true,800816ff-249f-4245-9bd0-79ddfdffd3a6,true,768,true,"v","v","and","and"
6707,PASS,451,451,true,82121b73-f1ec-4b19-8d0d-6537aeae3640,true,768,true,"luxury","luxury",""","""
6708,PASS,321,321,true,a3516e55-bd67-4278-a9a6-9ae69838addb,true,768,true,"v","v",".","."
6709,PASS,199,199,true,a0d40012-63a6-44b1-af35-824a8d46819c,true,768,true,"the","the",""","""
6710,PASS,338,338,true,f54a9945-b56f-4930-bdc5-bea4f65ebfa5,true,768,true,"v","v",",",","
6711,PASS,183,183,true,6bb40aa7-5055-4da2-9c2e-e6492f3d8338,true,768,true,"aunt","aunt",""","""
6712,PASS,341,341,true,c5bf8afe-d6c5-4317-aa82-afdb123efcb1,true,768,true,"v","v","a","a"
6713,PASS,496,496,true,e9f6e389-2af8-46f5-af12-aa5e7dbbe7d2,true,768,true,"goddess","goddess",""","""
6714,PASS,350,350,true,839d4c26-f49a-456a-9e6c-aca38cf35200,true,768,true,""",""","his","his"
6715,PASS,548,548,true,36fb03b7-e7df-42b6-bbe6-d056073303e5,true,768,true,"own","own","yudhishtira","yudhishtira"
6716,PASS,307,307,true,83cd417b-ca67-484f-977c-a88c035d61bb,true,768,true,"sees","sees",""","""
6717,PASS,305,305,true,d27ecb40-c46d-468b-ae3a-a0fa1958e298,true,768,true,"v","v","and","and"
6718,PASS,426,426,true,b9017497-f35b-4ce7-b4aa-b908df23822f,true,768,true,"other","other",""","""
6719,PASS,316,316,true,642b3325-245f-49b5-910d-b3da0a40fac4,true,768,true,"v","v","?","?"
6720,PASS,448,448,true,3d72261d-e810-416f-a2e1-0129bdb6a460,true,768,true,"have","have",""","""
6721,PASS,282,282,true,5ba49ea7-c6be-4e6b-aada-65d7b013b776,true,768,true,"j","j",",",","
6722,PASS,545,545,true,c9497d05-864d-4994-a746-b5ac711452c2,true,768,true,"the","the","and","and"
6723,PASS,555,555,true,3188c666-22ab-4eb5-bf2a-8b9f0794a6a3,true,768,true,"sinful","sinful","her","her"
6724,PASS,23,23,true,47a23142-f748-4ac9-b72f-107bc5b6bce5,true,768,true,"head","head",""","""
6725,PASS,380,380,true,9a73fb83-e0f2-4d9d-aff8-18007da99d80,true,768,true,""",""","the","the"
6726,PASS,380,380,true,e318e219-5a11-4208-b43c-02bfaef2a73c,true,768,true,"brahmana","brahmana",""","""
6727,PASS,311,311,true,bef4880c-88c3-4431-bf8e-bba0ab7e5062,true,768,true,""",""","know","know"
6728,PASS,459,459,true,22a4d6f9-eadb-4a5d-a23b-cb876f0c3be1,true,768,true,"that","that",""","""
6729,PASS,337,337,true,3f96867b-8ba7-4ef0-91bb-e840ace5022b,true,768,true,"v","v",".","."
6730,PASS,238,238,true,37080022-2901-4fb8-848e-2f55d49a7c91,true,768,true,"every","every",""","""
6731,PASS,325,325,true,1e05ee55-6dd7-4c4d-bc73-6b3dd65780b4,true,768,true,"v","v","them","them"
6732,PASS,490,490,true,d6b3c63a-1af8-43d1-8ce4-a0017ac1a0f1,true,768,true,"return","return","'","'"
6733,PASS,328,328,true,0171defb-2854-45de-b3d7-3fe134f87978,true,768,true,"t","t","and","and"
6734,PASS,395,395,true,b903dd84-1205-4c6b-a78e-fa7ecef676b7,true,768,true,"characteristics","characteristics",""","""
6735,PASS,324,324,true,7548fa1b-459b-4fbc-9707-30b78754cc6b,true,768,true,"v","v","his","his"
6736,PASS,317,317,true,c510f10d-36f1-4298-83f8-2f6df5c66086,true,768,true,"sacrifice","sacrifice","'","'"
6737,PASS,311,311,true,7ee06e38-203e-4e5a-89aa-f6733a282457,true,768,true,"'","'","for","for"
6738,PASS,596,596,true,58646a7c-9aab-4f52-866a-9f0446a3550a,true,768,true,"more","more","your","your"
6739,PASS,544,544,true,47468f26-3629-4db6-a01d-befff2d9faf0,true,768,true,"tapasya","tapasya",".","."
6740,PASS,201,201,true,88c0aba8-0adc-4e3a-8c18-71e0b6ac9422,true,768,true,"dhritarashtra","dhritarashtra",""","""
6741,PASS,312,312,true,5027b88e-7df7-4402-b633-c12ed2f32641,true,768,true,"v","v","took","took"
6742,PASS,541,541,true,f40bf172-d3b2-41f6-a5cd-7b9b352ca95a,true,768,true,"with","with",""","""
6743,PASS,474,474,true,98bae33e-0606-454b-9a34-806713e5ff3f,true,768,true,"saying","saying",""","""
6744,PASS,345,345,true,be7b90d8-25d7-4ebe-9b57-d42d5d9c296f,true,768,true,""",""",".","."
6745,PASS,336,336,true,57df0da8-4174-4e07-9e4b-e07f57587b7d,true,768,true,"ah","ah",""","""
6746,PASS,360,360,true,2a0dcc53-a026-41c8-9600-a522a094842b,true,768,true,""",""","all","all"
6747,PASS,486,486,true,908a439c-74f8-4fa9-a998-cd7289585cd9,true,768,true,"join","join",",",","
6748,PASS,51,51,true,6b0d011c-4fa2-447d-9fce-f7060b9b32b0,true,768,true,"he","he","parva","parva"
6749,PASS,4,4,true,a51d4319-4e9d-4d7e-8824-1e915b6f671b,true,768,true,"book","book","parva","parva"
6750,PASS,330,330,true,54048e2d-fe82-430b-8af0-760146d97621,true,768,true,"a","a","they","they"
6751,PASS,548,548,true,48fcecb9-79af-4e9f-a419-282f85d1eae9,true,768,true,"hear","hear","other","other"
6752,PASS,64,64,true,30ea9633-d895-49ac-9e01-0a4e8f5b6b86,true,768,true,"intoxicating","intoxicating",""","""
6753,PASS,326,326,true,b194cda6-8afa-4d56-a214-cf406732454f,true,768,true,"v","v","their","their"
6754,PASS,402,402,true,0ef0e2a1-3512-46d5-b94c-798b956fb8e5,true,768,true,"wives","wives",""","""
6755,PASS,330,330,true,5a293058-ac4e-4a50-8f0c-6591431d10ec,true,768,true,"v","v","with","with"
6756,PASS,482,482,true,037435bc-33b2-4381-a2cb-c727ab06eb1c,true,768,true,"splendour","splendour",".","."
6757,PASS,519,519,true,585e820a-f462-4c30-8db2-dacee53b665f,true,768,true,"satyaki","satyaki","the","the"
6758,PASS,99,99,true,93da4ece-52a1-41f7-85de-57f009c49371,true,768,true,"ground","ground",""","""
6759,PASS,379,379,true,824e457f-42ac-4b6f-90fb-e1fa23a71c00,true,768,true,"v","v","forest","forest"
6760,PASS,500,500,true,30f3a707-d89c-40c9-826a-c84c7c51cfe7,true,768,true,"and","and",".","."
6761,PASS,318,318,true,4a5cdc65-e5f1-4c3e-817d-03ad20c3a03b,true,768,true,"there","there",""","""
6762,PASS,318,318,true,9df1c663-7bef-4f99-a25c-54349e6aa557,true,768,true,"v","v",".","."
6763,PASS,142,142,true,a2c23581-38e5-4f64-a743-f408f29bc416,true,768,true,"now","now",""","""
6764,PASS,365,365,true,8dfcd47a-77af-4327-acc2-7bd8c08d0a7c,true,768,true,"v","v","rulers","rulers"
6765,PASS,495,495,true,111830fb-88f9-46a1-8afa-6af2f0994802,true,768,true,"assembled","assembled",""","""
6766,PASS,360,360,true,d4d4e0f7-b0b8-40ae-847a-2cf1658776e5,true,768,true,"v","v",".","."
6767,PASS,509,509,true,9c564a2c-0b17-4363-838a-84e5465ad712,true,768,true,"at","at",".","."
6768,PASS,490,490,true,4926f363-86ab-442c-aebe-e7642376af32,true,768,true,"at","at","the","the"
6769,PASS,508,508,true,a39fb72a-7dae-4195-9a83-d5e8f26f437d,true,768,true,"women","women","last","last"
6770,PASS,334,334,true,620f2ad4-3d57-4c0f-9086-b9d4e86b6557,true,768,true,"he","he",""","""
6771,PASS,347,347,true,67f17298-9e9d-446a-a45c-b8dc00ef51e5,true,768,true,"v","v","of","of"
6772,PASS,555,555,true,1e922dcd-deb1-43ee-97bc-aa0ee3baf4ea,true,768,true,"iron","iron",".","."
6773,PASS,430,430,true,22ae6586-649c-4cfb-be75-7f1f3e5b3b02,true,768,true,"that","that","parva","parva"
6774,PASS,4,4,true,06be4b50-d265-48c7-a0b5-d16ed960668c,true,768,true,"book","book","parva","parva"
6775,PASS,348,348,true,0b1c4c5f-7fc5-4920-8e01-91d70b9e16b2,true,768,true,"a","a","brother","brother"
6776,PASS,497,497,true,4c1cb157-3d97-4b83-9480-bc81a0fa03e8,true,768,true,"vasudeva","vasudeva","the","the"
6777,PASS,509,509,true,461a3ecd-dc23-4886-b2fd-380985c683ee,true,768,true,"elephant","elephant",".","."
6778,PASS,91,91,true,88a6c19b-8905-4611-8ba0-e34794154a01,true,768,true,"now","now",""","""
6779,PASS,310,310,true,8bfba68a-e7d1-4b3f-a8bc-d384a3bf73b5,true,768,true,"v","v",".","."
6780,PASS,448,448,true,b928646e-e0ef-4aef-a1e9-ba5ec2cceb33,true,768,true,"then","then",""","""
6781,PASS,373,373,true,a04e4111-ab38-4ffb-b33b-f4f721410c48,true,768,true,"v","v","'","'"
6782,PASS,543,543,true,0a099f58-d7a3-4cb3-b2b8-fed1aa36d434,true,768,true,"yudhishtira","yudhishtira","have","have"
6783,PASS,425,425,true,4a5716cd-0871-4491-a0dc-30d468eaf9f1,true,768,true,"won","won","parva","parva"
6784,PASS,4,4,true,70bc617d-ed78-4326-8b73-5925e6d4f951,true,768,true,"book","book","parva","parva"
6785,PASS,333,333,true,5b1dab1c-1f98-4dec-90ef-760eca253182,true,768,true,"a","a","he","he"
6786,PASS,403,403,true,1c93c1f6-e90b-4e5a-8f95-83f589bc1579,true,768,true,"is","is",""","""
6787,PASS,360,360,true,543b5624-ef27-4bd5-a0a3-75edda06f66d,true,768,true,""",""","the","the"
6788,PASS,526,526,true,acdc6024-f304-453c-b0a7-476d9f2f45e6,true,768,true,"princess","princess","very","very"
6789,PASS,429,429,true,7e703cf3-bafb-4f89-9456-9ba0b996d114,true,768,true,"place","place","noble","noble"
6790,PASS,267,267,true,7a1bf00a-4e8b-4c45-a4f3-4623431b5d34,true,768,true,"deed","deed",""","""
6791,PASS,326,326,true,af9d28b6-7420-4211-9136-68c7b842df2e,true,768,true,"v","v",".","."
6792,PASS,515,515,true,3cd2e706-a5c7-42f5-a60f-7a7310607099,true,768,true,"it","it","be","be"
6793,PASS,486,486,true,1fca2a59-e0b0-4d4e-aa25-f988d9da76ca,true,768,true,"free","free",""","""
6794,PASS,338,338,true,abc199c6-8d09-4b4a-958f-f926697414dc,true,768,true,"v","v","and","and"
6795,PASS,349,349,true,a050602e-cdd8-41f7-8c1f-94c627fcea23,true,768,true,"all","all",""","""
6796,PASS,324,324,true,017fe194-125e-45bf-972a-610745542f41,true,768,true,"j","j",".","."
6797,PASS,470,470,true,a3cabcb0-ccaf-4b27-8324-e963ef2c40ee,true,768,true,"drona","drona",".","."
6798,PASS,480,480,true,f84d5bbd-f2eb-4081-aa91-29e8f8d964fd,true,768,true,"some","some",".","."
6799,PASS,487,487,true,b011f72f-5a15-4ff8-ab1a-ec5c3a6534f6,true,768,true,"the","the","occasions","occasions"
6800,PASS,268,268,true,175f60a1-c5a6-4ab0-81c0-72d08fed9b89,true,768,true,"for","for",".","."
6801,PASS,353,353,true,de2d63e6-86ce-40ce-bcd5-a930f38028ca,true,768,true,"j","j","duly","duly"
6802,PASS,485,485,true,cc54cffc-c14b-4020-a0c6-99f67eeaa091,true,768,true,"listened","listened",".","."
6803,PASS,484,484,true,c430a6f9-690d-461a-801f-e3d897161dd8,true,768,true,"bowing","bowing","nupuras","nupuras"
6804,PASS,502,502,true,6b1d6bae-d714-4cf8-be91-4683320abb4d,true,768,true,"around","around","after","after"
6805,PASS,438,438,true,9caf7571-d33d-4421-a24d-116ec79d8096,true,768,true,"ascertaining","ascertaining",".","."
6806,PASS,420,420,true,bd2776fc-45de-4a89-8adf-93a6be8022f5,true,768,true,"during","during","be","be"
6807,PASS,477,477,true,fc993fe7-b3a2-4204-ae56-24bab2193f78,true,768,true,"gratified","gratified","and","and"
6808,PASS,450,450,true,b588bffd-b8d4-44e3-a3e8-684f996069a3,true,768,true,"endued","endued",".","."